treinador,clube,id_clube,funcao,interino,inicio,fim,em_curso,dias,jogos_tm,ppj_tm
Eduardo Baptista,AA Ponte Preta,1134,Treinador,0,2017-09-20,2018-03-09,0,170,28,0.96
João Brigatti,AA Ponte Preta,1134,Treinador interino,1,2018-03-10,2018-09-02,0,176,21,1.76
Doriva,AA Ponte Preta,1134,Treinador,0,2018-03-23,2018-05-29,0,67,14,1.07
Marcelo Chamusca,AA Ponte Preta,1134,Treinador,0,2018-09-02,2018-09-26,0,24,5,0.60
Gilson Kleina,AA Ponte Preta,1134,Treinador,0,2018-10-03,2018-12-04,0,62,9,2.56
Mazola Júnior,AA Ponte Preta,1134,Treinador,0,2018-12-06,2019-02-06,0,62,5,1.00
Jorginho,AA Ponte Preta,1134,Treinador,0,2019-02-08,2019-08-25,0,198,31,1.58
Gilson Kleina,AA Ponte Preta,1134,Treinador,0,2019-08-29,2020-02-18,0,173,26,1.12
João Brigatti,AA Ponte Preta,1134,Treinador,0,2020-02-20,2020-10-05,0,228,26,1.58
Fábio Moreno,AA Ponte Preta,1134,Treinador interino,1,2020-10-05,2020-10-08,0,3,0,-
Marcelo Oliveira,AA Ponte Preta,1134,Treinador,0,2020-10-08,2020-12-11,0,64,14,1.14
Fábio Moreno,AA Ponte Preta,1134,Treinador interino,1,2020-12-12,2021-05-22,0,161,18,1.33
Gilson Kleina,AA Ponte Preta,1134,Treinador,0,2021-06-01,2022-02-20,0,264,45,1.24
Ivo Secchi,AA Ponte Preta,1134,Treinador interino,1,2022-02-21,2022-02-24,0,3,0,-
Hélio dos Anjos,AA Ponte Preta,1134,Treinador,0,2022-02-25,2023-04-18,0,417,45,1.20
Felipe Moreira,AA Ponte Preta,1134,Treinador,0,2023-04-19,2023-07-23,0,95,17,1.29
Pintado,AA Ponte Preta,1134,Treinador,0,2023-07-25,2023-10-04,0,71,11,1.00
João Brigatti,AA Ponte Preta,1134,Treinador,0,2023-10-05,2024-05-27,0,235,28,1.14
Nelsinho Baptista,AA Ponte Preta,1134,Treinador,0,2024-05-29,2024-10-21,0,145,25,1.16
Nenê Santana,AA Ponte Preta,1134,Treinador,0,2024-10-22,2024-11-06,0,15,3,1.00
Edson Boaro,AA Ponte Preta,1134,Treinador,0,2024-10-22,2024-10-26,0,4,0,-
Alberto Valentim,AA Ponte Preta,1134,Treinador,0,2024-11-29,2025-08-11,0,255,28,1.64
Marcelo Fernandes,AA Ponte Preta,1134,Treinador,0,2025-08-12,2026-02-16,0,188,19,1.42
Rodrigo Santana,AA Ponte Preta,1134,Treinador,0,2026-02-23,2026-05-26,0,92,11,0.91
Edson Boaro,AA Ponte Preta,1134,Treinador interino,1,2026-05-30,2026-06-11,0,12,2,0.50
Márcio Zanardi,AA Ponte Preta,1134,Treinador,0,2026-06-11,2026-08-26,0,76,12,0.17
Gilson Kleina,AA Ponte Preta,1134,Treinador,0,2026-08-28,,1,,4,0.00
Ranielle Ribeiro,ABC FC,7209,Treinador,0,2017-10-18,2019-05-13,0,572,54,1.50
Sérgio Soares,ABC FC,7209,Treinador,0,2019-05-15,2019-06-10,0,26,4,0.00
Roberto Fernandes,ABC FC,7209,Treinador,0,2019-06-12,2019-11-30,0,171,11,1.27
Francisco Diá,ABC FC,7209,Treinador,0,2019-09-24,2020-12-16,0,449,26,1.50
Sílvio Criciúma,ABC FC,7209,Treinador,0,2021-02-04,2021-04-22,0,77,12,1.42
Moacir Júnior,ABC FC,7209,Treinador,0,2021-04-26,2022-03-18,0,326,44,1.95
Fernando Marchiori,ABC FC,7209,Treinador,0,2022-03-29,2023-05-15,0,412,66,1.73
Jonydei Matos,ABC FC,7209,Treinador interino,1,2023-05-16,2023-05-23,0,7,2,0.50
Allan Aal,ABC FC,7209,Treinador,0,2023-05-24,2023-09-04,0,103,18,0.67
Argel Fuchs,ABC FC,7209,Treinador,0,2023-09-04,2023-11-22,0,79,11,0.82
Jonydei Matos,ABC FC,7209,Treinador interino,1,2023-11-23,2023-12-01,0,8,0,-
Rafael Lacerda,ABC FC,7209,Treinador,0,2023-11-24,2024-03-11,0,108,9,1.56
Marcelo Cabo,ABC FC,7209,Treinador,0,2024-03-11,2024-04-28,0,48,6,0.67
Roberto Fonseca,ABC FC,7209,Treinador,0,2024-05-02,2024-08-28,0,118,17,1.24
Ney Franco,ABC FC,7209,Treinador,0,2024-11-15,2025-02-23,0,100,9,1.89
Evaristo Piza,ABC FC,7209,Treinador,0,2025-02-27,2025-06-29,0,122,14,1.07
Rodrigo Santana,ABC FC,7209,Treinador,0,2025-07-02,2025-08-18,0,47,7,1.00
Jonydei Matos,ABC FC,7209,Treinador interino,1,2025-08-29,2025-09-01,0,3,1,0.00
Marcelo Chamusca,ABC FC,7209,Treinador,0,2025-12-08,2026-03-22,0,104,12,1.83
Gilmar,ABC FC,7209,Treinador interino,1,2026-03-24,,1,,1,1.00
Waguinho Dias,ABC FC,7209,Treinador,0,2026-03-26,2026-09-01,0,159,27,1.96
João Burse,ABC FC,7209,Treinador,0,2026-09-03,,1,,0,-
Aílton Silva,AD Confiança,3280,Treinador,0,2017-08-02,2018-02-19,0,201,11,1.36
Luizinho Lopes,AD Confiança,3280,Treinador,0,2018-02-21,2018-07-23,0,152,21,1.29
Betinho,AD Confiança,3280,Treinador,0,2018-07-25,2019-03-11,0,229,8,1.38
Daniel Paulista,AD Confiança,3280,Treinador,0,2019-03-12,2020-02-15,0,340,30,1.40
Matheus Costa,AD Confiança,3280,Treinador,0,2020-02-16,2020-09-16,0,213,15,1.00
Daniel Paulista,AD Confiança,3280,Treinador,0,2020-09-17,2021-05-10,0,235,49,1.37
Rodrigo Santana,AD Confiança,3280,Treinador,0,2021-05-26,2021-07-26,0,61,14,0.71
Zé Carlos,AD Confiança,3280,Treinador interino,1,2021-07-27,2021-08-30,0,34,7,0.43
Luizinho Lopes,AD Confiança,3280,Treinador,0,2021-08-31,2022-04-13,0,225,31,1.48
Felipe Loureiro,AD Confiança,3280,Treinador,0,2022-04-19,2022-06-20,0,62,8,1.13
Vinícius Eutrópio,AD Confiança,3280,Treinador,0,2022-06-23,2023-07-17,0,389,32,1.75
Luizinho Vieira,AD Confiança,3280,Treinador,0,2023-07-21,2023-09-12,0,53,6,2.00
Paulo Massaro,AD Confiança,3280,Treinador,0,2023-11-08,2024-02-29,0,113,2,0.00
Gerson Gusmão,AD Confiança,3280,Treinador,0,2024-03-11,2024-06-17,0,98,8,1.00
Mazola Júnior,AD Confiança,3280,Treinador,0,2024-06-19,2024-10-10,0,113,11,1.27
Waguinho Dias,AD Confiança,3280,Treinador,0,2024-12-03,2025-04-29,0,147,21,1.76
Luizinho Vieira,AD Confiança,3280,Treinador,0,2025-05-23,2026-02-02,0,255,24,1.58
Ricardo Resende,AD Confiança,3280,Treinador interino,1,2026-02-05,2026-02-23,0,18,5,2.60
Cláudio Caçapa,AD Confiança,3280,Treinador,0,2026-02-24,2026-05-16,0,81,20,1.05
Thiago Gomes,AD Confiança,3280,Treinador,0,2026-05-21,2026-07-22,0,62,7,0.71
Ricardo Resende,AD Confiança,3280,Treinador,0,2026-07-24,,1,,5,0.40
Ruy Scarpino,Amazonas FC,87727,Treinador,0,2020-08-17,2021-03-03,0,198,0,-
Rodney Gonçalves,Amazonas FC,87727,Treinador,0,2022-01-01,2022-04-03,0,92,11,1.64
Rafael Lacerda,Amazonas FC,87727,Treinador,0,2022-04-13,2023-09-11,0,516,56,1.88
Luizinho Vieira,Amazonas FC,87727,Treinador,0,2023-09-15,2024-04-16,0,214,11,2.36
Adilson Batista,Amazonas FC,87727,Treinador,0,2024-04-19,2024-05-23,0,34,8,0.63
Rafael Lacerda,Amazonas FC,87727,Treinador,0,2024-05-27,2024-11-19,0,176,31,1.42
Ibson,Amazonas FC,87727,Treinador interino,1,2024-11-20,2024-12-31,0,41,1,3.00
Aderbal Lana,Amazonas FC,87727,Treinador,0,2025-01-07,2025-02-22,0,46,3,1.00
Eduardo Barros,Amazonas FC,87727,Treinador,0,2025-02-23,2025-04-20,0,56,4,0.50
Ibson,Amazonas FC,87727,Treinador interino,1,2025-04-20,2025-04-22,0,2,1,0.00
Guilherme Alves,Amazonas FC,87727,Treinador,0,2025-04-23,2025-07-06,0,74,11,1.18
Márcio Zanardi,Amazonas FC,87727,Treinador,0,2025-07-08,2025-10-29,0,113,19,0.95
Aderbal Lana,Amazonas FC,87727,Treinador,0,2025-10-30,2025-12-31,0,62,4,1.00
Márcio Fernandes,Amazonas FC,87727,Treinador,0,2026-01-05,2026-03-13,0,67,2,1.50
Cristian de Souza,Amazonas FC,87727,Treinador,0,2026-03-15,2026-05-13,0,59,10,2.00
Bebeto Sauthier,Amazonas FC,87727,Treinador,0,2026-05-14,,1,,2,0.00
Rodrigo Santana,Amazonas FC,87727,Treinador,0,2026-05-29,,1,,11,1.18
Enderson Moreira,América Mineiro,2863,Treinador,0,2016-07-20,2018-06-17,0,697,107,1.45
Ricardo Drubscky,América Mineiro,2863,Treinador,0,2018-06-20,2018-07-23,0,33,2,0.00
Adilson Batista,América Mineiro,2863,Treinador,0,2018-07-24,2018-11-10,0,109,19,1.05
Givanildo Oliveira,América Mineiro,2863,Treinador,0,2018-11-11,2019-05-01,0,171,23,1.39
Maurício Barbieri,América Mineiro,2863,Treinador,0,2019-05-06,2019-07-15,0,70,7,0.71
Felipe Conceição,América Mineiro,2863,Treinador,0,2019-07-19,2020-01-24,0,189,30,1.90
Lisca,América Mineiro,2863,Treinador,0,2020-01-31,2021-06-14,0,500,82,1.84
Cauan de Almeida,América Mineiro,2863,Treinador interino,1,2021-06-15,2021-06-22,0,7,2,0.50
Vagner Mancini,América Mineiro,2863,Treinador,0,2021-06-23,2021-10-14,0,113,21,1.43
Diogo Giacomini,América Mineiro,2863,Treinador interino,1,2021-10-15,2021-10-19,0,4,1,1.00
Marquinhos Santos,América Mineiro,2863,Treinador,0,2021-10-20,2022-04-10,0,172,28,1.64
Vagner Mancini,América Mineiro,2863,Treinador,0,2022-04-13,2023-08-07,0,481,94,1.40
Fabián Bustos,América Mineiro,2863,Treinador,0,2023-08-08,2023-11-09,0,93,19,0.74
Diogo Giacomini,América Mineiro,2863,Treinador,0,2023-11-24,2023-12-07,0,13,4,0.75
Cauan de Almeida,América Mineiro,2863,Treinador,0,2023-12-20,2024-08-27,0,251,34,1.65
Lisca,América Mineiro,2863,Treinador,0,2024-08-29,2024-11-19,0,82,14,1.43
Diogo Giacomini,América Mineiro,2863,Treinador,0,2024-11-20,2024-12-31,0,41,0,-
William Batista,América Mineiro,2863,Treinador,0,2025-01-01,2025-06-02,0,152,23,1.43
Enderson Moreira,América Mineiro,2863,Treinador,0,2025-06-03,2025-08-11,0,69,9,0.78
Alberto Valentim,América Mineiro,2863,Treinador,0,2025-08-12,2026-04-13,0,244,35,1.31
Diogo Giacomini,América Mineiro,2863,Treinador interino,1,2026-04-07,2026-04-09,0,2,1,1.00
Roger Silva,América Mineiro,2863,Treinador,0,2026-04-13,2026-05-31,0,48,9,0.89
Umberto Louzer,América Mineiro,2863,Treinador,0,2026-06-03,2026-08-21,0,79,11,0.64
Douglas Leite,América Mineiro,2863,Treinador interino,1,2026-08-24,,1,,5,1.20
Cícero Júnior,Athletic Club,64918,Treinador,0,2020-08-27,2021-04-07,0,223,8,1.13
Gustavo Brancão,Athletic Club,64918,Treinador,0,2021-04-08,2021-06-30,0,83,4,1.00
Roger Silva,Athletic Club,64918,Treinador,0,2021-10-14,2022-03-31,0,168,14,1.86
Roger Silva,Athletic Club,64918,Treinador,0,2022-12-08,2023-03-24,0,106,11,1.73
Cícero Júnior,Athletic Club,64918,Treinador,0,2023-04-03,2023-09-21,0,171,22,1.77
Rodrigo Santana,Athletic Club,64918,Treinador,0,2023-12-09,2024-03-05,0,87,9,1.78
Roger Silva,Athletic Club,64918,Treinador,0,2024-03-08,2025-06-02,0,451,56,1.59
Rui Duarte,Athletic Club,64918,Treinador,0,2025-06-04,2026-02-17,0,258,34,1.24
Rodrigo Rojas,Athletic Club,64918,Treinador interino,1,2025-06-06,2025-06-09,0,3,0,-
Alex,Athletic Club,64918,Treinador,0,2026-02-21,,1,,33,1.48
Fernando Diniz,Athletico Paranaense,679,Treinador,0,2018-01-03,2018-06-25,0,173,23,1.30
Tiago Nunes,Athletico Paranaense,679,Treinador,0,2018-06-26,2019-11-05,0,497,86,1.80
Rafael Guanaes,Athletico Paranaense,679,Treinador,0,2019-01-01,2019-05-01,0,120,15,1.93
Eduardo Barros,Athletico Paranaense,679,Treinador interino,1,2019-11-06,2020-12-10,0,400,30,1.67
Dorival Júnior,Athletico Paranaense,679,Treinador,0,2020-01-01,2020-08-28,0,240,17,1.76
Eduardo Barros,Athletico Paranaense,679,Treinador interino,1,2020-08-28,2020-10-23,0,56,14,1.21
Paulo Autuori,Athletico Paranaense,679,Treinador,0,2020-10-23,2021-03-12,0,140,25,1.52
António Oliveira,Athletico Paranaense,679,Treinador,0,2021-03-13,2021-09-09,0,180,39,1.74
Alberto Valentim,Athletico Paranaense,679,Treinador,0,2021-10-05,2022-04-10,0,187,36,1.25
Fábio Carille,Athletico Paranaense,679,Treinador,0,2022-04-14,2022-05-04,0,20,7,1.29
Wesley Carvalho,Athletico Paranaense,679,Treinador interino,1,2022-05-04,2022-05-09,0,5,1,3.00
Luiz Felipe Scolari,Athletico Paranaense,679,Treinador,0,2022-05-09,2022-11-14,0,189,47,1.70
Paulo Turra,Athletico Paranaense,679,Treinador,0,2022-11-13,2023-06-16,0,215,36,2.28
Wesley Carvalho,Athletico Paranaense,679,Treinador,0,2023-06-17,2023-12-31,0,197,31,1.29
Juan Carlos Osorio,Athletico Paranaense,679,Treinador,0,2024-01-04,2024-03-04,0,60,11,2.00
Francisco Londoño,Athletico Paranaense,679,Treinador interino,1,2024-02-09,2024-02-11,0,2,1,3.00
Cuca,Athletico Paranaense,679,Treinador,0,2024-03-04,2024-06-24,0,112,22,2.05
Daniel Cerqueira,Athletico Paranaense,679,Treinador interino,1,2024-06-17,2024-06-20,0,3,1,1.00
Juca,Athletico Paranaense,679,Treinador interino,1,2024-06-26,2024-07-12,0,16,5,1.20
Martín Varini,Athletico Paranaense,679,Treinador,0,2024-07-12,2024-09-23,0,73,19,1.53
Lucho González,Athletico Paranaense,679,Treinador,0,2024-09-24,2024-12-11,0,78,14,0.79
Maurício Barbieri,Athletico Paranaense,679,Treinador,0,2024-12-16,2025-05-04,0,139,24,1.79
João Correia,Athletico Paranaense,679,Treinador interino,1,2025-05-05,2025-05-22,0,17,3,1.33
Odair Hellmann,Athletico Paranaense,679,Treinador,0,2025-05-22,,1,,67,1.64
João Correia,Athletico Paranaense,679,Treinador,0,2026-01-05,2026-02-16,0,42,6,2.33
João Paulo Sanches,Atlético Goianiense,15172,Treinador,0,2017-12-04,2018-01-29,0,56,4,0.50
Claudio Tencati,Atlético Goianiense,15172,Treinador,0,2018-01-30,2018-10-13,0,256,42,1.45
Wagner Lopes,Atlético Goianiense,15172,Treinador,0,2018-10-14,2019-10-13,0,364,56,1.95
Eduardo Souza,Atlético Goianiense,15172,Treinador interino,1,2019-10-15,2019-10-17,0,2,1,1.00
Eduardo Barroca,Atlético Goianiense,15172,Treinador,0,2019-10-17,2019-12-01,0,45,9,1.56
Cristóvão Borges,Atlético Goianiense,15172,Treinador,0,2020-01-20,2020-02-26,0,37,7,2.00
Vagner Mancini,Atlético Goianiense,15172,Treinador,0,2020-06-25,2020-10-12,0,109,18,1.17
Eduardo Souza,Atlético Goianiense,15172,Treinador interino,1,2020-10-13,2020-11-11,0,29,7,0.71
Marcelo Cabo,Atlético Goianiense,15172,Treinador,0,2020-11-12,2021-03-01,0,109,22,1.77
João Paulo Sanches,Atlético Goianiense,15172,Treinador interino,1,2021-03-01,2021-04-05,0,35,7,3.00
Jorginho,Atlético Goianiense,15172,Treinador,0,2021-04-06,2021-05-16,0,40,13,2.00
Eduardo Souza,Atlético Goianiense,15172,Treinador interino,1,2021-05-17,2021-05-27,0,10,2,1.00
Eduardo Barroca,Atlético Goianiense,15172,Treinador,0,2021-05-28,2021-09-28,0,123,25,1.28
Eduardo Souza,Atlético Goianiense,15172,Treinador interino,1,2021-10-01,2021-11-11,0,41,9,1.11
Marcelo Cabo,Atlético Goianiense,15172,Treinador,0,2021-11-12,2022-02-07,0,87,11,2.00
Eduardo Souza,Atlético Goianiense,15172,Treinador interino,1,2022-01-01,2022-02-20,0,50,5,1.80
Eduardo Souza,Atlético Goianiense,15172,Treinador interino,1,2022-02-17,2022-02-23,0,6,1,0.00
Umberto Louzer,Atlético Goianiense,15172,Treinador,0,2022-02-23,2022-05-15,0,81,22,1.82
Jorginho,Atlético Goianiense,15172,Treinador,0,2022-05-20,2022-08-28,0,100,27,1.33
Eduardo Baptista,Atlético Goianiense,15172,Treinador,0,2022-08-31,2022-09-29,0,29,6,0.50
Eduardo Souza,Atlético Goianiense,15172,Treinador,0,2022-09-30,2023-03-03,0,154,23,1.87
Mozart,Atlético Goianiense,15172,Treinador,0,2023-03-14,2023-05-01,0,48,7,1.57
Anderson Gomes,Atlético Goianiense,15172,Treinador interino,1,2023-05-01,2023-05-05,0,4,1,3.00
Alberto Valentim,Atlético Goianiense,15172,Treinador,0,2023-05-05,2023-07-11,0,67,12,1.25
Anderson Gomes,Atlético Goianiense,15172,Treinador,0,2023-07-12,2023-07-26,0,14,3,1.33
Jair Ventura,Atlético Goianiense,15172,Treinador,0,2023-07-27,2024-06-21,0,330,50,2.00
Anderson Gomes,Atlético Goianiense,15172,Treinador,0,2024-06-21,2024-07-08,0,17,5,0.60
Vagner Mancini,Atlético Goianiense,15172,Treinador,0,2024-07-08,2024-08-05,0,28,7,0.29
Umberto Louzer,Atlético Goianiense,15172,Treinador,0,2024-08-05,2024-10-29,0,85,11,0.91
Anderson Gomes,Atlético Goianiense,15172,Treinador,0,2024-10-30,2024-12-25,0,56,7,1.14
Rafael Guanaes,Atlético Goianiense,15172,Treinador,0,2024-12-26,2025-03-03,0,67,13,1.77
Anderson Gomes,Atlético Goianiense,15172,Treinador interino,1,2025-03-03,2025-04-03,0,31,3,1.33
Claudio Tencati,Atlético Goianiense,15172,Treinador,0,2025-03-14,2025-05-13,0,60,8,1.25
Anderson Gomes,Atlético Goianiense,15172,Treinador interino,1,2025-05-14,2025-05-19,0,5,1,1.00
Fábio Matias,Atlético Goianiense,15172,Treinador,0,2025-05-20,2025-07-19,0,60,9,1.22
Rafael Lacerda,Atlético Goianiense,15172,Treinador,0,2025-07-21,2026-03-09,0,231,35,1.57
Eduardo Souza,Atlético Goianiense,15172,Treinador,0,2026-03-10,2026-06-14,0,96,20,1.40
Renan Brito,Atlético Goianiense,15172,Treinador interino,1,2026-03-25,2026-03-27,0,2,1,3.00
William Sander,Atlético Goianiense,15172,Treinador interino,1,2026-03-27,2026-04-18,0,22,2,0.50
Renan Brito,Atlético Goianiense,15172,Treinador interino,1,2026-06-16,2026-07-06,0,20,3,1.33
Roger Silva,Atlético Goianiense,15172,Treinador,0,2026-07-07,,1,,12,2.08
Claudinei Oliveira,Avaí FC,2035,Treinador,0,2016-08-24,2018-04-19,0,603,102,1.57
Geninho,Avaí FC,2035,Treinador,0,2018-04-19,2019-06-17,0,424,70,1.66
Alberto Valentim,Avaí FC,2035,Treinador,0,2019-06-18,2019-10-12,0,116,15,0.87
Evando,Avaí FC,2035,Treinador interino,1,2019-10-12,2019-12-10,0,59,14,0.21
Augusto Inácio,Avaí FC,2035,Treinador,0,2019-12-18,2020-02-14,0,58,6,1.17
Rodrigo Santana,Avaí FC,2035,Treinador,0,2020-02-16,2020-08-01,0,167,6,1.83
Geninho,Avaí FC,2035,Treinador,0,2020-08-05,2020-12-04,0,121,26,1.42
Evando,Avaí FC,2035,Treinador interino,1,2020-12-04,2020-12-10,0,6,1,0.00
Claudinei Oliveira,Avaí FC,2035,Treinador,0,2020-12-10,2022-02-07,0,424,74,1.70
Eduardo Barroca,Avaí FC,2035,Treinador,0,2022-02-15,2022-09-12,0,209,34,1.00
Lisca,Avaí FC,2035,Treinador,0,2022-09-16,2022-10-24,0,38,7,0.43
Fabrício Bento,Avaí FC,2035,Treinador interino,1,2022-10-29,2022-12-31,0,63,4,1.75
Alex,Avaí FC,2035,Treinador,0,2023-01-01,2023-05-04,0,123,18,1.17
Marquinhos,Avaí FC,2035,Treinador interino,1,2023-05-05,2023-05-15,0,10,2,1.50
Gustavo Morínigo,Avaí FC,2035,Treinador,0,2023-05-16,2023-07-03,0,48,9,0.56
Eduardo Barroca,Avaí FC,2035,Treinador,0,2023-07-07,2024-04-27,0,295,40,1.45
Marquinhos,Avaí FC,2035,Treinador,0,2024-05-02,2024-05-05,0,3,1,1.00
Gilmar Dal Pozzo,Avaí FC,2035,Treinador,0,2024-05-06,2024-08-05,0,91,16,1.50
Enderson Moreira,Avaí FC,2035,Treinador,0,2024-08-05,2025-03-24,0,231,34,1.59
Jair Ventura,Avaí FC,2035,Treinador,0,2025-03-31,2025-09-22,0,175,27,1.37
Vinícius,Avaí FC,2035,Treinador,0,2025-09-25,2025-11-28,0,64,10,1.60
Cauan de Almeida,Avaí FC,2035,Treinador,0,2025-12-02,2026-07-06,0,216,37,1.41
Ramon Lima,Avaí FC,2035,Treinador interino,1,2026-03-24,2026-03-26,0,2,1,0.00
Allan Aal,Avaí FC,2035,Treinador,0,2026-07-09,,1,,12,1.42
Sidney Moraes,Boa EC,17561,Treinador,0,2017-11-09,2018-05-06,0,178,22,1.14
Daniel Paulista,Boa EC,17561,Treinador,0,2018-05-07,2018-06-24,0,48,8,0.75
Ney da Matta,Boa EC,17561,Treinador,0,2018-06-26,2018-10-09,0,105,18,1.11
Tuca Guimarães,Boa EC,17561,Treinador,0,2018-10-09,2019-02-25,0,139,16,0.75
Cesinha,Boa EC,17561,Treinador,0,2019-03-01,2019-04-08,0,38,7,2.00
Paulo Foiani,Boa EC,17561,Treinador,0,2019-04-22,2019-07-10,0,79,11,0.91
Nedo Xavier,Boa EC,17561,Treinador,0,2019-07-11,2020-08-24,0,410,24,1.13
Sidney Moraes,Boa EC,17561,Treinador,0,2020-08-28,2020-10-05,0,38,6,0.50
Ariel Mamede,Boa EC,17561,Treinador,0,2020-10-09,2021-03-29,0,171,14,0.86
Gabardo Junior,Boa EC,17561,Treinador,0,2021-03-30,2022-07-07,0,464,22,1.32
Tuca Guimarães,Boa EC,17561,Treinador,0,2022-07-08,2022-08-08,0,31,0,-
Nedo Xavier,Boa EC,17561,Treinador,0,2023-05-05,,1,,0,-
Wilson Júnior,Boa EC,17561,Treinador,0,2024-05-03,2024-05-27,0,24,0,-
Rogério Henrique,Boa EC,17561,Treinador,0,2024-06-05,2024-06-24,0,19,0,-
Alan George,Boa EC,17561,Treinador,0,2026-05-29,2026-07-03,0,35,0,-
Marcos Valadares,Boa EC,17561,Treinador,0,2026-07-17,2026-07-28,0,11,0,-
Léo Condé,Botafogo FC,9030,Treinador,0,2017-10-09,2019-02-16,0,495,43,1.40
Roberto Cavalo,Botafogo FC,9030,Treinador,0,2019-02-19,2019-08-06,0,168,21,1.48
Émerson Nunes,Botafogo FC,9030,Treinador interino,1,2019-08-09,2019-08-13,0,4,1,1.00
Hemerson Maria,Botafogo FC,9030,Treinador,0,2019-08-14,2019-12-03,0,111,23,1.13
Wagner Lopes,Botafogo FC,9030,Treinador,0,2020-01-01,2020-02-16,0,46,6,0.33
Claudinei Oliveira,Botafogo FC,9030,Treinador,0,2020-02-17,2020-11-21,0,278,30,1.00
Moacir Júnior,Botafogo FC,9030,Treinador,0,2020-11-23,2021-01-28,0,66,15,1.07
Samuel Dias,Botafogo FC,9030,Treinador interino,1,2021-01-28,2021-01-31,0,3,0,-
Alexandre Gallo,Botafogo FC,9030,Treinador,0,2021-02-19,2021-04-01,0,41,4,0.25
Argel Fuchs,Botafogo FC,9030,Treinador,0,2021-04-09,2021-09-19,0,163,26,1.23
Samuel Dias,Botafogo FC,9030,Treinador interino,1,2021-09-22,2021-09-30,0,8,1,1.00
Leandro Zago,Botafogo FC,9030,Treinador,0,2021-12-16,2022-05-23,0,158,22,1.41
Paulo Baier,Botafogo FC,9030,Treinador,0,2022-05-26,2023-02-22,0,272,28,1.64
José Leão,Botafogo FC,9030,Treinador interino,1,2023-02-24,2023-02-27,0,3,1,0.00
Adilson Batista,Botafogo FC,9030,Treinador,0,2023-02-28,2023-06-24,0,116,19,1.16
José Leão,Botafogo FC,9030,Treinador interino,1,2023-06-27,2023-06-29,0,2,1,3.00
Marcelo Chamusca,Botafogo FC,9030,Treinador,0,2023-06-30,2023-11-22,0,145,23,1.13
José Leão,Botafogo FC,9030,Treinador interino,1,2023-11-23,2023-11-27,0,4,1,0.00
Paulo Gomes,Botafogo FC,9030,Treinador,0,2023-12-07,2024-10-01,0,299,44,1.16
Márcio Zanardi,Botafogo FC,9030,Treinador,0,2024-10-03,2025-05-18,0,227,30,0.97
Allan Aal,Botafogo FC,9030,Treinador,0,2025-05-20,2025-10-06,0,139,22,1.09
Régis Angeli,Botafogo FC,9030,Treinador,0,2025-07-08,,1,,0,-
Claudio Tencati,Botafogo FC,9030,Treinador,0,2025-11-24,,1,,35,1.17
Felipe Conceição,Botafogo FR,537,Treinador,0,2018-01-01,2018-02-10,0,40,7,1.29
Alberto Valentim,Botafogo FR,537,Treinador,0,2018-02-12,2018-06-19,0,127,25,1.60
Marcos Paquetá,Botafogo FR,537,Treinador,0,2018-06-26,2018-08-01,0,36,4,0.75
Bruno Lazaroni,Botafogo FR,537,Treinador interino,1,2018-08-02,2018-08-06,0,4,1,1.00
Zé Ricardo,Botafogo FR,537,Treinador,0,2018-08-06,2019-04-12,0,249,39,1.46
Eduardo Barroca,Botafogo FR,537,Treinador,0,2019-04-14,2019-10-07,0,176,27,1.22
Bruno Lazaroni,Botafogo FR,537,Treinador interino,1,2019-10-08,2019-10-15,0,7,2,1.50
Alberto Valentim,Botafogo FR,537,Treinador,0,2019-10-15,2020-02-10,0,118,18,1.28
Paulo Autuori,Botafogo FR,537,Treinador,0,2020-02-12,2020-10-01,0,232,23,1.43
Bruno Lazaroni,Botafogo FR,537,Treinador,0,2020-10-01,2020-10-29,0,28,6,1.33
Flávio Tenius,Botafogo FR,537,Treinador interino,1,2020-10-30,2020-11-10,0,11,3,0.67
Emiliano Díaz,Botafogo FR,537,Treinador interino,1,2020-11-09,2020-11-27,0,18,3,0.00
Felipe Lucena,Botafogo FR,537,Treinador interino,1,2020-12-04,2020-12-11,0,7,2,0.00
Eduardo Barroca,Botafogo FR,537,Treinador,0,2020-12-11,2021-02-06,0,57,10,0.40
Lúcio Flávio,Botafogo FR,537,Treinador interino,1,2021-02-07,2021-02-27,0,20,4,0.75
Marcelo Chamusca,Botafogo FR,537,Treinador,0,2021-03-09,2021-07-13,0,126,25,1.24
Ricardo Resende,Botafogo FR,537,Treinador interino,1,2021-07-16,2022-03-27,0,254,10,1.30
Enderson Moreira,Botafogo FR,537,Treinador,0,2021-07-23,2022-02-11,0,203,31,2.16
Luís Castro,Botafogo FR,537,Treinador,0,2022-03-29,2023-06-30,0,458,81,1.70
Cláudio Caçapa,Botafogo FR,537,Treinador interino,1,2023-07-01,2023-07-17,0,16,4,3.00
Bruno Lage,Botafogo FR,537,Treinador,0,2023-07-18,2023-10-04,0,78,15,1.27
Lúcio Flávio,Botafogo FR,537,Treinador,0,2023-10-05,2023-11-15,0,41,8,1.00
Tiago Nunes,Botafogo FR,537,Treinador,0,2023-11-15,2024-02-22,0,99,15,1.27
Fábio Matias,Botafogo FR,537,Treinador,0,2024-02-23,2024-04-10,0,47,10,2.50
Artur Jorge,Botafogo FR,537,Treinador,0,2024-04-03,2025-01-03,0,275,55,2.00
Carlos Leiria,Botafogo FR,537,Treinador interino,1,2025-01-01,2025-02-13,0,43,10,1.20
Cláudio Caçapa,Botafogo FR,537,Treinador interino,1,2025-02-13,2025-02-28,0,15,3,0.33
Renato Paiva,Botafogo FR,537,Treinador,0,2025-02-28,2025-06-29,0,121,23,1.70
Davide Ancelotti,Botafogo FR,537,Treinador,0,2025-07-08,2025-12-17,0,162,33,1.67
Martín Anselmi,Botafogo FR,537,Treinador,0,2026-01-01,2026-03-22,0,80,17,1.35
Rodrigo Bellão,Botafogo FR,537,Treinador interino,1,2026-03-28,2026-04-05,0,8,3,2.00
Franclim Carvalho,Botafogo FR,537,Treinador,0,2026-04-02,2026-08-18,0,138,22,1.68
Rodrigo Bellão,Botafogo FR,537,Treinador interino,1,2026-08-19,2026-09-17,0,29,6,1.33
Tite,Botafogo FR,537,Treinador,0,2026-09-17,,1,,0,-
Pingo,Brusque FC,14390,Treinador,0,2018-01-26,2018-11-25,0,303,24,1.29
Paulo Baier,Brusque FC,14390,Treinador,0,2018-11-25,2019-01-25,0,61,3,0.67
Marcelo Caranhato,Brusque FC,14390,Treinador,0,2019-01-26,2019-04-08,0,72,16,1.19
Waguinho Dias,Brusque FC,14390,Treinador,0,2019-04-09,2019-08-27,0,140,16,2.06
Jerson Testoni,Brusque FC,14390,Treinador,0,2019-09-30,2021-09-14,0,715,84,1.56
Waguinho Dias,Brusque FC,14390,Treinador,0,2021-09-15,2022-05-15,0,242,39,1.59
Luan Carlos,Brusque FC,14390,Treinador,0,2022-05-17,2022-08-31,0,106,20,1.05
Gilson Kleina,Brusque FC,14390,Treinador,0,2022-09-02,2022-11-07,0,66,11,0.55
Luizinho Lopes,Brusque FC,14390,Treinador,0,2022-11-11,2024-05-20,0,556,72,1.54
Luizinho Vieira,Brusque FC,14390,Treinador,0,2024-05-20,2024-09-09,0,112,20,0.95
Marcelo Cabo,Brusque FC,14390,Treinador,0,2024-09-09,2024-11-25,0,77,13,1.00
Filipe Gouveia,Brusque FC,14390,Treinador,0,2025-01-06,2025-07-09,0,184,27,1.41
Bernardo Franco,Brusque FC,14390,Treinador,0,2025-07-10,2025-10-20,0,102,14,1.36
Higo Magalhães,Brusque FC,14390,Treinador,0,2025-12-03,,1,,32,1.72
Marcelo Veiga,CA Bragantino,8793,Treinador,0,2017-08-22,2019-04-01,0,587,57,1.35
Antônio Carlos Zago,CA Bragantino,8793,Treinador,0,2019-04-23,2020-01-01,0,253,37,2.00
Vinícius Munhoz,CA Bragantino,8793,Treinador interino,1,2020-01-21,2020-01-24,0,3,1,1.00
Felipe Conceição,CA Bragantino,8793,Treinador,0,2020-01-25,2020-08-31,0,219,20,1.65
Marcinho,CA Bragantino,8793,Treinador interino,1,2020-08-31,2020-09-04,0,4,1,1.00
Maurício Barbieri,CA Bragantino,8793,Treinador,0,2020-09-04,2022-11-10,0,797,160,1.47
Marcinho,CA Bragantino,8793,Treinador interino,1,2022-11-11,2022-12-31,0,50,1,0.00
Pedro Caixinha,CA Bragantino,8793,Treinador,0,2023-01-01,2024-10-27,0,665,124,1.50
Pedro Malta,CA Bragantino,8793,Treinador interino,1,2024-06-19,2024-06-21,0,2,1,0.00
Fernando Seabra,CA Bragantino,8793,Treinador,0,2024-10-31,2025-10-27,0,361,56,1.29
Vagner Mancini,CA Bragantino,8793,Treinador,0,2025-10-30,,1,,55,1.45
Zé Ricardo,CR Vasco da Gama,978,Treinador,0,2017-08-23,2018-06-03,0,284,50,1.64
Jorginho,CR Vasco da Gama,978,Treinador,0,2018-06-06,2018-08-13,0,68,10,1.30
Valdir Bigode,CR Vasco da Gama,978,Treinador interino,1,2018-06-06,2018-06-08,0,2,1,1.00
Valdir Bigode,CR Vasco da Gama,978,Treinador interino,1,2018-08-20,2018-08-27,0,7,3,1.67
Alberto Valentim,CR Vasco da Gama,978,Treinador,0,2018-08-27,2019-04-21,0,237,42,1.52
Marcos Valadares,CR Vasco da Gama,978,Treinador interino,1,2019-04-22,2019-05-13,0,21,5,0.80
Vanderlei Luxemburgo,CR Vasco da Gama,978,Treinador,0,2019-05-13,2019-12-31,0,232,34,1.41
Abel Braga,CR Vasco da Gama,978,Treinador,0,2019-12-16,2020-03-16,0,91,14,1.21
Ramon Menezes,CR Vasco da Gama,978,Treinador,0,2020-03-30,2020-10-08,0,192,17,1.47
Alexandre Grasseli,CR Vasco da Gama,978,Treinador interino,1,2020-10-08,2020-10-19,0,11,2,0.00
Ricardo Sá Pinto,CR Vasco da Gama,978,Treinador,0,2020-10-19,2020-12-29,0,71,15,1.00
Vanderlei Luxemburgo,CR Vasco da Gama,978,Treinador,0,2021-01-04,2021-02-27,0,54,12,1.08
Marcelo Cabo,CR Vasco da Gama,978,Treinador,0,2021-03-02,2021-07-19,0,139,30,1.73
Lisca,CR Vasco da Gama,978,Treinador,0,2021-07-23,2021-09-12,0,51,12,1.08
Fernando Diniz,CR Vasco da Gama,978,Treinador,0,2021-09-14,2021-11-11,0,58,12,1.25
Fabio Cortez,CR Vasco da Gama,978,Treinador interino,1,2021-11-12,2021-12-01,0,19,3,0.67
Zé Ricardo,CR Vasco da Gama,978,Treinador,0,2022-01-10,2022-06-05,0,146,25,1.72
Emilio Faro,CR Vasco da Gama,978,Treinador interino,1,2022-06-06,2022-06-14,0,8,1,3.00
Maurício Souza,CR Vasco da Gama,978,Treinador,0,2022-06-15,2022-07-24,0,39,8,1.13
Emilio Faro,CR Vasco da Gama,978,Treinador interino,1,2022-07-25,2022-09-05,0,42,8,1.25
Jorginho,CR Vasco da Gama,978,Treinador,0,2022-09-06,2022-11-09,0,64,10,1.70
Maurício Barbieri,CR Vasco da Gama,978,Treinador,0,2022-12-06,2023-06-23,0,199,25,1.24
William Batista,CR Vasco da Gama,978,Treinador interino,1,2023-06-24,2023-07-16,0,22,3,1.00
Ramón Díaz,CR Vasco da Gama,978,Treinador,0,2023-07-17,2024-04-28,0,286,42,1.55
Rafael Paiva,CR Vasco da Gama,978,Treinador interino,1,2024-04-30,2024-05-31,0,31,4,1.75
Álvaro Pacheco,CR Vasco da Gama,978,Treinador,0,2024-05-21,2024-06-20,0,30,4,0.25
Rafael Paiva,CR Vasco da Gama,978,Treinador,0,2024-06-21,2024-11-25,0,157,31,1.45
Felipe Loureiro,CR Vasco da Gama,978,Treinador interino,1,2024-11-29,2024-12-09,0,10,3,2.33
Fábio Carille,CR Vasco da Gama,978,Treinador,0,2024-12-20,2025-04-27,0,128,21,1.52
Ramon Lima,CR Vasco da Gama,978,Treinador,0,2025-01-01,2025-01-17,0,16,2,1.00
Felipe Loureiro,CR Vasco da Gama,978,Treinador interino,1,2025-04-28,2025-05-09,0,11,3,0.33
Fernando Diniz,CR Vasco da Gama,978,Treinador,0,2025-05-09,2026-02-22,0,289,55,1.33
Bruno Lazaroni,CR Vasco da Gama,978,Treinador interino,1,2026-02-22,2026-03-03,0,9,2,0.50
Renato Gaúcho,CR Vasco da Gama,978,Treinador,0,2026-03-04,2026-06-18,0,106,18,1.44
Pedro Emanuel,CR Vasco da Gama,978,Treinador,0,2026-07-10,,1,,18,1.67
Mazola Júnior,CRB,11449,Treinador,0,2017-09-18,2018-04-14,0,208,37,1.57
Júnior Rocha,CRB,11449,Treinador,0,2018-04-16,2018-06-27,0,72,16,1.06
Doriva,CRB,11449,Treinador,0,2018-06-28,2018-09-16,0,80,14,1.21
Roberto Fernandes,CRB,11449,Treinador,0,2018-09-16,2019-04-06,0,202,31,1.77
Marcelo Chamusca,CRB,11449,Treinador,0,2019-04-07,2019-10-14,0,190,33,1.30
Marcelo Cabo,CRB,11449,Treinador,0,2019-10-14,2020-11-08,0,391,53,1.55
Ramon Menezes,CRB,11449,Treinador,0,2020-11-11,2020-12-17,0,36,8,1.00
Roberto Fernandes,CRB,11449,Treinador,0,2020-12-18,2021-05-24,0,157,32,1.88
Allan Aal,CRB,11449,Treinador,0,2021-05-27,2022-02-10,0,259,50,1.54
Marcelo Cabo,CRB,11449,Treinador,0,2022-02-11,2022-05-15,0,93,24,1.38
Daniel Paulista,CRB,11449,Treinador,0,2022-05-16,2022-11-03,0,171,30,1.53
Daniel Barboza,CRB,11449,Treinador interino,1,2022-11-04,2022-11-07,0,3,1,0.00
Umberto Louzer,CRB,11449,Treinador,0,2023-01-10,2023-05-28,0,138,32,1.81
Daniel Paulista,CRB,11449,Treinador,0,2023-05-31,2024-09-05,0,463,83,1.69
Bruno Pivetti,CRB,11449,Treinador,0,2024-09-09,2024-09-20,0,11,3,0.33
Hélio dos Anjos,CRB,11449,Treinador,0,2024-09-23,2024-11-30,0,68,11,1.55
Umberto Louzer,CRB,11449,Treinador,0,2024-12-02,2025-03-27,0,115,18,1.72
Eduardo Barroca,CRB,11449,Treinador,0,2025-03-28,2026-07-04,0,463,79,1.49
Flávio Araújo,CSA,18545,Treinador,0,2017-09-08,2018-02-16,0,161,15,1.80
Marcelo Cabo,CSA,18545,Treinador,0,2018-02-19,2019-06-30,0,496,79,1.57
Argel Fuchs,CSA,18545,Treinador,0,2019-07-02,2019-11-29,0,150,26,1.00
Jacozinho,CSA,18545,Treinador interino,1,2019-11-29,2019-12-10,0,11,3,0.00
Maurício Barbieri,CSA,18545,Treinador,0,2019-12-10,2020-02-10,0,62,6,1.17
Eduardo Baptista,CSA,18545,Treinador,0,2020-02-11,2020-08-30,0,201,15,1.27
Argel Fuchs,CSA,18545,Treinador,0,2020-08-31,2020-09-16,0,16,3,0.33
Adriano Rodrigues,CSA,18545,Treinador interino,1,2020-09-17,2020-09-23,0,6,1,3.00
Mozart,CSA,18545,Treinador,0,2020-09-24,2021-04-18,0,206,45,1.73
Adriano Rodrigues,CSA,18545,Treinador interino,1,2021-02-19,2021-02-22,0,3,1,1.00
Bruno Pivetti,CSA,18545,Treinador,0,2021-04-30,2021-07-04,0,65,13,1.23
Adriano Rodrigues,CSA,18545,Treinador interino,1,2021-07-05,2021-07-12,0,7,1,3.00
Ney Franco,CSA,18545,Treinador,0,2021-07-12,2021-09-01,0,51,12,1.42
Mozart,CSA,18545,Treinador,0,2021-09-02,2022-06-13,0,284,55,1.76
Alberto Valentim,CSA,18545,Treinador,0,2022-06-17,2022-08-08,0,52,10,0.70
Roberto Fernandes,CSA,18545,Treinador,0,2022-08-08,2022-10-15,0,68,11,0.91
Adriano Rodrigues,CSA,18545,Treinador interino,1,2022-08-08,2022-08-11,0,3,1,3.00
Adriano Rodrigues,CSA,18545,Treinador,0,2022-10-15,2022-12-05,0,51,3,2.00
Roberto Fonseca,CSA,18545,Treinador,0,2022-12-08,2023-02-02,0,56,7,1.57
Bebeto Moraes,CSA,18545,Treinador interino,1,2023-02-03,2023-02-23,0,20,5,1.60
Vinícius,CSA,18545,Treinador,0,2023-02-24,2023-06-21,0,117,17,1.29
Marcelo Cabo,CSA,18545,Treinador,0,2023-06-27,2023-09-21,0,86,10,1.10
Rogério Corrêa,CSA,18545,Treinador,0,2023-12-06,2024-01-22,0,47,2,1.50
Marcelo Cabo,CSA,18545,Treinador,0,2024-01-23,2024-03-04,0,41,6,0.83
Cristian de Souza,CSA,18545,Treinador,0,2024-03-22,2024-06-13,0,83,8,0.75
Bebeto Moraes,CSA,18545,Treinador,0,2024-05-16,2024-06-17,0,32,1,1.00
Higo Magalhães,CSA,18545,Treinador,0,2024-05-24,2025-07-26,0,428,50,1.80
Márcio Fernandes,CSA,18545,Treinador,0,2025-07-28,2025-09-08,0,42,8,0.63
Itamar Schulle,CSA,18545,Treinador,0,2026-01-08,2026-03-01,0,52,10,1.70
Moacir Júnior,CSA,18545,Treinador,0,2026-03-10,,1,,20,1.65
Marcelo Chamusca,Ceará SC,2029,Treinador,0,2017-07-01,2018-05-20,0,323,63,1.83
Jorginho,Ceará SC,2029,Treinador,0,2018-05-21,2018-06-05,0,15,4,0.25
Lisca,Ceará SC,2029,Treinador,0,2018-06-04,2019-04-21,0,321,53,1.55
Enderson Moreira,Ceará SC,2029,Treinador,0,2019-04-22,2019-10-01,0,162,22,1.05
Adilson Batista,Ceará SC,2029,Treinador,0,2019-10-03,2019-11-28,0,56,13,1.08
Argel Fuchs,Ceará SC,2029,Treinador,0,2019-11-29,2020-02-09,0,72,8,1.13
Enderson Moreira,Ceará SC,2029,Treinador,0,2020-02-10,2020-03-18,0,37,10,2.40
Guto Ferreira,Ceará SC,2029,Treinador,0,2020-03-18,2021-08-29,0,529,99,1.58
Tiago Nunes,Ceará SC,2029,Treinador,0,2021-09-03,2022-03-25,0,203,33,1.61
Dorival Júnior,Ceará SC,2029,Treinador,0,2022-04-04,2022-06-09,0,66,18,2.06
Pedro Sotero,Ceará SC,2029,Treinador interino,1,2022-06-10,2022-06-13,0,3,0,-
Marquinhos Santos,Ceará SC,2029,Treinador,0,2022-06-14,2022-08-15,0,62,17,1.24
Juca,Ceará SC,2029,Treinador interino,1,2022-08-18,2022-08-31,0,13,2,1.00
Lucho González,Ceará SC,2029,Treinador,0,2022-09-01,2022-10-28,0,57,10,0.70
Juca,Ceará SC,2029,Treinador interino,1,2022-10-29,2022-11-20,0,22,4,0.75
Gustavo Morínigo,Ceará SC,2029,Treinador,0,2022-11-22,2023-04-24,0,153,24,1.92
Eduardo Barroca,Ceará SC,2029,Treinador,0,2023-04-27,2023-06-29,0,63,13,1.85
Guto Ferreira,Ceará SC,2029,Treinador,0,2023-06-30,2023-08-28,0,59,11,1.27
Vagner Mancini,Ceará SC,2029,Treinador,0,2023-09-01,2024-06-26,0,299,45,1.44
Anderson Batatais,Ceará SC,2029,Treinador,0,2024-06-28,2024-07-02,0,4,1,3.00
Léo Condé,Ceará SC,2029,Treinador,0,2024-07-04,2025-12-10,0,524,83,1.59
Mozart,Ceará SC,2029,Treinador,0,2025-12-12,2026-06-01,0,171,31,1.61
Daniel Paulista,Ceará SC,2029,Treinador,0,2026-06-25,,1,,13,1.15
Gilson Kleina,Chapecoense,17776,Treinador,0,2017-10-16,2018-08-06,0,294,49,1.61
Guto Ferreira,Chapecoense,17776,Treinador,0,2018-08-07,2018-10-15,0,69,13,1.00
Claudinei Oliveira,Chapecoense,17776,Treinador,0,2018-10-16,2019-03-17,0,152,23,1.57
Ney Franco,Chapecoense,17776,Treinador,0,2019-03-28,2019-07-24,0,118,18,1.00
Emerson Cris,Chapecoense,17776,Treinador interino,1,2019-07-24,2019-09-18,0,56,8,0.75
Marquinhos Santos,Chapecoense,17776,Treinador,0,2019-09-19,2019-12-06,0,78,18,0.94
Hemerson Maria,Chapecoense,17776,Treinador,0,2020-01-01,2020-02-16,0,46,6,0.50
Umberto Louzer,Chapecoense,17776,Treinador,0,2020-02-16,2021-04-14,0,423,57,2.07
Mozart,Chapecoense,17776,Treinador,0,2021-04-23,2021-05-27,0,34,8,1.50
Felipe Endres,Chapecoense,17776,Treinador interino,1,2021-05-28,2021-06-03,0,6,2,1.50
Jair Ventura,Chapecoense,17776,Treinador,0,2021-06-04,2021-08-02,0,59,14,0.29
Pintado,Chapecoense,17776,Treinador,0,2021-08-06,2021-10-26,0,81,14,0.64
Felipe Endres,Chapecoense,17776,Treinador interino,1,2021-10-27,2021-12-14,0,48,10,0.20
Bolívar,Chapecoense,17776,Treinador,0,2022-01-03,2022-04-07,0,94,7,0.86
Felipe Conceição,Chapecoense,17776,Treinador,0,2022-01-14,2022-02-14,0,31,7,1.71
Fabiano Xha,Chapecoense,17776,Treinador,0,2022-04-08,2022-07-05,0,88,0,-
Gilson Kleina,Chapecoense,17776,Treinador,0,2022-04-08,2022-07-05,0,88,15,1.20
Bolívar,Chapecoense,17776,Treinador interino,1,2022-07-07,2022-07-11,0,4,1,0.00
Marcelo Cabo,Chapecoense,17776,Treinador,0,2022-07-11,2022-08-30,0,50,10,1.10
Gilmar Dal Pozzo,Chapecoense,17776,Treinador,0,2022-09-02,2022-11-08,0,67,11,1.45
Bruno Pivetti,Chapecoense,17776,Treinador,0,2023-01-10,2023-03-18,0,67,13,1.54
Argel Fuchs,Chapecoense,17776,Treinador,0,2023-03-21,2023-05-29,0,69,9,1.00
Gilmar Dal Pozzo,Chapecoense,17776,Treinador,0,2023-06-05,2023-08-07,0,63,11,0.91
Claudinei Oliveira,Chapecoense,17776,Treinador,0,2023-08-10,2024-02-11,0,185,24,1.08
Umberto Louzer,Chapecoense,17776,Treinador,0,2024-02-16,2024-08-04,0,170,20,1.05
Ricardo Chuva,Chapecoense,17776,Treinador interino,1,2024-05-31,2024-06-03,0,3,1,1.00
Celso Rodrigues,Chapecoense,17776,Treinador interino,1,2024-08-04,2024-08-06,0,2,1,0.00
Tcheco,Chapecoense,17776,Treinador,0,2024-08-07,2024-08-18,0,11,2,0.00
Gilmar Dal Pozzo,Chapecoense,17776,Treinador,0,2024-08-20,2026-04-03,0,591,89,1.58
Celso Rodrigues,Chapecoense,17776,Treinador interino,1,2024-08-20,2024-08-22,0,2,1,1.00
Celso Rodrigues,Chapecoense,17776,Treinador interino,1,2026-03-27,2026-05-28,0,62,8,1.88
Fábio Matias,Chapecoense,17776,Treinador,0,2026-04-06,2026-05-25,0,49,9,0.44
Rafael Lacerda,Chapecoense,17776,Treinador,0,2026-05-30,,1,,13,0.92
Ney da Matta,Clube do Remo,10997,Treinador,0,2017-11-08,2018-02-26,0,110,4,1.00
Givanildo Oliveira,Clube do Remo,10997,Treinador,0,2018-03-01,2018-05-28,0,88,7,1.00
Artur Oliveira,Clube do Remo,10997,Treinador,0,2018-06-01,2018-06-25,0,24,4,0.25
João Nasser,Clube do Remo,10997,Treinador,0,2018-06-28,2018-07-23,0,25,4,1.75
João Nasser,Clube do Remo,10997,Treinador,0,2019-01-24,2019-02-25,0,32,7,1.86
Márcio Fernandes,Clube do Remo,10997,Treinador,0,2019-02-25,2019-08-26,0,182,28,1.54
Eudes Pedro,Clube do Remo,10997,Treinador interino,1,2019-09-02,2019-10-07,0,35,4,1.00
Rafael Jaques,Clube do Remo,10997,Treinador,0,2019-12-05,2020-02-20,0,77,6,2.50
Mazola Júnior,Clube do Remo,10997,Treinador,0,2020-02-27,2020-09-21,0,207,16,1.69
Paulo Bonamigo,Clube do Remo,10997,Treinador,0,2020-09-24,2021-06-30,0,279,48,1.71
João Nasser,Clube do Remo,10997,Treinador interino,1,2021-06-30,2021-07-06,0,6,1,0.00
Felipe Conceição,Clube do Remo,10997,Treinador,0,2021-07-07,2021-11-10,0,126,27,1.26
Eduardo Baptista,Clube do Remo,10997,Treinador,0,2021-11-12,2021-12-14,0,32,8,1.63
Paulo Bonamigo,Clube do Remo,10997,Treinador,0,2022-01-14,2022-06-20,0,157,26,1.77
Gerson Gusmão,Clube do Remo,10997,Treinador,0,2022-06-28,2022-08-16,0,49,8,1.25
Marcelo Cabo,Clube do Remo,10997,Treinador,0,2023-01-03,2023-05-23,0,140,26,1.88
Fabio Cortez,Clube do Remo,10997,Treinador interino,1,2023-05-24,2023-05-28,0,4,1,1.00
Ricardo Catalá,Clube do Remo,10997,Treinador,0,2023-05-29,2024-02-29,0,276,23,1.70
Mariozinho,Clube do Remo,10997,Treinador interino,1,2024-03-01,2024-03-04,0,3,1,0.00
Gustavo Morínigo,Clube do Remo,10997,Treinador,0,2024-03-05,2024-05-23,0,79,16,1.56
Gonzalo Llanos,Clube do Remo,10997,Treinador interino,1,2024-05-24,2024-05-27,0,3,1,0.00
Rodrigo Santana,Clube do Remo,10997,Treinador,0,2024-05-29,2025-03-12,0,287,30,1.70
Daniel Paulista,Clube do Remo,10997,Treinador,0,2025-03-21,2025-06-06,0,77,14,1.93
Flávio Garcia,Clube do Remo,10997,Treinador interino,1,2025-06-06,2025-06-15,0,9,2,1.50
António Oliveira,Clube do Remo,10997,Treinador,0,2025-06-20,2025-09-21,0,93,14,1.29
Flávio Garcia,Clube do Remo,10997,Treinador interino,1,2025-09-22,2025-09-25,0,3,1,0.00
Guto Ferreira,Clube do Remo,10997,Treinador,0,2025-09-24,2025-12-17,0,84,10,2.30
Juan Carlos Osorio,Clube do Remo,10997,Treinador,0,2025-12-18,2026-03-01,0,73,12,1.50
Léo Condé,Clube do Remo,10997,Treinador,0,2026-03-04,2026-09-15,0,195,30,1.03
Flávio Garcia,Clube do Remo,10997,Treinador interino,1,2026-03-06,2026-03-09,0,3,1,1.00
Felipe Surian,Clube do Remo,10997,Treinador interino,1,2026-03-25,2026-03-27,0,2,1,0.00
Felipe Surian,Clube do Remo,10997,Treinador interino,1,2026-04-29,2026-05-01,0,2,1,3.00
Thiago Carpini,Clube do Remo,10997,Treinador,0,2026-09-16,,1,,0,-
Sandro Forner,Coritiba FC,776,Treinador,0,2017-12-15,2018-04-15,0,121,20,1.40
Tcheco,Coritiba FC,776,Treinador interino,1,2018-04-15,2018-04-18,0,3,1,3.00
Eduardo Baptista,Coritiba FC,776,Treinador,0,2018-04-16,2018-08-11,0,117,18,1.44
Tcheco,Coritiba FC,776,Treinador,0,2018-08-12,2018-09-17,0,36,7,1.00
Argel Fuchs,Coritiba FC,776,Treinador,0,2018-09-17,2019-02-15,0,151,18,1.44
Umberto Louzer,Coritiba FC,776,Treinador,0,2019-02-25,2019-09-23,0,210,30,1.57
Jorginho,Coritiba FC,776,Treinador,0,2019-09-25,2019-12-31,0,97,15,2.13
Eduardo Barroca,Coritiba FC,776,Treinador,0,2020-01-01,2020-08-20,0,232,22,1.64
Mozart,Coritiba FC,776,Treinador interino,1,2020-08-21,2020-08-25,0,4,1,3.00
Jorginho,Coritiba FC,776,Treinador,0,2020-08-26,2020-10-27,0,62,13,1.00
Pachequinho,Coritiba FC,776,Treinador interino,1,2020-10-30,2020-11-06,0,7,1,3.00
Rodrigo Santana,Coritiba FC,776,Treinador,0,2020-11-06,2020-12-14,0,38,6,0.33
Pachequinho,Coritiba FC,776,Treinador interino,1,2020-12-15,2021-01-14,0,30,4,0.25
Gustavo Morínigo,Coritiba FC,776,Treinador,0,2021-01-15,2022-08-15,0,577,105,1.53
Guto Ferreira,Coritiba FC,776,Treinador,0,2022-08-19,2022-12-09,0,112,16,1.25
António Oliveira,Coritiba FC,776,Treinador,0,2022-12-14,2023-04-18,0,125,17,1.76
Leomir,Coritiba FC,776,Treinador interino,1,2023-04-21,2023-06-27,0,67,0,-
Antônio Carlos Zago,Coritiba FC,776,Treinador,0,2023-04-22,2023-06-27,0,66,11,0.36
Thiago Kosloski,Coritiba FC,776,Treinador,0,2023-06-30,2023-11-27,0,150,23,1.09
Guto Ferreira,Coritiba FC,776,Treinador,0,2023-11-27,2024-05-04,0,159,22,1.50
Fábio Matias,Coritiba FC,776,Treinador,0,2024-06-13,2024-07-24,0,41,8,0.75
Jorginho,Coritiba FC,776,Treinador,0,2024-07-27,2024-11-13,0,109,18,1.50
Guila Bossle,Coritiba FC,776,Treinador,0,2024-11-14,2024-11-29,0,15,2,0.00
Mozart,Coritiba FC,776,Treinador,0,2024-12-04,2025-11-28,0,359,46,1.78
Moisés Moura,Coritiba FC,776,Treinador,0,2025-01-01,2025-01-31,0,30,4,1.75
Fernando Seabra,Coritiba FC,776,Treinador,0,2025-12-08,,1,,36,1.39
PC de Oliveira,Coritiba FC,776,Treinador,0,2026-01-05,2026-01-12,0,7,2,0.50
Grizzo,Criciúma EC,7178,Treinador interino,1,2017-11-16,2018-02-21,0,97,8,0.88
Lisca,Criciúma EC,7178,Treinador,0,2017-12-10,2018-01-29,0,50,4,1.00
Argel Fuchs,Criciúma EC,7178,Treinador,0,2018-02-22,2018-05-09,0,76,15,1.13
Mazola Júnior,Criciúma EC,7178,Treinador,0,2018-05-12,2018-12-02,0,204,33,1.42
Doriva,Criciúma EC,7178,Treinador,0,2018-12-06,2019-03-11,0,95,13,1.54
Gilson Kleina,Criciúma EC,7178,Treinador,0,2019-03-18,2019-08-05,0,140,22,1.05
Wilsão,Criciúma EC,7178,Treinador interino,1,2019-08-09,2019-08-29,0,20,5,1.60
Waguinho Dias,Criciúma EC,7178,Treinador,0,2019-08-29,2019-09-26,0,28,5,0.40
Roberto Cavalo,Criciúma EC,7178,Treinador,0,2019-09-27,2020-10-07,0,376,36,1.17
Itamar Schulle,Criciúma EC,7178,Treinador,0,2020-10-09,2020-12-15,0,67,9,0.78
Hemerson Maria,Criciúma EC,7178,Treinador,0,2021-01-28,2021-04-01,0,63,8,0.50
Paulo Baier,Criciúma EC,7178,Treinador,0,2021-05-14,2021-10-04,0,143,23,1.65
Claudio Tencati,Criciúma EC,7178,Treinador,0,2021-10-07,2024-12-31,0,1181,160,1.49
Aléssio Antunes,Criciúma EC,7178,Treinador interino,1,2024-02-16,2024-02-19,0,3,1,3.00
Zé Ricardo,Criciúma EC,7178,Treinador,0,2025-01-01,2025-05-05,0,124,21,1.62
Eduardo Baptista,Criciúma EC,7178,Treinador,0,2025-05-07,,1,,74,1.69
Mano Menezes,Cruzeiro EC,609,Treinador,0,2016-07-27,2019-08-08,0,1107,216,1.74
Sidnei Lobo,Cruzeiro EC,609,Treinador interino,1,2018-03-09,2018-03-12,0,3,0,-
Ricardo Resende,Cruzeiro EC,609,Treinador interino,1,2019-08-08,2019-08-11,0,3,1,1.00
Rogério Ceni,Cruzeiro EC,609,Treinador,0,2019-08-12,2019-09-26,0,45,8,1.00
Abel Braga,Cruzeiro EC,609,Treinador,0,2019-09-30,2019-11-29,0,60,14,1.21
Adilson Batista,Cruzeiro EC,609,Treinador,0,2019-12-02,2020-03-15,0,104,15,1.20
Enderson Moreira,Cruzeiro EC,609,Treinador,0,2020-03-23,2020-09-08,0,169,12,1.75
Ney Franco,Cruzeiro EC,609,Treinador,0,2020-09-10,2020-10-11,0,31,7,1.00
Célio Lúcio,Cruzeiro EC,609,Treinador interino,1,2020-10-15,2020-10-19,0,4,1,1.00
Luiz Felipe Scolari,Cruzeiro EC,609,Treinador,0,2020-10-19,2021-01-25,0,98,20,1.60
Célio Lúcio,Cruzeiro EC,609,Treinador interino,1,2021-01-26,2021-01-31,0,5,1,1.00
Felipe Conceição,Cruzeiro EC,609,Treinador,0,2021-02-01,2021-06-10,0,129,19,1.42
Mozart,Cruzeiro EC,609,Treinador,0,2021-06-11,2021-08-01,0,51,13,1.00
Vanderlei Luxemburgo,Cruzeiro EC,609,Treinador,0,2021-08-06,2021-12-28,0,144,23,1.52
Paulo Pezzolano,Cruzeiro EC,609,Treinador,0,2022-01-04,2023-03-19,0,439,68,1.87
Pepa,Cruzeiro EC,609,Treinador,0,2023-03-20,2023-08-29,0,162,25,1.16
Fernando Seabra,Cruzeiro EC,609,Treinador interino,1,2023-09-01,2023-09-05,0,4,1,1.00
Zé Ricardo,Cruzeiro EC,609,Treinador,0,2023-09-06,2023-11-13,0,68,10,1.10
Paulo Autuori,Cruzeiro EC,609,Treinador,0,2023-11-14,2023-12-31,0,47,6,1.67
Nicolás Larcamón,Cruzeiro EC,609,Treinador,0,2024-01-01,2024-04-08,0,98,14,1.79
Fernando Seabra,Cruzeiro EC,609,Treinador,0,2024-04-09,2024-09-23,0,167,35,1.69
Fernando Diniz,Cruzeiro EC,609,Treinador,0,2024-09-24,2025-01-27,0,125,18,1.06
Wesley Carvalho,Cruzeiro EC,609,Treinador interino,1,2025-01-28,2025-02-09,0,12,4,1.75
Leonardo Jardim,Cruzeiro EC,609,Treinador,0,2025-02-04,2025-12-15,0,314,55,1.69
Tite,Cruzeiro EC,609,Treinador,0,2025-12-16,2026-03-16,0,90,17,1.59
Wesley Carvalho,Cruzeiro EC,609,Treinador interino,1,2026-03-16,2026-03-23,0,7,2,0.50
Artur Jorge,Cruzeiro EC,609,Treinador,0,2026-03-23,,1,,33,1.79
Itamar Schulle,Cuiabá EC,28022,Treinador,0,2017-11-29,2019-10-13,0,683,65,1.45
Eduardo Henrique,Cuiabá EC,28022,Treinador interino,1,2019-10-14,2019-10-15,0,1,1,0.00
Marcelo Chamusca,Cuiabá EC,28022,Treinador,0,2019-10-15,2020-11-12,0,394,43,1.91
Franco Muller,Cuiabá EC,28022,Treinador interino,1,2020-11-13,2020-11-16,0,3,1,1.00
Allan Aal,Cuiabá EC,28022,Treinador,0,2020-11-16,2021-02-01,0,77,19,1.42
Mário Henrique,Cuiabá EC,28022,Treinador,0,2020-12-04,2020-12-10,0,6,2,1.50
Franco Muller,Cuiabá EC,28022,Treinador interino,1,2021-02-01,2021-04-04,0,62,8,2.13
Alberto Valentim,Cuiabá EC,28022,Treinador,0,2021-04-07,2021-05-30,0,53,10,2.40
Luiz Fernando Iubel,Cuiabá EC,28022,Treinador interino,1,2021-06-04,2021-07-05,0,31,6,0.50
Jorginho,Cuiabá EC,28022,Treinador,0,2021-07-05,2021-12-31,0,179,31,1.39
Eduardo Oliveira,Cuiabá EC,28022,Treinador interino,1,2022-01-24,2022-02-05,0,12,3,2.00
Pintado,Cuiabá EC,28022,Treinador,0,2022-02-04,2022-05-12,0,97,21,2.00
Luiz Fernando Iubel,Cuiabá EC,28022,Treinador interino,1,2022-05-12,2022-05-30,0,18,5,0.80
António Oliveira,Cuiabá EC,28022,Treinador,0,2022-06-10,2022-11-30,0,173,30,1.10
Ivo Vieira,Cuiabá EC,28022,Treinador,0,2022-12-08,2023-05-11,0,154,24,2.13
Luiz Fernando Iubel,Cuiabá EC,28022,Treinador interino,1,2023-05-11,2023-05-23,0,12,2,1.50
António Oliveira,Cuiabá EC,28022,Treinador,0,2023-05-23,2024-02-09,0,262,36,1.53
Luiz Fernando Iubel,Cuiabá EC,28022,Treinador,0,2024-02-08,2024-04-29,0,81,20,2.00
Ricardo Colbachini,Cuiabá EC,28022,Treinador,0,2024-05-01,2024-05-08,0,7,2,0.00
Petit,Cuiabá EC,28022,Treinador,0,2024-05-07,2024-08-27,0,112,21,0.81
Bernardo Franco,Cuiabá EC,28022,Treinador,0,2024-08-28,2025-02-19,0,175,21,1.10
Samuel Teram,Cuiabá EC,28022,Treinador,0,2025-01-01,2025-01-20,0,19,2,1.00
Guto Ferreira,Cuiabá EC,28022,Treinador,0,2025-02-21,2025-08-10,0,170,26,1.65
Eduardo Barros,Cuiabá EC,28022,Treinador,0,2025-08-13,,1,,55,1.36
Eduardo Zuma,Cuiabá EC,28022,Treinador interino,1,2026-03-24,2026-03-29,0,5,2,0.50
Gustavo Almeida,Cuiabá EC,28022,Treinador interino,1,2026-04-03,2026-04-05,0,2,1,0.00
Lucas Silveira,Cuiabá EC,28022,Treinador interino,1,2026-04-06,2026-04-30,0,24,2,0.00
Anderson Gomes,Cuiabá EC,28022,Treinador interino,1,2026-04-14,2026-04-17,0,3,1,0.00
Guto Ferreira,EC Bahia,10010,Treinador,0,2017-12-26,2018-06-03,0,159,33,1.82
Claudio Prates,EC Bahia,10010,Treinador interino,1,2018-06-05,2018-06-18,0,13,3,1.33
Enderson Moreira,EC Bahia,10010,Treinador,0,2018-06-18,2019-03-31,0,286,60,1.40
Roger Machado,EC Bahia,10010,Treinador,0,2019-04-02,2020-09-02,0,519,73,1.56
Claudio Prates,EC Bahia,10010,Treinador interino,1,2020-09-04,2020-09-11,0,7,2,0.50
Mano Menezes,EC Bahia,10010,Treinador,0,2020-09-11,2020-12-20,0,100,24,1.08
Dado Cavalcanti,EC Bahia,10010,Treinador,0,2020-12-23,2021-08-17,0,237,52,1.52
Bruno Lopes,EC Bahia,10010,Treinador interino,1,2021-08-18,2021-08-22,0,4,1,0.00
Diego Dabove,EC Bahia,10010,Treinador,0,2021-08-23,2021-10-06,0,44,6,0.83
Guto Ferreira,EC Bahia,10010,Treinador,0,2021-10-08,2022-06-26,0,261,49,1.51
Enderson Moreira,EC Bahia,10010,Treinador,0,2022-07-01,2022-10-01,0,92,18,1.33
Eduardo Barroca,EC Bahia,10010,Treinador,0,2022-10-03,2022-12-06,0,64,6,1.67
Renato Paiva,EC Bahia,10010,Treinador,0,2023-01-01,2023-09-06,0,248,51,1.49
Rogério Ceni,EC Bahia,10010,Treinador,0,2023-09-09,,1,,201,1.75
Leonardo Galbes,EC Bahia,10010,Treinador,0,2025-01-01,2025-01-20,0,19,3,0.67
Antônio Carlos Zago,EC Juventude,10492,Treinador,0,2017-10-27,2018-02-22,0,118,15,0.80
Julinho Camargo,EC Juventude,10492,Treinador,0,2018-02-26,2018-08-26,0,181,26,1.19
Luiz Carlos Winck,EC Juventude,10492,Treinador,0,2018-08-27,2019-03-09,0,194,26,0.92
Marquinhos Santos,EC Juventude,10492,Treinador,0,2019-03-11,2019-09-17,0,190,30,1.63
Marquinhos Santos,EC Juventude,10492,Treinador,0,2020-01-01,2020-03-16,0,75,11,1.00
Pintado,EC Juventude,10492,Treinador,0,2020-07-08,2021-02-01,0,208,46,1.59
Marquinhos Santos,EC Juventude,10492,Treinador,0,2021-02-04,2021-10-18,0,256,42,1.21
Jair Ventura,EC Juventude,10492,Treinador,0,2021-10-20,2022-02-11,0,114,16,1.25
Eduardo Baptista,EC Juventude,10492,Treinador,0,2022-03-09,2022-06-20,0,103,15,0.93
Umberto Louzer,EC Juventude,10492,Treinador,0,2022-06-24,2022-10-03,0,101,16,0.56
Lucas Zanella,EC Juventude,10492,Treinador interino,1,2022-10-03,2022-10-30,0,27,5,0.40
Celso Roth,EC Juventude,10492,Treinador,0,2022-10-31,2023-02-25,0,117,13,0.85
Pintado,EC Juventude,10492,Treinador,0,2023-04-12,2023-05-08,0,26,5,0.60
Adaílton,EC Juventude,10492,Treinador interino,1,2023-05-11,2023-05-16,0,5,1,0.00
Thiago Carpini,EC Juventude,10492,Treinador,0,2023-05-17,2024-01-11,0,239,32,1.94
Roger Machado,EC Juventude,10492,Treinador,0,2024-01-12,2024-07-18,0,188,35,1.46
Jair Ventura,EC Juventude,10492,Treinador,0,2024-07-19,2024-10-28,0,101,19,1.05
Fábio Matias,EC Juventude,10492,Treinador,0,2024-10-28,2025-05-11,0,195,26,1.46
Claudio Tencati,EC Juventude,10492,Treinador,0,2025-05-14,2025-07-29,0,76,7,0.57
Thiago Carpini,EC Juventude,10492,Treinador,0,2025-08-04,2025-12-08,0,126,22,1.09
Maurício Barbieri,EC Juventude,10492,Treinador,0,2025-12-11,,1,,44,1.66
Gerson Ramos,EC Juventude,10492,Treinador interino,1,2026-03-24,2026-03-26,0,2,1,0.00
Gerson Ramos,EC Juventude,10492,Treinador interino,1,2026-04-14,2026-05-08,0,24,3,1.33
Paulo Roberto Santos,EC São Bento,8433,Treinador,0,2013-11-01,2018-06-25,0,1697,110,1.53
Marquinhos Santos,EC São Bento,8433,Treinador,0,2018-06-28,2019-02-10,0,227,30,1.10
Diego Mura,EC São Bento,8433,Treinador interino,1,2018-06-28,2018-07-02,0,4,1,0.00
Edison Borges,EC São Bento,8433,Treinador interino,1,2018-07-02,2018-07-06,0,4,1,0.00
Silas,EC São Bento,8433,Treinador,0,2019-02-11,2019-03-17,0,34,5,0.20
Doriva,EC São Bento,8433,Treinador,0,2019-03-20,2019-08-29,0,162,20,1.10
Luizinho Rangel,EC São Bento,8433,Treinador interino,1,2019-08-30,2019-09-04,0,5,1,0.00
Milton Mendes,EC São Bento,8433,Treinador,0,2019-09-05,2019-11-03,0,59,12,0.83
Marcelo Cordeiro,EC São Bento,8433,Treinador interino,1,2019-11-06,2019-12-02,0,26,6,1.67
Léo Condé,EC São Bento,8433,Treinador,0,2020-01-01,2020-03-01,0,60,0,-
Edson Vieira,EC São Bento,8433,Treinador,0,2020-02-26,2021-04-20,0,419,26,0.85
Marcelo Cordeiro,EC São Bento,8433,Treinador interino,1,2021-04-21,2021-05-17,0,26,4,1.00
Paulo Roberto Santos,EC São Bento,8433,Treinador,0,2021-06-02,2022-05-03,0,335,14,1.00
Paulo Roberto Santos,EC São Bento,8433,Treinador,0,2022-12-09,2023-03-23,0,104,12,0.83
Roberto Fonseca,EC São Bento,8433,Treinador,0,2023-12-05,2024-03-29,0,115,0,-
Ademir Fesan,EC São Bento,8433,Treinador,0,2024-04-18,2024-09-03,0,138,0,-
Roberto Fonseca,EC São Bento,8433,Treinador,0,2025-01-10,2025-02-04,0,25,0,-
Luiz Carlos Martins,EC São Bento,8433,Treinador,0,2025-02-07,2025-02-20,0,13,0,-
Dyego Coelho,EC São Bento,8433,Treinador,0,2025-05-02,2025-07-28,0,87,0,-
Wilson Júnior,EC São Bento,8433,Treinador,0,2026-02-03,2026-03-02,0,27,0,-
Vagner Mancini,EC Vitória,2125,Treinador,0,2017-07-25,2018-07-29,0,369,64,1.55
João Burse,EC Vitória,2125,Treinador interino,1,2018-08-04,2018-08-14,0,10,2,0.50
Paulo César Carpegiani,EC Vitória,2125,Treinador,0,2018-08-14,2018-11-06,0,84,14,1.07
João Burse,EC Vitória,2125,Treinador interino,1,2018-11-06,2018-12-03,0,27,6,0.50
Marcelo Chamusca,EC Vitória,2125,Treinador,0,2018-12-06,2019-03-18,0,102,16,1.13
Claudio Tencati,EC Vitória,2125,Treinador,0,2019-03-19,2019-05-19,0,61,7,0.71
Osmar Loss,EC Vitória,2125,Treinador,0,2019-05-21,2019-08-04,0,75,10,0.80
Carlos Amadeu,EC Vitória,2125,Treinador,0,2019-08-06,2019-09-19,0,44,9,1.44
Geninho,EC Vitória,2125,Treinador,0,2019-09-23,2020-06-20,0,271,25,1.52
Bruno Pivetti,EC Vitória,2125,Treinador,0,2020-06-20,2020-10-07,0,109,19,1.11
Eduardo Barroca,EC Vitória,2125,Treinador,0,2020-10-09,2020-11-27,0,49,9,0.89
Rodrigo Chagas,EC Vitória,2125,Treinador interino,1,2020-11-26,2020-12-09,0,13,4,1.75
Mazola Júnior,EC Vitória,2125,Treinador,0,2020-12-10,2020-12-23,0,13,4,0.75
Rodrigo Chagas,EC Vitória,2125,Treinador,0,2020-12-23,2021-06-08,0,167,30,1.53
Ramon Menezes,EC Vitória,2125,Treinador,0,2021-06-09,2021-08-05,0,57,16,0.94
Wagner Lopes,EC Vitória,2125,Treinador,0,2021-08-13,2021-12-15,0,124,24,1.25
Dado Cavalcanti,EC Vitória,2125,Treinador,0,2021-12-23,2022-03-17,0,84,10,1.40
Geninho,EC Vitória,2125,Treinador,0,2022-03-21,2022-04-21,0,31,4,0.75
Ricardo Amadeu,EC Vitória,2125,Treinador interino,1,2022-04-21,2022-04-28,0,7,0,-
Fabiano Soares,EC Vitória,2125,Treinador,0,2022-04-29,2022-06-20,0,52,4,1.50
João Burse,EC Vitória,2125,Treinador,0,2022-06-22,2023-02-06,0,229,24,1.71
Léo Condé,EC Vitória,2125,Treinador,0,2023-02-10,2024-05-14,0,459,74,1.66
Thiago Carpini,EC Vitória,2125,Treinador,0,2024-05-14,2025-07-09,0,421,73,1.44
Estephano Neto,EC Vitória,2125,Treinador interino,1,2024-08-02,2024-08-05,0,3,1,3.00
Fábio Carille,EC Vitória,2125,Treinador,0,2025-07-10,2025-08-25,0,46,8,1.00
Rodrigo Chagas,EC Vitória,2125,Treinador,0,2025-08-29,2025-09-23,0,25,3,1.00
Jair Ventura,EC Vitória,2125,Treinador,0,2025-09-24,,1,,64,1.56
Rodrigo Chagas,EC Vitória,2125,Treinador,0,2026-01-09,2026-01-19,0,10,3,1.00
PC de Oliveira,Ferroviária,15882,Treinador,0,2018-01-01,2018-05-14,0,133,19,1.00
Bruno Pivetti,Ferroviária,15882,Treinador interino,1,2018-05-15,2018-06-30,0,46,2,0.50
Vinícius Munhoz,Ferroviária,15882,Treinador,0,2019-01-02,2019-10-21,0,292,22,1.32
Marcelo Vilar,Ferroviária,15882,Treinador,0,2019-12-27,2020-01-17,0,21,0,-
Sérgio Soares,Ferroviária,15882,Treinador,0,2020-01-21,2020-03-27,0,66,13,1.38
Dado Cavalcanti,Ferroviária,15882,Treinador,0,2020-05-04,2020-10-16,0,165,8,1.50
Paulo Roberto Santos,Ferroviária,15882,Treinador,0,2020-10-16,2020-12-18,0,63,10,2.00
Pintado,Ferroviária,15882,Treinador,0,2021-02-02,2021-04-26,0,83,8,1.38
Elano,Ferroviária,15882,Treinador,0,2021-04-28,2022-03-28,0,334,39,1.69
Thiago Carpini,Ferroviária,15882,Treinador,0,2022-03-29,2022-05-23,0,55,6,0.83
Vinícius Munhoz,Ferroviária,15882,Treinador,0,2022-05-27,2023-01-26,0,244,12,1.17
Elano,Ferroviária,15882,Treinador,0,2023-01-27,2023-06-08,0,132,14,0.79
Alexandre Lopes,Ferroviária,15882,Treinador interino,1,2023-06-09,2023-06-26,0,17,1,3.00
Alexandre Lopes,Ferroviária,15882,Treinador,0,2023-06-27,2024-01-30,0,217,14,1.93
Vinícius,Ferroviária,15882,Treinador,0,2024-01-30,2024-07-20,0,172,14,2.00
Júnior Rocha,Ferroviária,15882,Treinador,0,2024-07-26,2025-02-17,0,206,11,1.64
Vinícius,Ferroviária,15882,Treinador,0,2025-02-17,2025-09-15,0,210,25,1.24
Daniel Azambuja,Ferroviária,15882,Treinador interino,1,2025-09-19,2025-11-24,0,66,3,0.33
Claudinei Oliveira,Ferroviária,15882,Treinador,0,2025-09-21,2025-11-10,0,50,9,0.89
Rogério Corrêa,Ferroviária,15882,Treinador,0,2025-12-05,,1,,18,1.72
Daniel Noernberg,Ferroviária,15882,Treinador interino,1,2026-04-03,2026-04-06,0,3,0,-
Milton Cruz,Figueirense FC,4064,Treinador,0,2017-08-08,2018-09-10,0,398,68,1.63
Rogério Micale,Figueirense FC,4064,Treinador,0,2018-09-10,2018-11-28,0,79,12,0.67
Hemerson Maria,Figueirense FC,4064,Treinador,0,2018-11-29,2019-07-29,0,242,33,1.61
Marcio Coelho,Figueirense FC,4064,Treinador interino,1,2019-07-29,2019-08-03,0,5,1,1.00
Evandro,Figueirense FC,4064,Treinador interino,1,2019-08-03,2019-08-07,0,4,1,1.00
Vinícius Eutrópio,Figueirense FC,4064,Treinador,0,2019-08-08,2019-09-17,0,40,8,0.25
Rodrigo Chipp,Figueirense FC,4064,Treinador,0,2019-09-07,2019-12-31,0,115,0,-
Marcio Coelho,Figueirense FC,4064,Treinador,0,2019-09-18,2020-08-27,0,344,26,1.42
Pintado,Figueirense FC,4064,Treinador,0,2019-10-17,2019-12-31,0,75,9,1.44
Elano,Figueirense FC,4064,Treinador,0,2020-08-28,2020-11-13,0,77,17,0.88
Jorginho Cantinflas,Figueirense FC,4064,Treinador,0,2020-11-19,2021-11-18,0,364,47,1.26
Júnior Rocha,Figueirense FC,4064,Treinador,0,2022-01-19,2022-11-02,0,287,42,1.45
Cristóvão Borges,Figueirense FC,4064,Treinador,0,2023-01-04,2023-03-20,0,75,12,1.00
Douglas Bazolli,Figueirense FC,4064,Treinador interino,1,2023-03-21,2023-04-25,0,35,0,-
Roberto Fonseca,Figueirense FC,4064,Treinador,0,2023-04-25,2023-06-13,0,49,8,1.25
Paulo Baier,Figueirense FC,4064,Treinador,0,2023-06-15,2023-10-31,0,138,11,1.09
João Burse,Figueirense FC,4064,Treinador,0,2023-12-11,2024-08-29,0,262,32,1.41
Thiago Carvalho,Figueirense FC,4064,Treinador,0,2024-11-26,2025-04-28,0,153,15,1.07
Pintado,Figueirense FC,4064,Treinador,0,2025-04-29,2025-08-11,0,104,12,1.25
Elio Sizenando,Figueirense FC,4064,Treinador,0,2025-08-14,2025-08-31,0,17,2,1.50
Waguinho Dias,Figueirense FC,4064,Treinador,0,2025-10-02,2026-01-23,0,113,5,1.20
Henrique Pacheco,Figueirense FC,4064,Treinador interino,1,2026-01-22,2026-01-24,0,2,0,-
Márcio Zanardi,Figueirense FC,4064,Treinador,0,2026-01-25,2026-04-14,0,79,11,1.18
Raul Cabral,Figueirense FC,4064,Treinador,0,2026-04-16,,1,,17,1.59
Rogério Ceni,Fortaleza EC,10870,Treinador,0,2017-11-10,2019-08-11,0,639,94,1.82
Marconne Montenegro,Fortaleza EC,10870,Treinador interino,1,2019-08-11,2019-08-14,0,3,1,3.00
Zé Ricardo,Fortaleza EC,10870,Treinador,0,2019-08-14,2019-09-27,0,44,7,0.71
Rogério Ceni,Fortaleza EC,10870,Treinador,0,2019-09-30,2020-11-09,0,406,59,1.80
Marconne Montenegro,Fortaleza EC,10870,Treinador interino,1,2020-11-10,2020-11-13,0,3,1,0.00
Marcelo Chamusca,Fortaleza EC,10870,Treinador,0,2020-11-13,2021-01-07,0,55,8,0.75
Enderson Moreira,Fortaleza EC,10870,Treinador,0,2021-01-08,2021-04-25,0,107,23,1.70
Léo Porto,Fortaleza EC,10870,Treinador interino,1,2021-04-26,2021-05-11,0,15,2,2.00
Juan Pablo Vojvoda,Fortaleza EC,10870,Treinador,0,2021-05-04,2025-07-14,0,1532,310,1.64
Renato Paiva,Fortaleza EC,10870,Treinador,0,2025-07-17,2025-09-01,0,46,10,0.60
Martín Palermo,Fortaleza EC,10870,Treinador,0,2025-09-04,2025-12-31,0,118,17,1.65
Thiago Carpini,Fortaleza EC,10870,Treinador,0,2025-12-11,2026-07-23,0,224,41,1.93
Paulo Autuori,Fortaleza EC,10870,Treinador,0,2026-07-30,,1,,9,1.56
Clemer,GE Brasil,10560,Treinador,0,2017-07-21,2018-06-17,0,331,51,1.43
Gilmar Dal Pozzo,GE Brasil,10560,Treinador,0,2018-06-19,2018-08-29,0,71,12,1.00
Gustavo Papa,GE Brasil,10560,Treinador interino,1,2018-06-22,2018-06-24,0,2,1,3.00
Rogério Zimermann,GE Brasil,10560,Treinador,0,2018-08-29,2018-11-26,0,89,14,1.79
Paulo Roberto Santos,GE Brasil,10560,Treinador,0,2018-11-26,2019-02-10,0,76,6,0.50
Gustavo Papa,GE Brasil,10560,Treinador interino,1,2019-02-12,2019-03-25,0,41,7,1.29
Rogério Zimermann,GE Brasil,10560,Treinador,0,2019-03-27,2019-07-09,0,104,8,1.13
Gustavo Papa,GE Brasil,10560,Treinador interino,1,2019-07-09,2019-07-16,0,7,1,3.00
Bolívar,GE Brasil,10560,Treinador,0,2019-07-17,2019-12-03,0,139,29,1.10
Gustavo Papa,GE Brasil,10560,Treinador,0,2019-12-05,2020-03-18,0,104,11,1.09
Hemerson Maria,GE Brasil,10560,Treinador,0,2020-03-30,2020-10-28,0,212,21,1.10
Cirilo,GE Brasil,10560,Treinador interino,1,2020-10-30,2020-11-05,0,6,2,1.00
Claudio Tencati,GE Brasil,10560,Treinador,0,2020-11-05,2021-07-29,0,266,43,1.19
Cirilo,GE Brasil,10560,Treinador interino,1,2021-07-30,2021-08-02,0,3,1,0.00
Cléber Gaúcho,GE Brasil,10560,Treinador,0,2021-08-03,2021-09-27,0,55,11,0.36
Jerson Testoni,GE Brasil,10560,Treinador,0,2021-09-28,2022-05-30,0,244,34,0.94
Thiago Gomes,GE Brasil,10560,Treinador,0,2022-06-09,2022-08-29,0,81,10,1.10
Rogério Zimermann,GE Brasil,10560,Treinador,0,2023-01-19,2023-08-07,0,200,31,1.32
Fabiano Daitx,GE Brasil,10560,Treinador,0,2024-01-01,2024-03-21,0,80,8,0.88
Gabriel Dutra,GE Brasil,10560,Treinador interino,1,2024-02-24,2024-02-26,0,2,1,3.00
Alessandro Telles,GE Brasil,10560,Treinador,0,2024-04-26,2024-06-28,0,63,7,1.14
Rafael Santiago,GE Brasil,10560,Treinador interino,1,2024-06-10,2024-06-14,0,4,0,-
Marcelo Caranhato,GE Brasil,10560,Treinador,0,2024-06-28,2024-08-20,0,53,10,1.90
William de Mattia,GE Brasil,10560,Treinador,0,2024-10-16,2025-02-14,0,121,7,0.86
Pingo,GE Brasil,10560,Treinador,0,2025-02-13,2025-03-20,0,35,7,0.86
Emerson Cris,GE Brasil,10560,Treinador,0,2025-04-16,2025-10-12,0,179,14,1.14
Gilson,GE Brasil,10560,Treinador,0,2025-10-14,2026-07-15,0,274,9,1.00
Laécio Aquino,GE Brasil,10560,Treinador,0,2026-05-29,2026-08-20,0,83,1,1.00
Júlio César Nunes,GE Brasil,10560,Treinador,0,2026-07-27,,1,,0,-
Hélio dos Anjos,Goiás EC,3197,Treinador,0,2017-09-16,2018-05-06,0,232,43,1.60
Ney Franco,Goiás EC,3197,Treinador,0,2018-05-06,2018-11-26,0,204,35,1.69
Maurício Barbieri,Goiás EC,3197,Treinador,0,2019-01-01,2019-04-21,0,110,20,2.15
Claudinei Oliveira,Goiás EC,3197,Treinador,0,2019-04-23,2019-08-04,0,103,12,1.42
Robson Gomes,Goiás EC,3197,Treinador interino,1,2019-08-07,2019-08-09,0,2,1,0.00
Ney Franco,Goiás EC,3197,Treinador,0,2019-08-09,2020-08-20,0,377,45,1.49
Lauro Martins,Goiás EC,3197,Treinador interino,1,2019-09-03,2019-09-12,0,9,2,1.50
Glauber Ramos,Goiás EC,3197,Treinador interino,1,2020-08-21,2020-08-24,0,3,1,3.00
Thiago Larghi,Goiás EC,3197,Treinador,0,2020-08-24,2020-09-28,0,35,6,0.83
Enderson Moreira,Goiás EC,3197,Treinador,0,2020-10-02,2020-11-17,0,46,10,0.30
Glauber Ramos,Goiás EC,3197,Treinador,0,2020-11-19,2021-04-29,0,161,34,1.18
Pintado,Goiás EC,3197,Treinador,0,2021-04-30,2021-07-18,0,79,13,1.62
Marcelo Cabo,Goiás EC,3197,Treinador interino,1,2021-07-22,2021-10-28,0,98,19,1.58
Glauber Ramos,Goiás EC,3197,Treinador interino,1,2021-11-01,2022-02-24,0,115,15,2.13
Bruno Pivetti,Goiás EC,3197,Treinador,0,2022-02-28,2022-03-24,0,24,6,2.50
Glauber Ramos,Goiás EC,3197,Treinador interino,1,2022-03-24,2022-04-13,0,20,3,0.00
Jair Ventura,Goiás EC,3197,Treinador,0,2022-04-14,2022-11-14,0,214,42,1.19
Guto Ferreira,Goiás EC,3197,Treinador,0,2022-12-10,2023-04-10,0,121,25,2.12
Émerson Ávila,Goiás EC,3197,Treinador interino,1,2023-04-14,2023-06-20,0,67,15,1.27
Armando Evangelista,Goiás EC,3197,Treinador,0,2023-06-12,2023-11-14,0,155,27,1.11
Mário Henrique,Goiás EC,3197,Treinador,0,2023-11-24,2023-12-07,0,13,4,0.75
Zé Ricardo,Goiás EC,3197,Treinador,0,2024-01-01,2024-03-25,0,84,16,2.00
Márcio Zanardi,Goiás EC,3197,Treinador,0,2024-04-05,2024-08-05,0,122,21,1.48
Vagner Mancini,Goiás EC,3197,Treinador,0,2024-08-06,2024-12-02,0,118,21,1.86
Jair Ventura,Goiás EC,3197,Treinador,0,2024-12-06,2025-03-25,0,109,20,1.80
Vagner Mancini,Goiás EC,3197,Treinador,0,2025-03-26,2025-10-12,0,200,33,1.58
Fábio Carille,Goiás EC,3197,Treinador,0,2025-10-15,2025-12-08,0,54,6,1.50
Daniel Paulista,Goiás EC,3197,Treinador,0,2025-12-09,2026-06-24,0,197,33,1.82
Mozart,Goiás EC,3197,Treinador,0,2026-06-25,,1,,13,1.38
Renato Gaúcho,Grêmio FBPA,210,Treinador,0,2016-09-18,2021-04-15,0,1670,306,1.87
Thiago Gomes,Grêmio FBPA,210,Treinador interino,1,2020-01-17,2020-01-20,0,3,1,0.00
Thiago Gomes,Grêmio FBPA,210,Treinador interino,1,2021-04-15,2021-05-28,0,43,4,2.00
Tiago Nunes,Grêmio FBPA,210,Treinador,0,2021-04-22,2021-07-05,0,74,16,1.75
Thiago Gomes,Grêmio FBPA,210,Treinador interino,1,2021-07-05,2021-07-09,0,4,1,0.00
Luiz Felipe Scolari,Grêmio FBPA,210,Treinador,0,2021-07-09,2021-10-11,0,94,21,1.43
Thiago Gomes,Grêmio FBPA,210,Treinador interino,1,2021-10-12,2021-10-15,0,3,1,0.00
Vagner Mancini,Grêmio FBPA,210,Treinador,0,2021-10-15,2022-02-14,0,122,18,1.67
Roger Machado,Grêmio FBPA,210,Treinador,0,2022-02-14,2022-09-01,0,199,37,1.70
César Lopes,Grêmio FBPA,210,Treinador interino,1,2022-09-02,2022-09-07,0,5,1,3.00
Renato Gaúcho,Grêmio FBPA,210,Treinador,0,2022-09-08,2024-12-10,0,824,132,1.73
Alexandre Mendes,Grêmio FBPA,210,Treinador interino,1,2024-02-13,2024-02-15,0,2,1,1.00
Alexandre Mendes,Grêmio FBPA,210,Treinador interino,1,2024-02-27,2024-02-29,0,2,1,0.00
Gustavo Quinteros,Grêmio FBPA,210,Treinador,0,2025-01-01,2025-04-16,0,105,17,2.00
James Freitas,Grêmio FBPA,210,Treinador interino,1,2025-04-17,2025-04-20,0,3,1,1.00
Mano Menezes,Grêmio FBPA,210,Treinador,0,2025-04-21,2025-12-09,0,232,39,1.38
Luís Castro,Grêmio FBPA,210,Treinador,0,2025-12-12,2026-09-13,0,275,49,1.49
Luiz Felipe Scolari,Grêmio FBPA,210,Treinador interino,1,2026-09-13,2026-09-18,0,5,1,0.00
Renato Gaúcho,Grêmio FBPA,210,Treinador,0,2026-09-14,2026-12-31,0,108,0,-
Doriva,Grêmio Novorizontino,37474,Treinador,0,2017-09-01,2018-03-22,0,202,14,1.43
Ito Roque,Grêmio Novorizontino,37474,Treinador,0,2018-03-23,2018-07-03,0,102,10,1.60
Roberto Fonseca,Grêmio Novorizontino,37474,Treinador,0,2018-11-28,2019-04-03,0,126,14,1.50
Moisés Egert,Grêmio Novorizontino,37474,Treinador,0,2019-04-10,2019-06-30,0,81,8,2.13
Roberto Fonseca,Grêmio Novorizontino,37474,Treinador,0,2019-11-27,2021-01-26,0,426,36,1.78
Léo Condé,Grêmio Novorizontino,37474,Treinador,0,2021-02-02,2022-02-09,0,372,43,1.72
Allan Aal,Grêmio Novorizontino,37474,Treinador,0,2022-02-14,2022-06-19,0,125,20,0.85
Rafael Guanaes,Grêmio Novorizontino,37474,Treinador,0,2022-06-22,2022-09-03,0,73,15,1.27
Mazola Júnior,Grêmio Novorizontino,37474,Treinador,0,2022-09-05,2022-11-08,0,64,10,1.10
Eduardo Baptista,Grêmio Novorizontino,37474,Treinador,0,2022-11-16,2025-04-03,0,869,105,1.68
Umberto Louzer,Grêmio Novorizontino,37474,Treinador,0,2025-04-04,2025-08-25,0,143,24,1.46
Ben-Hur,Grêmio Novorizontino,37474,Treinador interino,1,2025-04-04,2025-04-07,0,3,1,1.00
Enderson Moreira,Grêmio Novorizontino,37474,Treinador,0,2025-08-26,,1,,56,1.71
Ben-Hur,Grêmio Novorizontino,37474,Treinador interino,1,2026-03-27,2026-03-29,0,2,1,3.00
Jean Paulista,Grêmio Novorizontino,37474,Treinador interino,1,2026-04-08,2026-05-08,0,30,4,1.75
Luís Fernando Flores,Grêmio Novorizontino,37474,Treinador interino,1,2026-05-19,2026-05-22,0,3,1,0.00
Paulinho,Grêmio Novorizontino,37474,Treinador interino,1,2026-05-26,2026-05-28,0,2,1,1.00
Fernando Diniz,Guarani FC,1755,Treinador,0,2017-11-30,2018-01-02,0,33,0,-
Umberto Louzer,Guarani FC,1755,Treinador,0,2018-01-03,2018-11-13,0,314,36,1.39
Marco Antônio,Guarani FC,1755,Treinador interino,1,2018-11-14,2018-11-17,0,3,1,1.00
Osmar Loss,Guarani FC,1755,Treinador,0,2018-11-28,2019-03-21,0,113,13,1.08
Vinícius Eutrópio,Guarani FC,1755,Treinador,0,2019-03-22,2019-06-12,0,82,10,0.60
Roberto Fonseca,Guarani FC,1755,Treinador,0,2019-06-14,2019-08-21,0,68,9,0.89
Thiago Carpini,Guarani FC,1755,Treinador,0,2019-08-22,2020-09-02,0,377,43,1.33
Ricardo Catalá,Guarani FC,1755,Treinador,0,2020-09-02,2020-10-07,0,35,7,1.00
Felipe Conceição,Guarani FC,1755,Treinador,0,2020-10-13,2021-01-30,0,109,23,1.48
Allan Aal,Guarani FC,1755,Treinador,0,2021-02-17,2021-05-18,0,90,13,1.08
Daniel Paulista,Guarani FC,1755,Treinador,0,2021-05-26,2022-05-04,0,343,58,1.43
Ben-Hur,Guarani FC,1755,Treinador interino,1,2022-05-04,2022-05-24,0,20,3,1.00
Marcelo Chamusca,Guarani FC,1755,Treinador,0,2022-05-25,2022-06-26,0,32,6,0.83
Ben-Hur,Guarani FC,1755,Treinador interino,1,2022-06-27,2022-06-30,0,3,1,0.00
Mozart,Guarani FC,1755,Treinador,0,2022-07-01,2023-02-20,0,234,33,1.45
Moisés Moura,Guarani FC,1755,Treinador interino,1,2023-02-20,2023-03-06,0,14,0,-
Bruno Pivetti,Guarani FC,1755,Treinador,0,2023-03-30,2023-06-08,0,70,11,1.36
Ben-Hur,Guarani FC,1755,Treinador interino,1,2023-06-08,2023-06-22,0,14,1,1.00
Umberto Louzer,Guarani FC,1755,Treinador,0,2023-06-23,2024-02-09,0,231,32,1.41
Rodrigo Leitão,Guarani FC,1755,Treinador interino,1,2024-02-11,2024-02-13,0,2,1,0.00
Claudinei Oliveira,Guarani FC,1755,Treinador,0,2024-02-12,2024-04-28,0,76,7,0.86
Júnior Rocha,Guarani FC,1755,Treinador,0,2024-05-02,2024-06-10,0,39,7,0.57
Marcelo Cordeiro,Guarani FC,1755,Treinador interino,1,2024-06-14,2024-06-20,0,6,2,0.50
Pintado,Guarani FC,1755,Treinador,0,2024-06-21,2024-07-26,0,35,6,0.50
Marcelo Cordeiro,Guarani FC,1755,Treinador,0,2024-07-26,2024-07-29,0,3,1,3.00
Allan Aal,Guarani FC,1755,Treinador,0,2024-07-29,2024-11-29,0,123,20,1.10
Maurício Souza,Guarani FC,1755,Treinador,0,2024-12-05,2025-04-22,0,138,14,0.93
Marcelo Fernandes,Guarani FC,1755,Treinador,0,2025-04-30,2025-07-27,0,88,10,1.60
Matheus Costa,Guarani FC,1755,Treinador,0,2025-07-28,2026-02-26,0,213,20,1.50
Elio Sizenando,Guarani FC,1755,Treinador,0,2026-03-11,2026-08-23,0,165,18,1.50
Umberto Louzer,Guarani FC,1755,Treinador,0,2026-08-24,,1,,1,1.00
Anderson Gomes,Guarani FC,1755,Treinador,0,2026-08-28,,1,,0,-
Vinícius,Ituano FC,4773,Treinador,0,2017-11-03,2021-06-06,0,1311,97,1.33
Mazola Júnior,Ituano FC,4773,Treinador,0,2021-06-08,2022-07-12,0,399,56,1.66
Carlos Pimentel,Ituano FC,4773,Treinador,0,2022-07-15,2023-02-06,0,206,27,1.56
Chico Elias,Ituano FC,4773,Treinador interino,1,2023-02-06,2023-02-09,0,3,1,3.00
Gilmar Dal Pozzo,Ituano FC,4773,Treinador,0,2023-02-10,2023-05-21,0,100,18,1.17
Douglas Leite,Ituano FC,4773,Treinador interino,1,2023-05-22,2023-05-25,0,3,1,0.00
Marcinho,Ituano FC,4773,Treinador,0,2023-05-26,2024-02-23,0,273,40,1.03
Douglas Leite,Ituano FC,4773,Treinador,0,2024-02-23,2024-02-28,0,5,1,0.00
Alberto Valentim,Ituano FC,4773,Treinador,0,2024-02-29,2024-10-20,0,234,34,0.91
Chico Elias,Ituano FC,4773,Treinador,0,2024-10-22,2024-11-26,0,35,6,1.00
Vinícius Munhoz,Ituano FC,4773,Treinador,0,2024-12-18,2025-02-14,0,58,0,-
Chico Elias,Ituano FC,4773,Treinador interino,1,2025-02-14,2025-02-24,0,10,0,-
Mazola Júnior,Ituano FC,4773,Treinador,0,2025-02-24,2026-09-13,0,566,37,1.22
Ricardinho,Londrina EC,1693,Treinador,0,2017-11-27,2018-03-07,0,100,10,1.00
Marquinhos Santos,Londrina EC,1693,Treinador,0,2018-03-08,2018-06-28,0,112,17,1.47
Sérgio Soares,Londrina EC,1693,Treinador,0,2018-06-29,2018-08-04,0,36,7,0.86
Roberto Fonseca,Londrina EC,1693,Treinador,0,2018-08-05,2018-11-27,0,114,18,1.89
Alemão,Londrina EC,1693,Treinador,0,2019-01-01,2019-04-08,0,97,16,1.81
Roberto Fonseca,Londrina EC,1693,Treinador,0,2019-04-15,2019-04-19,0,4,1,0.00
Alemão,Londrina EC,1693,Treinador,0,2019-04-20,2019-08-22,0,124,18,1.56
Claudio Tencati,Londrina EC,1693,Treinador,0,2019-08-23,2019-09-29,0,37,8,0.38
Mazola Júnior,Londrina EC,1693,Treinador,0,2019-10-01,2019-11-11,0,41,9,0.78
Silvinho,Londrina EC,1693,Treinador interino,1,2019-11-11,2019-12-01,0,20,4,1.00
Alemão,Londrina EC,1693,Treinador,0,2019-12-27,2021-01-11,0,381,37,1.38
Silvinho,Londrina EC,1693,Treinador,0,2021-01-11,2021-03-22,0,70,4,1.50
Roberto Fonseca,Londrina EC,1693,Treinador,0,2021-03-29,2021-07-10,0,103,22,1.27
Márcio Fernandes,Londrina EC,1693,Treinador,0,2021-07-16,2021-12-01,0,138,29,1.41
Vinícius Eutrópio,Londrina EC,1693,Treinador,0,2022-01-18,2022-03-03,0,44,11,1.36
Adilson Batista,Londrina EC,1693,Treinador,0,2022-03-10,2022-12-31,0,296,40,1.40
Edinho,Londrina EC,1693,Treinador,0,2023-01-01,2023-02-06,0,36,3,0.67
Omar Feitosa,Londrina EC,1693,Treinador,0,2023-02-06,2023-02-23,0,17,4,1.00
Edson Vieira,Londrina EC,1693,Treinador interino,1,2023-02-24,2023-02-28,0,4,1,0.00
Alexandre Gallo,Londrina EC,1693,Treinador,0,2023-03-30,2023-05-10,0,41,5,0.80
Edson Vieira,Londrina EC,1693,Treinador interino,1,2023-05-13,2023-05-30,0,17,4,1.50
Paulo César Gusmão,Londrina EC,1693,Treinador,0,2023-06-01,2023-06-29,0,28,5,0.20
Franco Muller,Londrina EC,1693,Treinador interino,1,2023-06-30,2023-07-02,0,2,1,0.00
Eduardo Souza,Londrina EC,1693,Treinador,0,2023-07-07,2023-09-12,0,67,12,0.75
Roberto Fonseca,Londrina EC,1693,Treinador,0,2023-09-13,2023-11-30,0,78,11,1.00
Émerson Ávila,Londrina EC,1693,Treinador,0,2024-01-01,2024-05-14,0,134,17,1.29
Claudinei Oliveira,Londrina EC,1693,Treinador,0,2024-05-17,2025-06-04,0,383,44,1.66
Roger Silva,Londrina EC,1693,Treinador,0,2025-06-07,2025-12-22,0,198,19,1.47
Allan Aal,Londrina EC,1693,Treinador,0,2025-12-30,2026-05-04,0,125,21,1.48
Canela,Londrina EC,1693,Treinador,0,2026-01-05,2026-01-09,0,4,1,3.00
Rogério Micale,Londrina EC,1693,Treinador,0,2026-05-14,,1,,20,1.15
Moisés Egert,Mirassol FC,3876,Treinador,0,2016-01-01,2019-04-09,0,1194,54,1.11
Ricardo Catalá,Mirassol FC,3876,Treinador,0,2019-04-24,2020-09-01,0,496,14,1.43
Eduardo Baptista,Mirassol FC,3876,Treinador,0,2020-09-16,2021-11-11,0,421,57,1.58
Eduardo Baptista,Mirassol FC,3876,Treinador,0,2021-12-15,2022-03-02,0,77,10,1.90
Ivan Baitello,Mirassol FC,3876,Treinador interino,1,2022-03-03,2022-03-25,0,22,4,0.25
Ricardo Catalá,Mirassol FC,3876,Treinador,0,2022-03-24,2023-05-04,0,406,46,1.65
Mozart,Mirassol FC,3876,Treinador,0,2023-05-04,2024-11-25,0,571,83,1.65
Eduardo Barroca,Mirassol FC,3876,Treinador,0,2024-12-17,2025-02-21,0,66,11,1.45
Ivan Baitello,Mirassol FC,3876,Treinador,0,2025-02-21,2025-03-17,0,24,2,0.00
Rafael Guanaes,Mirassol FC,3876,Treinador,0,2025-03-18,,1,,82,1.45
Roberto Fernandes,Náutico,2646,Treinador,0,2017-08-01,2018-05-06,0,278,51,1.49
Dudu Capixaba,Náutico,2646,Treinador interino,1,2018-05-11,2018-05-21,0,10,2,1.50
Márcio Goiano,Náutico,2646,Treinador,0,2018-05-21,2019-05-12,0,356,43,1.77
Gilmar Dal Pozzo,Náutico,2646,Treinador,0,2019-05-13,2020-08-12,0,457,45,1.71
Dudu Capixaba,Náutico,2646,Treinador interino,1,2020-08-14,2020-08-20,0,6,2,1.00
Gilson Kleina,Náutico,2646,Treinador,0,2020-08-21,2020-11-18,0,89,17,1.00
Hélio dos Anjos,Náutico,2646,Treinador,0,2020-11-20,2021-08-18,0,271,47,1.70
Marcelo Chamusca,Náutico,2646,Treinador,0,2021-08-23,2021-09-22,0,30,6,0.83
Hélio dos Anjos,Náutico,2646,Treinador,0,2021-09-24,2022-02-10,0,139,18,1.56
Marcelo Rocha,Náutico,2646,Treinador interino,1,2022-02-11,2022-02-15,0,4,0,-
Felipe Conceição,Náutico,2646,Treinador,0,2022-02-16,2022-04-11,0,54,12,1.67
Roberto Fernandes,Náutico,2646,Treinador,0,2022-04-19,2022-07-18,0,90,18,1.17
Dudu Capixaba,Náutico,2646,Treinador interino,1,2022-07-18,2022-07-22,0,4,1,0.00
Elano,Náutico,2646,Treinador,0,2022-07-22,2022-08-21,0,30,5,0.60
Dado Cavalcanti,Náutico,2646,Treinador,0,2022-08-25,2023-05-15,0,263,41,1.34
Otávio Augusto,Náutico,2646,Treinador interino,1,2023-05-20,2023-06-15,0,26,5,2.20
Fernando Marchiori,Náutico,2646,Treinador,0,2023-05-29,2023-08-14,0,77,9,1.22
Bruno Pivetti,Náutico,2646,Treinador,0,2023-08-17,2023-09-13,0,27,2,1.00
Allan Aal,Náutico,2646,Treinador,0,2024-01-01,2024-03-31,0,90,21,1.62
Mazola Júnior,Náutico,2646,Treinador,0,2024-04-05,2024-06-10,0,66,9,1.00
Bruno Pivetti,Náutico,2646,Treinador,0,2024-06-12,2024-09-04,0,84,12,1.42
Marquinhos Santos,Náutico,2646,Treinador,0,2025-01-01,2025-04-14,0,103,18,1.50
Andre Caldas,Náutico,2646,Treinador interino,1,2025-02-14,2025-02-17,0,3,1,3.00
Hélio dos Anjos,Náutico,2646,Treinador,0,2025-04-15,,1,,66,1.62
Roberto Cavalo,Oeste FC,21829,Treinador,0,2017-01-01,2018-12-02,0,700,78,1.38
Renan Freitas,Oeste FC,21829,Treinador,0,2018-12-07,2020-09-29,0,662,81,0.98
Thiago Carpini,Oeste FC,21829,Treinador,0,2020-09-30,2020-10-19,0,19,4,0.25
Sérgio Alexsandro,Oeste FC,21829,Treinador interino,1,2020-10-19,2020-10-23,0,4,1,0.00
Roberto Cavalo,Oeste FC,21829,Treinador,0,2020-10-23,2021-07-09,0,259,26,0.92
Sérgio Alexsandro,Oeste FC,21829,Treinador interino,1,2021-07-09,2021-07-28,0,19,3,0.33
João Brigatti,Oeste FC,21829,Treinador,0,2021-07-29,2021-08-26,0,28,4,0.75
Sérgio Alexsandro,Oeste FC,21829,Treinador interino,1,2021-08-27,,1,,21,1.05
Fernando Marchiori,Oeste FC,21829,Treinador,0,2022-01-11,2022-02-17,0,37,0,-
Moacir Júnior,Oeste FC,21829,Treinador,0,2026-01-07,2026-03-09,0,61,0,-
Gerson Gusmão,Operário FEC,27214,Treinador,0,2016-03-23,2020-10-21,0,1673,127,1.61
Matheus Costa,Operário FEC,27214,Treinador,0,2020-10-22,2021-09-29,0,342,63,1.48
Ricardo Catalá,Operário FEC,27214,Treinador,0,2021-10-05,2022-03-21,0,167,24,1.58
Claudinei Oliveira,Operário FEC,27214,Treinador,0,2022-03-23,2022-07-21,0,120,21,1.00
Matheus Costa,Operário FEC,27214,Treinador,0,2022-07-29,2022-10-24,0,87,14,0.93
Sandro Forner,Operário FEC,27214,Treinador interino,1,2022-10-25,2022-11-07,0,13,2,0.00
Rafael Guanaes,Operário FEC,27214,Treinador,0,2023-01-10,2024-11-25,0,685,97,1.64
Rainer Oliveira,Operário FEC,27214,Treinador interino,1,2024-02-16,2024-02-19,0,3,1,1.00
Bruno Pivetti,Operário FEC,27214,Treinador,0,2024-11-29,2025-06-15,0,198,33,1.64
Alex,Operário FEC,27214,Treinador,0,2025-06-16,2026-01-18,0,216,30,1.17
Luizinho Lopes,Operário FEC,27214,Treinador,0,2026-01-20,,1,,39,1.69
Schumacher Santos,Operário FEC,27214,Treinador interino,1,2026-01-20,2026-01-22,0,2,1,3.00
Schumacher Santos,Operário FEC,27214,Treinador interino,1,2026-03-23,,1,,7,1.71
Wagner Lopes,Paraná Clube,309,Treinador,0,2018-01-01,2018-02-16,0,46,7,0.86
Ademir Fesan,Paraná Clube,309,Treinador interino,1,2018-02-21,2018-02-23,0,2,1,0.00
Rogério Micale,Paraná Clube,309,Treinador,0,2018-02-24,2018-08-14,0,171,24,1.13
Claudinei Oliveira,Paraná Clube,309,Treinador,0,2018-08-15,2018-10-16,0,62,11,0.27
Dado Cavalcanti,Paraná Clube,309,Treinador,0,2018-10-18,2019-04-02,0,166,22,1.09
Matheus Costa,Paraná Clube,309,Treinador,0,2019-04-03,2019-12-03,0,244,38,1.47
Allan Aal,Paraná Clube,309,Treinador,0,2020-01-01,2020-11-01,0,305,36,1.31
Rogério Micale,Paraná Clube,309,Treinador,0,2020-11-05,2020-12-02,0,27,6,0.17
Victor Annes,Paraná Clube,309,Treinador interino,1,2020-12-04,2020-12-10,0,6,1,0.00
Gilmar Dal Pozzo,Paraná Clube,309,Treinador,0,2020-12-09,2021-01-05,0,27,6,0.67
Marcio Coelho,Paraná Clube,309,Treinador,0,2021-01-08,2021-02-01,0,24,5,0.80
Maurílio Silva,Paraná Clube,309,Treinador,0,2021-02-08,2021-07-20,0,162,22,1.05
Jorge Ferreira,Paraná Clube,309,Treinador interino,1,2021-07-20,2021-07-23,0,3,0,-
Sílvio Criciúma,Paraná Clube,309,Treinador,0,2021-07-30,2021-09-01,0,33,5,0.40
Jorge Ferreira,Paraná Clube,309,Treinador interino,1,2021-09-01,2021-09-30,0,29,4,1.50
Jorge Ferreira,Paraná Clube,309,Treinador,0,2021-12-01,2022-02-06,0,67,5,0.60
Rodrigo Cascca,Paraná Clube,309,Treinador,0,2022-02-25,2022-03-06,0,9,3,0.00
Omar Feitosa,Paraná Clube,309,Treinador,0,2022-04-22,2022-08-17,0,117,17,1.59
Marcão,Paraná Clube,309,Treinador,0,2022-12-30,2023-05-26,0,147,0,-
Fahel Júnior,Paraná Clube,309,Treinador,0,2023-05-31,2023-07-20,0,50,0,-
Tcheco,Paraná Clube,309,Treinador,0,2024-03-25,2024-08-04,0,132,0,-
Argel Fuchs,Paraná Clube,309,Treinador,0,2024-11-11,2025-01-27,0,77,5,0.40
Tcheco,Paraná Clube,309,Treinador,0,2025-01-28,2025-02-24,0,27,6,0.83
Zé Roberto,Paraná Clube,309,Treinador,0,2025-04-01,2025-06-15,0,75,0,-
Tcheco,Paraná Clube,309,Treinador,0,2025-12-31,,1,,0,-
Marquinhos Santos,Paysandu SC,6347,Treinador,0,2017-06-24,2018-02-12,0,233,30,1.23
Dado Cavalcanti,Paysandu SC,6347,Treinador,0,2018-02-13,2018-07-13,0,150,22,1.64
Guilherme Alves,Paysandu SC,6347,Treinador,0,2018-07-14,2018-08-25,0,42,8,1.00
Aílton Costa,Paysandu SC,6347,Treinador interino,1,2018-08-26,2018-09-04,0,9,1,1.00
João Brigatti,Paysandu SC,6347,Treinador,0,2018-09-05,2019-03-17,0,193,21,1.67
Leandro Niehues,Paysandu SC,6347,Treinador interino,1,2019-03-22,2019-03-25,0,3,1,1.00
Léo Condé,Paysandu SC,6347,Treinador,0,2019-03-26,2019-05-27,0,62,10,1.30
Hélio dos Anjos,Paysandu SC,6347,Treinador,0,2019-05-31,2020-09-15,0,473,45,1.76
Leandro Niehues,Paysandu SC,6347,Treinador interino,1,2020-09-18,2020-09-22,0,4,1,3.00
Matheus Costa,Paysandu SC,6347,Treinador,0,2020-09-22,2020-10-21,0,29,4,0.50
Leandro Niehues,Paysandu SC,6347,Treinador interino,1,2020-10-21,2020-10-28,0,7,1,3.00
João Brigatti,Paysandu SC,6347,Treinador,0,2020-10-28,2021-01-17,0,81,12,1.75
Aylton Costa,Paysandu SC,6347,Treinador interino,1,2021-01-27,2021-02-08,0,12,3,1.33
Itamar Schulle,Paysandu SC,6347,Treinador,0,2021-02-04,2021-05-17,0,102,15,2.00
Vinícius Eutrópio,Paysandu SC,6347,Treinador,0,2021-05-26,2021-07-26,0,61,9,1.44
Roberto Fonseca,Paysandu SC,6347,Treinador,0,2021-07-29,2021-10-18,0,81,12,1.58
Wilton Bezerra,Paysandu SC,6347,Treinador interino,1,2021-10-18,2021-12-05,0,48,8,1.00
Márcio Fernandes,Paysandu SC,6347,Treinador,0,2022-01-20,2023-05-03,0,468,66,1.85
Wilton Bezerra,Paysandu SC,6347,Treinador interino,1,2023-04-30,2023-05-05,0,5,1,3.00
Marquinhos Santos,Paysandu SC,6347,Treinador,0,2023-05-05,2023-06-28,0,54,13,1.00
Hélio dos Anjos,Paysandu SC,6347,Treinador,0,2023-06-29,2024-09-06,0,435,62,1.69
Márcio Fernandes,Paysandu SC,6347,Treinador,0,2024-09-09,2025-02-10,0,154,19,1.89
Luizinho Lopes,Paysandu SC,6347,Treinador,0,2025-02-12,2025-06-02,0,110,24,1.25
Sandro Forner,Paysandu SC,6347,Treinador interino,1,2025-06-05,2025-06-06,0,1,0,-
Claudinei Oliveira,Paysandu SC,6347,Treinador,0,2025-06-08,2025-09-05,0,89,13,1.31
Márcio Fernandes,Paysandu SC,6347,Treinador,0,2025-09-09,2025-11-03,0,55,10,0.60
Júnior Rocha,Paysandu SC,6347,Treinador,0,2025-11-24,2026-09-13,0,293,43,1.79
Élton Macaé,Paysandu SC,6347,Treinador interino,1,2026-03-30,2026-04-10,0,11,2,0.00
Mazola Júnior,Paysandu SC,6347,Treinador,0,2026-09-14,,1,,0,-
Francisco Diá,Sampaio Corrêa FC,3319,Treinador,0,2017-02-26,2018-05-08,0,436,44,1.52
Roberto Fonseca,Sampaio Corrêa FC,3319,Treinador,0,2018-05-15,2018-07-25,0,71,18,1.33
Paulo Roberto Santos,Sampaio Corrêa FC,3319,Treinador,0,2018-07-26,2018-09-06,0,42,7,0.71
Marcinho Guerreiro,Sampaio Corrêa FC,3319,Treinador,0,2018-09-07,2018-12-01,0,85,13,1.31
Flávio Araújo,Sampaio Corrêa FC,3319,Treinador,0,2018-12-04,2019-02-11,0,69,3,0.33
Julinho Camargo,Sampaio Corrêa FC,3319,Treinador,0,2019-02-12,2019-06-26,0,134,18,1.00
João Brigatti,Sampaio Corrêa FC,3319,Treinador,0,2019-06-27,2020-02-19,0,237,18,1.78
Júnior Amorim,Sampaio Corrêa FC,3319,Treinador,0,2020-02-21,2020-02-26,0,5,0,-
Léo Condé,Sampaio Corrêa FC,3319,Treinador,0,2020-03-12,2021-01-31,0,325,43,1.65
Rafael Guanaes,Sampaio Corrêa FC,3319,Treinador,0,2021-02-19,2021-04-22,0,62,17,1.41
Daniel Neri,Sampaio Corrêa FC,3319,Treinador,0,2021-04-30,2021-05-27,0,27,4,2.50
Felipe Surian,Sampaio Corrêa FC,3319,Treinador,0,2021-05-28,2021-10-29,0,154,32,1.25
João Brigatti,Sampaio Corrêa FC,3319,Treinador,0,2021-11-03,2022-03-20,0,137,21,1.52
Léo Condé,Sampaio Corrêa FC,3319,Treinador,0,2022-03-28,2022-11-17,0,234,42,1.50
Felipe Conceição,Sampaio Corrêa FC,3319,Treinador,0,2022-11-18,2023-03-07,0,109,16,1.81
Evaristo Piza,Sampaio Corrêa FC,3319,Treinador,0,2023-03-10,2023-05-04,0,55,6,0.50
Edson Silva,Sampaio Corrêa FC,3319,Treinador interino,1,2023-05-05,2023-05-10,0,5,1,3.00
Márcio Fernandes,Sampaio Corrêa FC,3319,Treinador,0,2023-05-10,2023-09-11,0,124,22,1.05
Fernando Marchiori,Sampaio Corrêa FC,3319,Treinador,0,2023-09-13,2023-10-31,0,48,7,1.14
Dejair Ferreira,Sampaio Corrêa FC,3319,Treinador,0,2023-11-01,2023-11-27,0,26,4,0.75
Thiago Gomes,Sampaio Corrêa FC,3319,Treinador,0,2023-12-11,2024-05-14,0,155,7,0.71
Zé Augusto,Sampaio Corrêa FC,3319,Treinador,0,2024-05-15,2024-07-29,0,75,13,1.00
Felipe Surian,Sampaio Corrêa FC,3319,Treinador,0,2024-07-30,2025-02-21,0,206,14,1.43
Arlindo Maracanã,Sampaio Corrêa FC,3319,Treinador,0,2025-02-25,2025-03-17,0,20,4,0.25
Gerson Gusmão,Sampaio Corrêa FC,3319,Treinador,0,2025-03-21,2025-05-27,0,67,14,1.43
Zé Augusto,Sampaio Corrêa FC,3319,Treinador,0,2025-05-19,2025-08-13,0,86,11,1.27
Luciano Quadros,Sampaio Corrêa FC,3319,Treinador,0,2025-11-17,2026-02-15,0,90,8,1.38
Francisco Diá,Sampaio Corrêa FC,3319,Treinador,0,2026-02-16,2026-04-28,0,71,3,0.67
Júnior Amorim,Sampaio Corrêa FC,3319,Treinador,0,2026-04-29,,1,,7,1.57
Arlindo Maracanã,Sampaio Corrêa FC,3319,Treinador,0,2026-06-19,,1,,2,1.50
Jair Ventura,Santos FC,221,Treinador,0,2018-01-04,2018-07-23,0,200,37,1.35
Serginho Chulapa,Santos FC,221,Treinador interino,1,2018-07-23,2018-07-31,0,8,2,0.50
Cuca,Santos FC,221,Treinador,0,2018-07-31,2018-12-03,0,125,27,1.30
Jorge Sampaoli,Santos FC,221,Treinador,0,2018-12-17,2019-12-09,0,357,64,1.83
Jesualdo Ferreira,Santos FC,221,Treinador,0,2020-01-01,2020-08-05,0,217,15,1.47
Cuca,Santos FC,221,Treinador,0,2020-08-07,2021-02-22,0,199,50,1.52
Marcelo Fernandes,Santos FC,221,Treinador interino,1,2021-02-23,2021-02-27,0,4,1,0.00
Ariel Holan,Santos FC,221,Treinador,0,2021-02-27,2021-04-26,0,58,12,1.25
Marcelo Fernandes,Santos FC,221,Treinador interino,1,2021-04-27,2021-05-10,0,13,5,1.40
Fernando Diniz,Santos FC,221,Treinador,0,2021-05-10,2021-09-05,0,118,31,1.32
Fábio Carille,Santos FC,221,Treinador,0,2021-09-10,2022-02-18,0,161,26,1.38
Fabián Bustos,Santos FC,221,Treinador,0,2022-03-04,2022-07-07,0,125,29,1.38
Marcelo Fernandes,Santos FC,221,Treinador interino,1,2022-07-07,2022-07-27,0,20,4,2.25
Lisca,Santos FC,221,Treinador,0,2022-07-22,2022-09-12,0,52,8,1.13
Orlando Ribeiro,Santos FC,221,Treinador interino,1,2022-09-12,2022-11-15,0,64,12,1.08
Odair Hellmann,Santos FC,221,Treinador,0,2022-11-16,2023-06-22,0,218,34,1.29
Paulo Turra,Santos FC,221,Treinador,0,2023-06-28,2023-08-06,0,39,7,0.86
Diego Aguirre,Santos FC,221,Treinador,0,2023-08-07,2023-09-15,0,39,5,0.60
Marcelo Fernandes,Santos FC,221,Treinador interino,1,2023-09-17,2023-12-08,0,82,15,1.47
Fábio Carille,Santos FC,221,Treinador,0,2024-01-01,2024-11-18,0,322,53,1.92
Leandro Zago,Santos FC,221,Treinador interino,1,2024-11-18,2024-12-09,0,21,1,0.00
Pedro Caixinha,Santos FC,221,Treinador,0,2025-01-01,2025-04-14,0,103,17,1.29
César Sampaio,Santos FC,221,Treinador interino,1,2025-04-15,2025-04-29,0,14,3,1.00
Cléber Xavier,Santos FC,221,Treinador,0,2025-04-29,2025-08-17,0,110,15,1.20
Juan Pablo Vojvoda,Santos FC,221,Treinador,0,2025-08-22,2026-03-19,0,209,33,1.30
Cuca,Santos FC,221,Treinador,0,2026-03-19,,1,,36,1.61
Nelsinho Baptista,Sport Recife,8718,Treinador,0,2018-01-01,2018-04-25,0,114,17,1.59
Claudinei Oliveira,Sport Recife,8718,Treinador,0,2018-04-25,2018-08-12,0,109,16,1.19
Eduardo Baptista,Sport Recife,8718,Treinador,0,2018-08-15,2018-09-24,0,40,8,0.50
Milton Mendes,Sport Recife,8718,Treinador,0,2018-09-26,2018-12-07,0,72,12,1.50
Milton Cruz,Sport Recife,8718,Treinador,0,2018-12-19,2019-02-18,0,61,7,1.71
Guto Ferreira,Sport Recife,8718,Treinador,0,2019-02-20,2020-02-13,0,358,54,1.83
Daniel Paulista,Sport Recife,8718,Treinador,0,2020-02-16,2020-08-24,0,190,17,1.29
Jair Ventura,Sport Recife,8718,Treinador,0,2020-08-28,2021-04-05,0,220,42,1.12
César Lucena,Sport Recife,8718,Treinador interino,1,2021-04-05,2021-04-19,0,14,4,2.00
Umberto Louzer,Sport Recife,8718,Treinador,0,2021-04-20,2021-08-24,0,126,22,1.14
Ricardo Severo,Sport Recife,8718,Treinador interino,1,2021-08-26,2021-09-02,0,7,1,1.00
Gustavo Florentín,Sport Recife,8718,Treinador,0,2021-09-03,2022-03-04,0,182,32,1.19
César Lucena,Sport Recife,8718,Treinador interino,1,2022-03-04,2022-03-14,0,10,3,2.33
Gilmar Dal Pozzo,Sport Recife,8718,Treinador,0,2022-03-15,2022-06-26,0,103,21,1.62
César Lucena,Sport Recife,8718,Treinador interino,1,2022-06-26,2022-07-01,0,5,1,0.00
Lisca,Sport Recife,8718,Treinador,0,2022-07-01,2022-07-19,0,18,4,1.50
César Lucena,Sport Recife,8718,Treinador interino,1,2022-07-19,2022-07-26,0,7,1,0.00
Claudinei Oliveira,Sport Recife,8718,Treinador,0,2022-07-27,2022-11-16,0,112,18,1.67
Enderson Moreira,Sport Recife,8718,Treinador,0,2022-11-18,2023-11-19,0,366,68,1.90
César Lucena,Sport Recife,8718,Treinador interino,1,2023-11-20,2023-11-27,0,7,1,3.00
Mariano Soso,Sport Recife,8718,Treinador,0,2023-12-05,2024-07-25,0,233,41,2.00
César Lucena,Sport Recife,8718,Treinador interino,1,2024-07-22,2024-07-24,0,2,1,1.00
César Lucena,Sport Recife,8718,Treinador,0,2024-07-26,2024-07-28,0,2,1,3.00
Guto Ferreira,Sport Recife,8718,Treinador,0,2024-07-26,2024-08-28,0,33,5,0.80
César Lucena,Sport Recife,8718,Treinador,0,2024-08-30,2024-09-03,0,4,1,3.00
Pepa,Sport Recife,8718,Treinador,0,2024-09-03,2025-05-04,0,243,43,1.70
César Lucena,Sport Recife,8718,Treinador,0,2025-01-01,2025-10-28,0,300,2,1.00
António Oliveira,Sport Recife,8718,Treinador,0,2025-05-09,2025-06-04,0,26,4,0.25
Daniel Paulista,Sport Recife,8718,Treinador,0,2025-06-07,2025-10-28,0,143,19,0.74
César Lucena,Sport Recife,8718,Treinador,0,2025-10-29,2025-12-29,0,61,9,0.00
Roger Silva,Sport Recife,8718,Treinador,0,2025-12-23,2026-03-23,0,90,12,2.25
Márcio Goiano,Sport Recife,8718,Treinador,0,2026-03-24,2026-06-29,0,97,22,1.91
Gilmar Dal Pozzo,Sport Recife,8718,Treinador,0,2026-06-30,2026-09-06,0,68,11,1.18
Mariano Soso,Sport Recife,8718,Treinador,0,2026-09-09,,1,,2,1.50
Sérgio Soares,São Bernardo FC,16439,Treinador,0,2019-02-11,2019-04-30,0,78,0,-
Marcelo Veiga,São Bernardo FC,16439,Treinador,0,2020-01-16,2020-12-14,0,333,0,-
Ricardo Catalá,São Bernardo FC,16439,Treinador,0,2021-01-18,2021-10-01,0,256,0,-
Márcio Zanardi,São Bernardo FC,16439,Treinador,0,2021-10-01,2024-04-04,0,916,90,1.66
Ricardo Catalá,São Bernardo FC,16439,Treinador,0,2024-04-04,2026-07-28,0,845,100,1.44
Vinícius,São Bernardo FC,16439,Treinador,0,2026-08-06,,1,,8,1.38
Ramon Menezes,Tombense FC,3234,Treinador,0,2017-11-23,2018-07-17,0,236,26,1.15
Eugênio Souza,Tombense FC,3234,Treinador,0,2018-07-20,2018-08-13,0,24,4,1.75
Ricardo Drubscky,Tombense FC,3234,Treinador,0,2018-12-04,2019-07-05,0,213,25,1.12
Eugênio Souza,Tombense FC,3234,Treinador,0,2019-07-08,2020-09-01,0,421,25,1.84
Julinho Camargo,Tombense FC,3234,Treinador,0,2020-09-03,2021-01-05,0,124,15,1.60
Bruno Pivetti,Tombense FC,3234,Treinador,0,2021-01-18,2021-04-26,0,98,13,1.62
Rafael Guanaes,Tombense FC,3234,Treinador,0,2021-04-30,2022-02-22,0,298,36,1.36
Hemerson Maria,Tombense FC,3234,Treinador,0,2022-02-25,2022-05-12,0,76,15,1.07
Bruno Pivetti,Tombense FC,3234,Treinador,0,2022-05-13,2022-11-07,0,178,32,1.28
Marcelo Chamusca,Tombense FC,3234,Treinador,0,2023-01-17,2023-06-05,0,139,26,1.15
Julian Tobar,Tombense FC,3234,Treinador interino,1,2023-06-06,2023-06-22,0,16,2,1.50
João Burse,Tombense FC,3234,Treinador,0,2023-06-23,2023-08-23,0,61,12,0.92
Moacir Júnior,Tombense FC,3234,Treinador,0,2023-08-25,2023-11-30,0,97,14,1.21
Raul Cabral,Tombense FC,3234,Treinador,0,2024-01-22,2025-07-13,0,538,54,1.28
Marcelo Chamusca,Tombense FC,3234,Treinador,0,2025-07-14,2025-09-03,0,51,7,0.43
Cristóvão Borges,Tombense FC,3234,Treinador,0,2025-11-13,2026-07-08,0,237,30,1.27
Hemerson Maria,Vila Nova FC,5677,Treinador,0,2017-05-09,2018-11-26,0,566,96,1.54
Umberto Louzer,Vila Nova FC,5677,Treinador,0,2018-11-26,2019-02-22,0,88,8,1.88
Eduardo Baptista,Vila Nova FC,5677,Treinador,0,2019-02-23,2019-07-14,0,141,23,1.13
Marcelo Cabo,Vila Nova FC,5677,Treinador,0,2019-07-19,2019-10-03,0,76,17,1.12
Rafael Toledo,Vila Nova FC,5677,Treinador interino,1,2019-10-04,2019-10-18,0,14,3,0.33
Itamar Schulle,Vila Nova FC,5677,Treinador,0,2019-10-18,2019-12-01,0,44,9,1.00
Ariel Mamede,Vila Nova FC,5677,Treinador,0,2019-12-12,2020-02-22,0,72,8,1.38
Bolívar,Vila Nova FC,5677,Treinador,0,2020-02-24,2020-12-15,0,295,23,1.52
Márcio Fernandes,Vila Nova FC,5677,Treinador,0,2020-12-18,2021-03-05,0,77,16,1.75
Wagner Lopes,Vila Nova FC,5677,Treinador,0,2021-03-08,2021-06-24,0,108,23,1.52
Higo Magalhães,Vila Nova FC,5677,Treinador interino,1,2021-06-24,2021-08-12,0,49,11,1.18
Hemerson Maria,Vila Nova FC,5677,Treinador,0,2021-08-12,2021-08-23,0,11,3,0.33
Higo Magalhães,Vila Nova FC,5677,Treinador,0,2021-08-23,2022-05-15,0,265,50,1.60
Dado Cavalcanti,Vila Nova FC,5677,Treinador,0,2022-05-18,2022-07-02,0,45,9,0.56
Allan Aal,Vila Nova FC,5677,Treinador,0,2022-07-07,2022-11-23,0,139,28,1.64
Claudinei Oliveira,Vila Nova FC,5677,Treinador,0,2022-12-14,2023-08-03,0,232,39,1.56
Marquinhos Santos,Vila Nova FC,5677,Treinador,0,2023-08-04,2023-09-20,0,47,8,1.38
Lisca,Vila Nova FC,5677,Treinador,0,2023-09-26,2023-10-21,0,25,4,1.25
Higo Magalhães,Vila Nova FC,5677,Treinador,0,2023-10-27,2024-03-18,0,143,19,2.11
Márcio Fernandes,Vila Nova FC,5677,Treinador,0,2024-03-19,2024-05-23,0,65,14,1.43
Luizinho Lopes,Vila Nova FC,5677,Treinador,0,2024-05-24,2024-10-21,0,150,26,1.54
Raphael Borges,Vila Nova FC,5677,Treinador interino,1,2024-05-28,2024-05-30,0,2,1,0.00
Thiago Carvalho,Vila Nova FC,5677,Treinador,0,2024-10-22,2024-11-25,0,34,6,1.00
Rafael Lacerda,Vila Nova FC,5677,Treinador,0,2025-01-01,2025-06-11,0,161,34,1.71
Jorciley Mendes,Vila Nova FC,5677,Treinador interino,1,2025-02-12,2025-02-14,0,2,1,1.00
Luizinho Lopes,Vila Nova FC,5677,Treinador,0,2025-06-12,2025-08-04,0,53,9,1.22
Paulo Turra,Vila Nova FC,5677,Treinador,0,2025-08-04,2025-09-25,0,52,8,1.25
Umberto Louzer,Vila Nova FC,5677,Treinador,0,2025-09-30,2026-03-18,0,169,24,1.58
Jayme Algarte,Vila Nova FC,5677,Treinador,0,2026-03-23,,1,,2,1.50
Guto Ferreira,Vila Nova FC,5677,Treinador,0,2026-03-27,,1,,28,1.61
Felipe Surian,Volta Redonda FC,4176,Treinador,0,2017-03-16,2018-02-20,0,341,32,1.19
Marcelo Salles,Volta Redonda FC,4176,Treinador,0,2018-02-23,2018-06-04,0,101,13,0.92
Moacir Júnior,Volta Redonda FC,4176,Treinador,0,2018-06-07,2018-08-15,0,69,10,1.10
Toninho Andrade,Volta Redonda FC,4176,Treinador,0,2018-11-01,2019-09-01,0,304,29,1.48
Luizinho Vieira,Volta Redonda FC,4176,Treinador,0,2020-01-07,2020-10-26,0,293,26,1.42
Neto Colucci,Volta Redonda FC,4176,Treinador,0,2020-10-30,2022-02-28,0,486,48,1.33
Wilson Leite,Volta Redonda FC,4176,Treinador,0,2022-02-28,2022-03-22,0,22,3,0.33
Rogério Corrêa,Volta Redonda FC,4176,Treinador,0,2022-03-29,2023-10-09,0,559,65,1.66
Felipe Loureiro,Volta Redonda FC,4176,Treinador,0,2023-10-24,2024-02-15,0,114,8,1.00
Rogério Corrêa,Volta Redonda FC,4176,Treinador,0,2024-02-21,2025-12-04,0,652,78,1.37
Rodrigo Santana,Volta Redonda FC,4176,Treinador,0,2025-12-08,2026-02-22,0,76,8,1.38
Neto Colucci,Volta Redonda FC,4176,Treinador interino,1,2026-02-23,2026-03-16,0,21,2,3.00
William de Mattia,Volta Redonda FC,4176,Treinador,0,2026-03-17,2026-04-27,0,41,9,1.44
Mário Jorge,Volta Redonda FC,4176,Treinador,0,2026-05-07,2026-08-10,0,95,13,1.15
