ano_chegada,clube,jogador,setor,faixa_do_clube,fronteira,clube_antes,minutos_antes,minutos,jogos,permanencia,aprovado_perfil_completo,aprovado_fisico,aprovado_duelo_corpo,aprovado_estilo_tecnico,aprovado_minutagem,indicadores_com_dado
2023,ABC,Romário,Lateral,Cai,False,Novorizontino,2215.0,1725.0,20.0,0.0,False,,False,True,False,4
2023,ABC,Alex Silva,Lateral,Cai,False,Vila Nova,2599.0,918.0,10.0,0.0,False,False,False,True,False,6
2023,ABC,Júnior Todinho,Atacante,Cai,False,Brusque,973.0,619.0,10.0,0.0,False,False,True,True,False,6
2023,ABC,Léo Ceará,Atacante,Cai,False,Ituano,989.0,461.0,7.0,0.0,False,False,True,False,False,6
2023,Atlético-GO,Marcos Serrato,Meia,Sobe,True,Criciúma,1604.0,67.0,6.0,0.0,False,False,False,False,False,6
2023,Avaí,Igor Inocêncio,Lateral,Meio,False,CSA,1597.0,2044.0,25.0,0.0,False,False,False,False,False,6
2023,Avaí,Gabriel Poveda,Atacante,Meio,False,Sampaio Corrêa,3122.0,1313.0,19.0,100.0,False,False,True,False,False,6
2023,Avaí,Jean Lucas,Extremo,Meio,False,Tombense,2527.0,797.0,9.0,100.0,False,False,False,True,False,6
2023,Avaí,Dentinho,Meia,Meio,False,Vila Nova,920.0,731.0,14.0,0.0,False,False,True,False,False,6
2023,Avaí,Giva,Meia,Meio,False,CSA,1609.0,544.0,10.0,0.0,False,False,False,False,False,6
2023,Botafogo-SP,Thassio,Lateral,Meio,False,Náutico,1090.0,2404.0,30.0,100.0,False,False,True,True,False,6
2023,Botafogo-SP,Lucas Dias,Zaga,Meio,False,Ituano,2107.0,1400.0,17.0,0.0,False,True,False,True,False,5
2023,CRB,Fabio Alemão,Zaga,Meio,False,Sport,1144.0,2184.0,24.0,100.0,False,False,False,True,False,5
2023,CRB,Anderson Conceição,Zaga,Meio,False,Vasco,3493.0,1760.0,20.0,0.0,False,True,False,True,False,5
2023,CRB,Saimon,Zaga,Meio,False,Londrina,3137.0,1189.0,18.0,100.0,False,False,False,True,False,5
2023,CRB,Edimar,Lateral,Meio,False,Vasco,3188.0,1153.0,17.0,0.0,False,False,False,True,False,6
2023,Ceará,Janderson,Meia,Meio,False,Grêmio,954.0,1654.0,33.0,100.0,False,False,False,False,False,6
2023,Ceará,Willian Formiga,Lateral,Meio,False,Vila Nova,2787.0,863.0,14.0,0.0,False,False,True,True,False,6
2023,Ceará,Chrystian Barletta,Extremo,Meio,False,Chapecoense,1922.0,731.0,11.0,0.0,False,False,True,False,False,6
2023,Ceará,André Luiz,Goleiro,Meio,False,Sampaio Corrêa,3136.0,576.0,6.0,0.0,False,False,False,False,False,6
2023,Ceará,Arthur Rezende,Volante,Meio,False,Vila Nova,2653.0,310.0,6.0,0.0,False,False,False,False,False,6
2023,Ceará,Luvannor,Meia,Meio,False,Cruzeiro,1800.0,167.0,5.0,0.0,True,True,True,True,False,6
2023,Chapecoense,Giovanni Pavani,Meia,Meio,True,Operário-PR,1840.0,2578.0,32.0,0.0,False,False,False,False,False,6
2023,Chapecoense,Felipe Albuquerque,Lateral,Meio,True,Novorizontino,996.0,1443.0,22.0,0.0,True,True,True,True,False,6
2023,Chapecoense,Kayke,Atacante,Meio,True,Sport,1433.0,1441.0,24.0,0.0,False,False,True,False,False,6
2023,Chapecoense,Dudu Vieira,Meia,Meio,True,Ituano,941.0,991.0,16.0,0.0,False,False,True,False,False,6
2023,Chapecoense,Victor Ferraz,Extremo,Meio,True,Náutico,2347.0,829.0,11.0,0.0,False,False,True,True,False,5
2023,Chapecoense,Douglas Borel,Lateral,Meio,True,Bahia,1110.0,673.0,12.0,0.0,False,False,False,True,False,6
2023,Chapecoense,Kaio Mendes,Lateral,Meio,True,Ituano,2336.0,642.0,12.0,0.0,False,False,False,True,False,6
2023,Chapecoense,Richard Rodrigues,Meia,Meio,True,CRB,1388.0,637.0,12.0,0.0,False,False,False,False,False,6
2023,Chapecoense,Gabriel Xavier,Meia,Meio,True,Bahia,1046.0,269.0,9.0,0.0,False,False,False,True,False,5
2023,Chapecoense,Fabiano,Lateral,Meio,True,Operário-PR,3403.0,257.0,5.0,0.0,False,False,True,False,False,6
2023,Chapecoense,Tomás Bastos,Meia,Meio,True,Operário-PR,1326.0,145.0,4.0,0.0,False,False,False,False,False,6
2023,Guarani,Pegorari,Goleiro,Meio,False,Ituano,1792.0,2488.0,26.0,100.0,False,,True,False,False,4
2023,Guarani,J. Victor,Meia,Meio,False,Ituano,1011.0,2084.0,33.0,100.0,False,False,False,False,False,6
2023,Guarani,Wálber,Zaga,Meio,False,Novorizontino,1863.0,1162.0,13.0,0.0,False,False,False,False,False,5
2023,Guarani,Lucas Araújo,Volante,Meio,False,Sampaio Corrêa,1156.0,1090.0,25.0,100.0,False,False,True,False,False,6
2023,Ituano,Felipe Saraiva,Meia,Meio,True,Operário-PR,1010.0,1999.0,28.0,0.0,False,False,False,True,False,6
2023,Ituano,Quirino,Atacante,Meio,True,Novorizontino,1448.0,1634.0,30.0,0.0,False,,True,False,False,4
2023,Ituano,Yann Rolim,Meia,Meio,True,CSA,1071.0,1568.0,26.0,100.0,False,False,False,False,False,6
2023,Ituano,Eduardo Person,Meia,Meio,True,Guarani,1024.0,1523.0,21.0,100.0,False,False,False,False,False,6
2023,Ituano,Marthã,Meia,Meio,True,CRB,1058.0,1184.0,17.0,0.0,False,False,False,False,False,6
2023,Ituano,Frazan,Zaga,Meio,True,Chapecoense,1327.0,633.0,9.0,0.0,False,False,False,False,False,5
2023,Ituano,Marcelo Freitas,Meia,Meio,True,Chapecoense,2299.0,262.0,3.0,0.0,False,False,True,True,False,6
2023,Juventude,Danilo Boza,Zaga,Sobe,True,Vasco,1387.0,3888.0,38.0,0.0,False,True,True,False,False,5
2023,Juventude,Alan Ruschel,Lateral,Sobe,True,Londrina,1959.0,2845.0,32.0,0.0,False,False,False,True,False,6
2023,Juventude,Zé Marcos,Zaga,Sobe,True,Criciúma,1181.0,2704.0,29.0,0.0,False,False,False,False,False,5
2023,Juventude,Nenê,Meia,Sobe,True,Vasco,2570.0,2415.0,28.0,0.0,False,False,True,False,False,6
2023,Juventude,David,Extremo,Sobe,True,Tombense,2582.0,2243.0,30.0,0.0,False,True,False,False,False,6
2023,Juventude,Rodrigo Rodrigues,Atacante,Sobe,True,CSA,1645.0,1937.0,20.0,0.0,False,False,False,False,False,6
2023,Juventude,Mandaca,Meia,Sobe,True,Londrina,1877.0,1320.0,23.0,0.0,False,False,True,False,False,6
2023,Juventude,Élton,Atacante,Sobe,True,CSA,907.0,102.0,3.0,0.0,False,False,False,True,False,6
2023,Juventude,Echaporã,Extremo,Sobe,True,Ponte Preta,1104.0,81.0,3.0,0.0,False,True,False,False,False,6
2023,Londrina,Lucas Frigeri,Goleiro,Cai,False,Novorizontino,1796.0,1686.0,17.0,0.0,False,,True,False,False,4
2023,Londrina,Diego Jardel,Meia,Cai,False,Brusque,960.0,826.0,15.0,0.0,False,False,False,False,False,6
2023,Londrina,Lucas Mendes,Lateral,Cai,False,Operário-PR,1095.0,606.0,7.0,0.0,False,True,False,False,False,6
2023,Mirassol,Lucas Ramon,Lateral,Meio,True,Guarani,1267.0,3252.0,35.0,100.0,False,True,True,False,False,6
2023,Mirassol,Fernandinho,Extremo,Meio,True,Brusque,2150.0,1476.0,31.0,100.0,False,True,True,False,False,6
2023,Mirassol,Manoel,Lateral,Meio,True,Tombense,3246.0,1196.0,18.0,0.0,False,True,False,True,False,6
2023,Mirassol,Neto Moura,Meia,Meio,True,Cruzeiro,2465.0,1177.0,14.0,100.0,False,False,True,True,False,6
2023,Mirassol,Leandro Vilela,Volante,Meio,True,Guarani,2276.0,745.0,13.0,0.0,False,False,False,False,False,6
2023,Mirassol,Reniê,Zaga,Meio,True,Operário-PR,3222.0,219.0,3.0,0.0,False,False,False,False,False,5
2023,Mirassol,Rodrigo Ferreira,Lateral,Meio,True,Grêmio,1829.0,177.0,5.0,0.0,False,False,True,True,False,6
2023,Mirassol,Silvinho,Meia,Meio,True,Operário-PR,1161.0,155.0,6.0,0.0,False,False,False,False,False,6
2023,Novorizontino,Aylon,Extremo,Meio,True,Ituano,1995.0,2491.0,35.0,0.0,False,False,False,True,False,6
2023,Novorizontino,Renato Palm,Zaga,Meio,True,Vila Nova,1591.0,1790.0,20.0,100.0,False,False,True,False,False,5
2023,Novorizontino,Raul Prata,Lateral,Meio,True,CRB,2482.0,721.0,10.0,100.0,False,False,False,False,False,6
2023,Novorizontino,Zé Mateus,Lateral,Meio,True,Brusque,1793.0,704.0,14.0,0.0,False,False,False,True,False,6
2023,Novorizontino,Biel,Meia,Meio,True,Grêmio,2646.0,263.0,13.0,0.0,False,True,False,False,False,6
2023,Ponte Preta,Maílton,Lateral,Meio,True,Chapecoense,1186.0,1358.0,28.0,0.0,False,False,True,False,False,6
2023,Ponte Preta,Pablo Dyego,Meia,Meio,True,Vila Nova,2028.0,1220.0,16.0,0.0,False,False,False,False,False,6
2023,Ponte Preta,Júnior Tavares,Lateral,Meio,True,Náutico,1086.0,306.0,5.0,0.0,False,False,False,True,False,6
2023,Ponte Preta,Souza,Meia,Meio,True,Náutico,1412.0,175.0,3.0,0.0,False,False,True,True,False,6
2023,Sampaio Corrêa,Jhony Douglas,Volante,Cai,True,Novorizontino,2149.0,908.0,15.0,0.0,False,False,False,False,False,6
2023,Sampaio Corrêa,Samuel Santos,Lateral,Cai,True,Londrina,1725.0,528.0,12.0,0.0,False,False,False,True,False,6
2023,Sampaio Corrêa,Claudinei,Meia,Cai,True,CRB,1400.0,486.0,9.0,0.0,False,False,False,False,False,6
2023,Sport,Alisson Cassiano,Zaga,Meio,True,Vila Nova,1968.0,685.0,10.0,100.0,False,False,False,False,False,5
2023,Sport,Gabriel Santos,Atacante,Meio,True,Londrina,1566.0,317.0,13.0,0.0,False,False,True,True,False,6
2023,Tombense,Alex Sandro,Atacante,Cai,True,Brusque,2035.0,1453.0,27.0,0.0,True,True,True,True,False,6
2023,Tombense,Bruno Matias,Meia,Cai,True,Sport,1247.0,1207.0,12.0,0.0,False,False,False,True,False,6
2023,Tombense,Daniel Amorim,Atacante,Cai,True,Vila Nova,1827.0,733.0,19.0,0.0,False,False,False,False,False,6
2023,Tombense,Lucas Marques,Meia,Cai,True,CSA,1381.0,13.0,1.0,0.0,False,False,True,True,False,6
2023,Vila Nova,Lourenço,Meia,Meio,True,CSA,1908.0,2817.0,34.0,0.0,False,True,False,False,False,6
2023,Vila Nova,Caio Dantas,Atacante,Meio,True,Criciúma,1448.0,2457.0,32.0,0.0,False,False,True,False,False,6
2023,Vila Nova,Diego Renan,Lateral,Meio,True,CSA,2844.0,315.0,9.0,0.0,False,False,True,False,False,6
2023,Vila Nova,Marcondes,Zaga,Meio,True,Tombense,1178.0,313.0,7.0,100.0,False,False,False,False,False,5
2023,Vila Nova,Vanderlei,Goleiro,Meio,True,Operário-PR,3240.0,107.0,1.0,0.0,True,,True,True,False,4
2023,Vitória,Osvaldo,Meia,Sobe,False,CSA,2144.0,2584.0,31.0,0.0,False,False,False,False,False,6
2023,Vitória,Rodrigo Andrade,Volante,Sobe,False,Guarani,1906.0,2208.0,25.0,0.0,False,False,False,False,False,6
2023,Vitória,Matheuzinho,Meia,Sobe,False,Vila Nova,1911.0,2009.0,27.0,0.0,False,True,True,False,False,6
2023,Vitória,Gegé,Volante,Sobe,False,Londrina,2677.0,1267.0,28.0,0.0,False,False,True,True,False,6
2023,Vitória,Giovanni Augusto,Meia,Sobe,False,Guarani,2294.0,986.0,20.0,0.0,False,False,True,True,False,6
2023,Vitória,Matheus Trindade,Volante,Sobe,False,Brusque,1334.0,701.0,12.0,0.0,False,False,True,False,False,6
2023,Vitória,Thiago Rodrigues,Goleiro,Sobe,False,Vasco,3595.0,196.0,2.0,0.0,True,,True,True,False,4
2023,Vitória,Jhonny Lucas,Meia,Sobe,False,Londrina,1297.0,131.0,5.0,0.0,False,False,False,False,False,6
2023,Vitória,D. Torres,Meia,Sobe,False,Novorizontino,1790.0,100.0,5.0,0.0,False,False,False,True,False,6
2024,Amazonas,Alexis Alvariño,Zaga,Meio,False,Guarani,1083.0,2789.0,29.0,100.0,False,False,False,False,False,5
2024,Amazonas,William Barbio,Atacante,Meio,False,Londrina,1024.0,483.0,16.0,100.0,False,False,False,False,False,6
2024,Amazonas,Sousa,Volante,Meio,False,Vila Nova,1419.0,160.0,4.0,0.0,False,False,True,True,False,6
2024,América-MG,Éder,Zaga,Meio,False,Criciúma,2101.0,2507.0,26.0,0.0,False,True,False,True,False,6
2024,América-MG,Lucão,Zaga,Meio,False,Guarani,3596.0,1514.0,16.0,100.0,False,False,False,False,False,5
2024,América-MG,Felipe Amaral,Volante,Meio,False,Ponte Preta,2215.0,1017.0,22.0,100.0,False,False,False,False,True,6
2024,Avaí,Tiago Pagnussat,Zaga,Meio,False,Ceará,1905.0,3296.0,35.0,0.0,False,False,True,True,False,5
2024,Avaí,Willian Maranhão,Meia,Meio,False,Ceará,1575.0,2458.0,31.0,0.0,False,False,False,False,False,6
2024,Avaí,Vágner Love,Atacante,Meio,False,Sport,2871.0,1649.0,24.0,100.0,False,False,False,True,True,6
2024,Avaí,Hygor,Atacante,Meio,False,Criciúma,1232.0,1510.0,23.0,100.0,False,True,True,False,False,6
2024,Avaí,Ronaldo Henrique,Meia,Meio,False,Sport,2254.0,725.0,21.0,0.0,False,False,False,True,False,6
2024,Avaí,Kevin,Lateral,Meio,False,Tombense,1521.0,92.0,3.0,0.0,True,True,True,True,False,6
2024,Botafogo-SP,Douglas Baggio,Extremo,Meio,False,Novorizontino,2510.0,2934.0,35.0,0.0,False,False,False,False,True,6
2024,Botafogo-SP,Fábio Sanches,Zaga,Meio,False,Ponte Preta,2486.0,1871.0,22.0,0.0,False,True,False,False,True,5
2024,Botafogo-SP,Alex Sandro,Atacante,Meio,False,Tombense,1453.0,1382.0,23.0,0.0,False,False,True,True,True,6
2024,Botafogo-SP,Matheus Barbosa,Meia,Meio,False,Guarani,2464.0,1184.0,16.0,100.0,False,False,False,False,False,6
2024,Botafogo-SP,Pedro Costa,Lateral,Meio,False,Tombense,2853.0,262.0,4.0,0.0,False,True,True,False,False,6
2024,Brusque,Wallace,Zaga,Cai,False,ABC,1304.0,3333.0,34.0,0.0,False,False,False,True,False,6
2024,Brusque,Mateus Pivô,Lateral,Cai,False,Sampaio Corrêa,2232.0,2291.0,26.0,0.0,True,True,True,True,False,6
2024,Brusque,Paulinho Moccelin,Extremo,Cai,False,Londrina,2726.0,1859.0,29.0,0.0,False,True,False,False,False,6
2024,Brusque,Osman,Atacante,Cai,False,Botafogo-SP,2554.0,733.0,18.0,0.0,False,False,True,True,False,6
2024,Brusque,Marcelo,Lateral,Cai,False,Vitória,1490.0,639.0,9.0,0.0,False,False,True,False,False,6
2024,Brusque,Cristovam,Lateral,Cai,False,Criciúma,1380.0,541.0,12.0,0.0,False,False,False,False,False,6
2024,Brusque,Keké,Atacante,Cai,False,Tombense,1165.0,515.0,12.0,0.0,False,False,False,False,False,6
2024,Brusque,Ronei,Lateral,Cai,False,Chapecoense,1512.0,411.0,11.0,0.0,False,False,False,False,False,6
2024,CRB,Matheus Albino,Goleiro,Meio,False,Botafogo-SP,3098.0,3649.0,36.0,100.0,False,,True,False,False,4
2024,CRB,Gegé,Meia,Meio,False,Vitória,1267.0,2801.0,33.0,100.0,False,False,False,True,False,6
2024,CRB,Gustavo Henrique,Zaga,Meio,False,Sampaio Corrêa,2836.0,1532.0,20.0,0.0,False,True,False,True,False,5
2024,CRB,F. Labandeira,Extremo,Meio,False,Sport,1112.0,1205.0,23.0,0.0,False,False,False,False,False,6
2024,CRB,Kleiton,Meia,Meio,False,Tombense,1273.0,1123.0,20.0,0.0,False,False,True,False,True,6
2024,CRB,Chay,Meia,Meio,False,Ceará,1492.0,806.0,18.0,0.0,False,False,False,False,False,6
2024,CRB,Heron,Lateral,Meio,False,Atlético-GO,2652.0,86.0,3.0,0.0,False,True,False,False,False,5
2024,Ceará,Aylon,Atacante,Sobe,True,Novorizontino,2491.0,2892.0,36.0,0.0,False,False,False,False,True,6
2024,Ceará,Lourenço,Volante,Sobe,True,Vila Nova,2817.0,2552.0,30.0,0.0,False,False,False,False,True,6
2024,Ceará,Ramon Menezes,Zaga,Sobe,True,CRB,2186.0,1176.0,16.0,0.0,False,False,True,False,False,5
2024,Ceará,Jean Irmer,Zaga,Sobe,True,Juventude,1871.0,723.0,16.0,0.0,False,False,True,False,False,6
2024,Ceará,Bruninho,Extremo,Sobe,True,Guarani,2310.0,53.0,1.0,0.0,False,False,False,False,False,6
2024,Chapecoense,Rafael Carvalheira,Meia,Meio,False,Ituano,1985.0,2909.0,33.0,100.0,False,False,False,False,False,6
2024,Chapecoense,Eduardo Doma,Zaga,Meio,False,Vila Nova,3487.0,2048.0,22.0,100.0,False,False,False,True,False,5
2024,Chapecoense,Tárik,Volante,Meio,False,Botafogo-SP,2702.0,1821.0,27.0,0.0,False,False,False,False,False,6
2024,Chapecoense,Giovanni Augusto,Meia,Meio,False,Vitória,986.0,1508.0,27.0,100.0,False,False,True,True,False,6
2024,Chapecoense,Maílton,Lateral,Meio,False,Ponte Preta,1358.0,1386.0,23.0,100.0,False,False,False,False,False,6
2024,Chapecoense,Habraão,Zaga,Meio,False,ABC,1953.0,1041.0,11.0,0.0,False,False,True,False,False,5
2024,Chapecoense,Jhonnathan,Zaga,Meio,False,ABC,1272.0,640.0,9.0,100.0,False,False,True,True,False,6
2024,Chapecoense,Rômulo Souza,Atacante,Meio,False,CRB,1140.0,315.0,7.0,100.0,True,True,True,True,False,6
2024,Chapecoense,Jenison,Atacante,Meio,False,Novorizontino,1011.0,296.0,8.0,0.0,False,False,True,True,False,6
2024,Chapecoense,Kelvyn,Zaga,Meio,False,Juventude,1019.0,109.0,2.0,0.0,False,False,False,True,False,6
2024,Coritiba,Matheus Frizzo,Meia,Meio,False,Tombense,3106.0,2382.0,32.0,0.0,False,False,True,False,False,6
2024,Coritiba,Vini Paulista,Volante,Meio,False,Juventude,2163.0,1885.0,29.0,100.0,False,False,True,False,False,6
2024,Coritiba,Rodrigo Gelado,Lateral,Meio,False,Vila Nova,3416.0,1697.0,23.0,0.0,False,False,False,False,False,6
2024,Coritiba,Thalisson,Zaga,Meio,False,Mirassol,2506.0,1033.0,13.0,0.0,False,True,False,False,False,5
2024,Coritiba,Wesley Pomba,Extremo,Meio,False,Ituano,1265.0,710.0,20.0,0.0,False,True,False,False,False,6
2024,Coritiba,David,Extremo,Meio,False,Juventude,2243.0,132.0,4.0,0.0,False,False,True,False,True,6
2024,Goiás,Welliton Matheus,Extremo,Meio,True,ABC,1154.0,2595.0,35.0,100.0,False,False,False,False,False,6
2024,Goiás,Rafael Gava,Meia,Meio,True,Avaí,2645.0,2286.0,31.0,100.0,False,False,True,True,False,6
2024,Goiás,Paulo Baya,Extremo,Meio,True,Ponte Preta,1110.0,2169.0,33.0,0.0,False,True,False,False,False,6
2024,Goiás,Nathan Melo,Meia,Meio,True,ABC,1188.0,512.0,12.0,0.0,False,False,False,True,False,6
2024,Goiás,Régis,Atacante,Meio,True,Guarani,1352.0,508.0,16.0,0.0,False,False,False,False,False,6
2024,Goiás,Mateus Gonçalves,Extremo,Meio,True,Vitória,1370.0,455.0,8.0,0.0,False,False,False,False,False,6
2024,Goiás,Yan Souto,Zaga,Meio,True,Vitória,1017.0,261.0,4.0,0.0,False,True,False,False,False,5
2024,Guarani,Caio Dantas,Atacante,Cai,False,Vila Nova,2457.0,3111.0,35.0,0.0,False,False,True,False,True,6
2024,Guarani,Jefferson,Lateral,Cai,False,Atlético-GO,1052.0,2559.0,30.0,0.0,False,False,True,True,False,6
2024,Guarani,Pacheco,Lateral,Cai,False,Ituano,2216.0,1969.0,24.0,0.0,False,False,True,True,False,6
2024,Guarani,Léo Santos,Zaga,Cai,False,Ceará,1353.0,1092.0,12.0,0.0,False,False,False,False,False,6
2024,Guarani,Rayan,Zaga,Cai,False,Criciúma,902.0,283.0,3.0,0.0,False,False,False,False,False,5
2024,Ituano,Miquéias,Meia,Cai,False,Criciúma,1011.0,2820.0,34.0,0.0,False,False,False,False,False,6
2024,Ituano,Thonny Anderson,Atacante,Cai,False,ABC,1693.0,2369.0,27.0,0.0,False,False,True,True,False,6
2024,Ituano,Wálber,Zaga,Cai,False,Guarani,1162.0,1156.0,13.0,0.0,False,False,False,False,False,5
2024,Ituano,Salatiel,Atacante,Cai,False,Botafogo-SP,1956.0,981.0,20.0,0.0,False,True,True,False,False,6
2024,Ituano,Léo Duarte,Lateral,Cai,False,Vila Nova,2313.0,741.0,15.0,0.0,False,False,True,False,False,6
2024,Ituano,Luiz Gustavo,Zaga,Cai,False,Juventude,1146.0,622.0,7.0,0.0,False,False,False,False,False,5
2024,Mirassol,Zeca,Lateral,Sobe,True,Vitória,2214.0,2167.0,23.0,0.0,False,False,True,True,False,6
2024,Mirassol,Lucas Gazal,Zaga,Sobe,True,Atlético-GO,1673.0,1315.0,22.0,0.0,False,False,False,False,False,5
2024,Mirassol,Warley,Lateral,Sobe,True,Ceará,2302.0,1067.0,12.0,0.0,False,True,False,True,False,6
2024,Mirassol,Isaque,Meia,Sobe,True,Guarani,1522.0,854.0,17.0,0.0,False,False,True,False,False,6
2024,Mirassol,Léo Gamalho,Atacante,Sobe,True,Vitória,1769.0,747.0,19.0,0.0,False,False,False,True,False,6
2024,Mirassol,Alex Silva,Lateral,Sobe,True,ABC,918.0,716.0,26.0,0.0,False,False,False,True,False,6
2024,Mirassol,Quirino,Atacante,Sobe,True,Ituano,1634.0,507.0,17.0,0.0,False,,False,False,True,4
2024,Mirassol,Rodrigo Andrade,Meia,Sobe,True,Vitória,2208.0,474.0,12.0,0.0,False,False,True,False,True,6
2024,Mirassol,Bruno Matias,Meia,Sobe,True,Tombense,1207.0,285.0,13.0,0.0,False,False,False,False,False,6
2024,Mirassol,Artur,Lateral,Sobe,True,Ponte Preta,3442.0,207.0,6.0,0.0,True,True,True,True,True,6
2024,Novorizontino,N. Pessôa,Extremo,Meio,True,Vila Nova,2139.0,2665.0,37.0,0.0,True,True,True,True,False,6
2024,Novorizontino,Rafael Donato,Zaga,Meio,True,Vila Nova,3808.0,2579.0,30.0,100.0,True,True,True,True,True,5
2024,Novorizontino,Waguininho,Extremo,Meio,True,Avaí,1500.0,2508.0,31.0,100.0,False,False,False,False,False,6
2024,Novorizontino,Rodrigo Soares,Lateral,Meio,True,Atlético-GO,1656.0,2145.0,33.0,100.0,False,False,False,True,False,6
2024,Novorizontino,Fabrício Daniel,Extremo,Meio,True,Sport,1092.0,1235.0,23.0,0.0,False,False,True,True,False,6
2024,Novorizontino,Pablo Dyego,Extremo,Meio,True,Ponte Preta,1220.0,1011.0,19.0,100.0,False,True,False,False,False,6
2024,Novorizontino,Danilo Barcelos,Lateral,Meio,True,Ceará,1110.0,581.0,16.0,0.0,False,False,False,True,False,6
2024,Novorizontino,Lucas Cardoso,Atacante,Meio,True,Botafogo-SP,1586.0,470.0,11.0,0.0,False,False,False,False,False,6
2024,Operário-PR,Rodrigo Rodrigues,Atacante,Meio,False,Juventude,1937.0,2154.0,27.0,0.0,False,False,True,False,True,6
2024,Operário-PR,Pará,Lateral,Meio,False,Sampaio Corrêa,1211.0,2109.0,26.0,0.0,False,False,True,False,False,6
2024,Operário-PR,Ronald,Extremo,Meio,False,Vila Nova,930.0,1637.0,29.0,0.0,False,False,False,False,False,6
2024,Operário-PR,Thales Oleques,Lateral,Meio,False,Avaí,2069.0,1588.0,17.0,100.0,False,False,False,False,False,6
2024,Operário-PR,Neto Paraíba,Volante,Meio,False,Sampaio Corrêa,2733.0,842.0,16.0,100.0,False,False,True,False,False,6
2024,Operário-PR,M. Antônio,Meia,Meio,False,Chapecoense,942.0,307.0,11.0,0.0,False,False,False,False,False,6
2024,Ponte Preta,Igor Inocêncio,Lateral,Cai,False,Avaí,2044.0,2674.0,31.0,0.0,False,False,False,False,False,6
2024,Ponte Preta,Iago Dias,Extremo,Cai,False,Londrina,2234.0,1818.0,31.0,0.0,False,False,True,True,False,6
2024,Ponte Preta,Dudu Vieira,Volante,Cai,False,Chapecoense,991.0,1084.0,14.0,0.0,False,True,True,False,False,6
2024,Ponte Preta,Éverton Brito,Meia,Cai,False,Vila Nova,1466.0,1063.0,18.0,0.0,False,False,False,False,False,6
2024,Ponte Preta,Renato,Atacante,Cai,False,CRB,2306.0,678.0,17.0,0.0,False,True,False,False,False,6
2024,Sport,Caíque França,Goleiro,Sobe,True,Ponte Preta,3690.0,3678.0,37.0,0.0,False,,True,False,True,4
2024,Sport,Lucas Lima,Extremo,Sobe,True,CRB,2802.0,3249.0,35.0,0.0,False,False,True,False,False,6
2024,Sport,Gustavo Coutinho,Atacante,Sobe,True,Atlético-GO,2565.0,2327.0,34.0,0.0,False,False,False,False,False,6
2024,Sport,Zé Roberto,Atacante,Sobe,True,Mirassol,1484.0,1323.0,28.0,0.0,False,False,False,True,False,6
2024,Sport,Thiago Couto,Goleiro,Sobe,True,Juventude,3436.0,184.0,2.0,0.0,True,,True,True,False,4
2024,Vila Nova,Arilson,Volante,Meio,False,Criciúma,3194.0,1160.0,17.0,100.0,False,True,False,False,True,6
2024,Vila Nova,Anderson Conceição,Zaga,Meio,False,CRB,1760.0,398.0,5.0,0.0,False,False,False,True,False,5
2025,Amazonas,Henrique Almeida,Atacante,Cai,False,Vila Nova,2027.0,2283.0,29.0,0.0,False,False,False,False,False,6
2025,Amazonas,Alex Sandro,Meia,Cai,False,Botafogo-SP,1382.0,389.0,7.0,0.0,False,True,False,True,True,6
2025,Amazonas,Gabriel Novaes,Atacante,Cai,False,Ponte Preta,2175.0,374.0,8.0,0.0,True,True,True,True,False,6
2025,América-MG,Willian,Atacante,Meio,False,Santos,1150.0,2604.0,33.0,100.0,False,True,False,False,False,6
2025,América-MG,Figueiredo,Extremo,Meio,False,Coritiba,1558.0,1841.0,21.0,0.0,False,False,False,False,True,6
2025,América-MG,Miquéias,Meia,Meio,False,Ituano,2820.0,1787.0,28.0,0.0,False,True,False,False,False,6
2025,América-MG,Cauan Barros,Meia,Meio,False,Amazonas,1963.0,1551.0,17.0,0.0,False,False,False,False,False,6
2025,América-MG,F. Labandeira,Extremo,Meio,False,CRB,1205.0,674.0,12.0,0.0,False,False,False,False,False,6
2025,América-MG,C. Ortiz,Meia,Meio,False,Sport,2064.0,516.0,12.0,0.0,False,False,True,True,False,6
2025,América-MG,Dalbert,Lateral,Meio,False,Sport,1585.0,65.0,3.0,100.0,False,True,False,True,False,6
2025,Athletic,Rodrigo Gelado,Lateral,Meio,False,Coritiba,1697.0,2386.0,27.0,0.0,False,True,True,False,False,6
2025,Athletic,Ezequiel,Meia,Meio,False,Amazonas,2387.0,601.0,19.0,0.0,False,False,True,True,False,6
2025,Athletico-PR,Habraão,Zaga,Sobe,False,Chapecoense,1041.0,1204.0,14.0,0.0,False,False,False,False,False,5
2025,Athletico-PR,Leozinho,Extremo,Sobe,False,Ituano,1409.0,944.0,20.0,0.0,False,False,False,True,False,6
2025,Athletico-PR,Giuliano,Meia,Sobe,False,Santos,2404.0,751.0,16.0,0.0,False,False,False,False,False,6
2025,Athletico-PR,Falcão,Meia,Sobe,False,CRB,2768.0,596.0,9.0,0.0,False,False,False,False,True,6
2025,Atlético-GO,Matheus Felipe,Zaga,Meio,False,Ceará,1983.0,1155.0,13.0,0.0,False,False,False,False,False,5
2025,Atlético-GO,Vladimir,Goleiro,Meio,False,Guarani,2258.0,1124.0,12.0,100.0,False,,True,False,False,4
2025,Atlético-GO,Willian Maranhão,Volante,Meio,False,Avaí,2458.0,1084.0,14.0,0.0,False,False,True,False,False,6
2025,Atlético-GO,Jean Dias,Lateral,Meio,False,Paysandu,1516.0,962.0,14.0,0.0,False,False,True,False,False,6
2025,Atlético-GO,Daniel Lima,Atacante,Meio,False,Operário-PR,1543.0,549.0,12.0,0.0,False,False,False,False,False,6
2025,Atlético-GO,Castro,Volante,Meio,False,Ponte Preta,2522.0,93.0,4.0,0.0,False,True,False,False,False,6
2025,Avaí,Emerson Negueba,Extremo,Meio,False,Botafogo-SP,2618.0,2076.0,29.0,0.0,False,True,False,False,True,6
2025,Avaí,Jamerson,Meia,Meio,False,Coritiba,1204.0,516.0,12.0,100.0,True,True,True,True,False,6
2025,Botafogo-SP,G. Risso,Lateral,Meio,True,Ponte Preta,2205.0,3013.0,35.0,0.0,True,True,True,True,False,6
2025,Botafogo-SP,Gabriel Bispo,Volante,Meio,True,Guarani,1612.0,2244.0,27.0,0.0,False,False,True,False,False,6
2025,Botafogo-SP,Edson Felipe,Zaga,Meio,True,Goiás,1934.0,1170.0,16.0,0.0,False,False,False,False,False,5
2025,Botafogo-SP,Vilar,Zaga,Meio,True,Avaí,2541.0,1114.0,11.0,100.0,False,False,True,False,True,5
2025,Botafogo-SP,Guilherme Queiróz,Atacante,Meio,True,Brusque,1410.0,672.0,14.0,100.0,False,False,False,False,False,6
2025,Botafogo-SP,Matheus Régis,Meia,Meio,True,Ponte Preta,1692.0,524.0,18.0,0.0,False,True,False,False,False,6
2025,CRB,Douglas Baggio,Extremo,Meio,False,Botafogo-SP,2934.0,1502.0,32.0,100.0,False,False,False,False,True,6
2025,CRB,William Pottker,Atacante,Meio,False,Avaí,1046.0,1411.0,29.0,0.0,False,False,False,False,False,6
2025,CRB,Breno Herculano,Atacante,Meio,False,Goiás,1276.0,1226.0,26.0,0.0,False,False,False,False,False,6
2025,CRB,Giovanni,Meia,Meio,False,Avaí,2528.0,798.0,22.0,0.0,False,False,False,True,False,6
2025,CRB,Hayner,Lateral,Meio,False,Santos,1015.0,787.0,17.0,0.0,False,False,True,False,False,6
2025,CRB,F. Barceló,Atacante,Meio,False,Ceará,1011.0,371.0,14.0,0.0,False,False,False,False,False,6
2025,Chapecoense,N. Pessôa,Atacante,Sobe,True,Novorizontino,2665.0,2203.0,31.0,0.0,False,True,False,False,True,6
2025,Chapecoense,Rafael Santos,Goleiro,Sobe,True,Operário-PR,3128.0,1428.0,15.0,0.0,True,,True,True,False,4
2025,Chapecoense,J. Jiménez,Meia,Sobe,True,Amazonas,1461.0,1000.0,26.0,0.0,False,False,False,True,False,6
2025,Coritiba,Jacy,Zaga,Sobe,False,Operário-PR,2000.0,3017.0,32.0,0.0,False,True,True,False,False,6
2025,Coritiba,Zeca,Lateral,Sobe,False,Mirassol,2167.0,2964.0,33.0,0.0,False,False,False,True,True,6
2025,Coritiba,Gustavo Coutinho,Atacante,Sobe,False,Sport,2327.0,2042.0,37.0,0.0,False,True,False,False,True,6
2025,Coritiba,Iury,Extremo,Sobe,False,Mirassol,1030.0,1613.0,27.0,0.0,False,False,False,False,False,6
2025,Coritiba,Dellatorre,Atacante,Sobe,False,Mirassol,2828.0,1390.0,25.0,0.0,False,True,True,False,False,6
2025,Criciúma,Luciano Castán,Zaga,Meio,True,Sport,1936.0,3532.0,35.0,100.0,False,False,False,True,False,5
2025,Criciúma,Benevenuto,Zaga,Meio,True,Coritiba,2157.0,1029.0,15.0,0.0,False,True,False,False,False,5
2025,Criciúma,B. Borasi,Extremo,Meio,True,Paysandu,1335.0,993.0,23.0,0.0,False,True,False,False,False,6
2025,Criciúma,Everton Morelli,Meia,Meio,True,Coritiba,1776.0,861.0,12.0,0.0,False,False,True,False,False,6
2025,Criciúma,Zé Gabriel,Zaga,Meio,True,Coritiba,1293.0,735.0,10.0,0.0,False,False,False,True,False,6
2025,Criciúma,Sassá,Atacante,Meio,True,Amazonas,1612.0,234.0,11.0,0.0,False,False,True,False,False,6
2025,Cuiabá,Sander,Lateral,Meio,False,Goiás,2070.0,2077.0,24.0,0.0,False,True,True,False,True,6
2025,Cuiabá,Juan Christian,Extremo,Meio,False,Vila Nova,1273.0,1693.0,32.0,0.0,False,False,False,False,False,6
2025,Cuiabá,Patrick De Lucca,Meia,Meio,False,Ceará,2617.0,1556.0,25.0,0.0,False,False,True,True,True,6
2025,Cuiabá,Guilherme Mariano,Zaga,Meio,False,Ituano,1924.0,801.0,16.0,0.0,False,True,False,False,False,5
2025,Ferroviária,Dênis Júnior,Goleiro,Cai,True,Vila Nova,3662.0,3824.0,38.0,0.0,False,,True,False,True,4
2025,Ferroviária,Netinho,Meia,Cai,True,Paysandu,1021.0,2462.0,31.0,0.0,False,False,False,False,False,6
2025,Ferroviária,Fabrício Daniel,Extremo,Cai,True,Novorizontino,1235.0,1105.0,17.0,0.0,False,False,False,False,False,6
2025,Ferroviária,Tárik,Volante,Cai,True,Chapecoense,1821.0,744.0,22.0,0.0,False,False,False,False,False,6
2025,Ferroviária,Ronaldo,Atacante,Cai,True,Operário-PR,1088.0,559.0,20.0,0.0,False,False,True,False,False,6
2025,Goiás,Anselmo Ramon,Atacante,Meio,True,CRB,3188.0,3153.0,35.0,100.0,False,False,False,True,True,6
2025,Goiás,Luiz Felipe,Zaga,Meio,True,Ponte Preta,980.0,889.0,11.0,0.0,False,False,False,False,False,6
2025,Goiás,E. Garcia,Extremo,Meio,True,Paysandu,1763.0,338.0,11.0,100.0,False,False,False,False,False,6
2025,Novorizontino,Matheus Frizzo,Meia,Meio,True,Coritiba,2382.0,2403.0,34.0,0.0,False,False,False,False,True,6
2025,Novorizontino,Robson,Atacante,Meio,True,Coritiba,1445.0,1592.0,24.0,100.0,True,,True,True,False,4
2025,Novorizontino,Rômulo,Meia,Meio,True,CRB,1056.0,1055.0,16.0,100.0,False,False,False,False,False,6
2025,Novorizontino,Raí Ramos,Lateral,Meio,True,Ceará,1298.0,1005.0,14.0,0.0,False,True,True,False,False,6
2025,Novorizontino,Patrick Brey,Lateral,Meio,True,Botafogo-SP,2198.0,959.0,14.0,0.0,False,False,False,False,True,6
2025,Novorizontino,Caio Dantas,Atacante,Meio,True,Guarani,3111.0,936.0,16.0,0.0,False,False,True,False,True,6
2025,Operário-PR,Miranda,Zaga,Meio,False,Amazonas,2685.0,2379.0,24.0,100.0,False,False,False,True,False,5
2025,Operário-PR,Kleiton,Extremo,Meio,False,CRB,1123.0,609.0,15.0,0.0,False,False,False,False,True,6
2025,Operário-PR,Ryan,Zaga,Meio,False,CRB,1278.0,124.0,2.0,0.0,False,False,False,True,False,6
2025,Paysandu,Reverson,Lateral,Cai,False,Novorizontino,2404.0,2761.0,32.0,0.0,False,False,False,True,True,6
2025,Paysandu,Maurício Garcez,Meia,Cai,False,Avaí,2570.0,2046.0,22.0,0.0,False,False,False,False,False,6
2025,Paysandu,Thalisson,Zaga,Cai,False,Coritiba,1033.0,2039.0,21.0,0.0,False,True,False,False,False,5
2025,Paysandu,Maurício Antônio,Zaga,Cai,False,Coritiba,2110.0,1342.0,15.0,0.0,False,False,True,True,False,5
2025,Paysandu,Anderson Leite,Volante,Cai,False,Guarani,1211.0,1199.0,16.0,0.0,False,False,True,True,False,6
2025,Paysandu,Dudu Vieira,Meia,Cai,False,Ponte Preta,1084.0,516.0,10.0,0.0,False,False,False,False,False,6
2025,Paysandu,Ramon,Meia,Cai,False,Ponte Preta,1156.0,329.0,7.0,0.0,False,False,False,True,False,6
2025,Remo,Pedro Rocha,Extremo,Sobe,True,Ponte Preta,3257.0,2972.0,32.0,0.0,False,,True,False,False,4
2025,Remo,Pedro Castro,Meia,Sobe,True,Avaí,2137.0,1692.0,28.0,0.0,False,False,True,True,False,6
2025,Remo,Maxwell,Extremo,Sobe,True,Operário-PR,1915.0,154.0,5.0,0.0,False,False,False,True,False,6
2025,Vila Nova,João Vieira,Volante,Meio,False,Paysandu,3364.0,3244.0,36.0,100.0,False,True,False,False,False,6
2025,Vila Nova,Tiago Pagnussat,Zaga,Meio,False,Avaí,3296.0,3022.0,33.0,100.0,False,False,False,True,False,5
2025,Vila Nova,Willian Formiga,Lateral,Meio,False,CRB,1469.0,2750.0,29.0,100.0,False,False,False,True,False,6
2025,Vila Nova,Bernardo Schappo,Zaga,Meio,False,Botafogo-SP,2563.0,1210.0,12.0,0.0,False,False,False,True,True,5
2025,Vila Nova,Vinícius Paiva,Meia,Meio,False,Ituano,2660.0,1044.0,24.0,0.0,False,True,True,False,False,6
2025,Vila Nova,Bruno Xavier,Extremo,Meio,False,Ituano,1806.0,890.0,17.0,100.0,False,False,False,False,False,6
2025,Vila Nova,Ruan Ribeiro,Atacante,Meio,False,Paysandu,1235.0,733.0,18.0,100.0,False,True,False,False,False,6
2025,Vila Nova,Igor Inocêncio,Lateral,Meio,False,Ponte Preta,2674.0,234.0,6.0,0.0,False,False,False,False,True,6
2025,Volta Redonda,Lucas Adell,Zaga,Cai,False,Guarani,1407.0,1458.0,17.0,0.0,False,False,False,False,False,5
2025,Volta Redonda,Jefferson Paulino,Goleiro,Cai,False,Ituano,3203.0,1394.0,14.0,0.0,False,,True,False,True,4
2025,Volta Redonda,Wellington Silva,Lateral,Cai,False,Sport,1041.0,1282.0,20.0,0.0,False,False,False,False,False,6
2025,Volta Redonda,Luciano Naninho,Meia,Cai,False,Vila Nova,977.0,164.0,5.0,0.0,False,False,True,True,False,6
2025,Volta Redonda,Matheus Costa,Extremo,Cai,False,Botafogo-SP,1775.0,56.0,3.0,0.0,False,True,False,False,False,5
