treinador,clube,temporada,inicio,interino,rodadas,rodada_1a,rodada_ultima,no_g4,pct_g4,rodadas_apos_10,no_g4_apos_10,pct_g4_apos_10,pontos,ppj,pos_ao_assumir,pos_ao_sair,dist_g4_ao_assumir,dist_g4_ao_sair,xg_saldo_pj,xg_jogos,valor_elenco_eur,base_incompleta,em_curso,no_ranking,ppj_outros_mesmo_time,rodadas_outros
Enderson Moreira,Bahia,2022,2022-07-01,0,17,16,32,17,100.0,17,17,100.0,24,1.41,3,3,3,3,0.59,17,21700000.0,0,0,1,1.75,20
Guto Ferreira,Bahia,2022,2021-10-08,0,14,1,14,14,100.0,5,5,100.0,25,1.79,1,3,0,3,0.45,14,21700000.0,0,0,1,1.48,23
Renato Gaúcho,Grêmio,2022,2022-09-08,0,10,29,38,10,100.0,10,10,100.0,18,1.8,3,2,5,3,1.14,10,49775000.0,0,0,1,1.68,28
Jorginho,Vasco,2022,2022-09-06,0,10,29,38,10,100.0,10,10,100.0,17,1.7,4,4,0,0,-0.28,10,31125000.0,0,0,1,1.61,28
Maurício Souza,Vasco,2022,2022-06-15,0,8,13,20,8,100.0,8,8,100.0,11,1.38,2,3,6,1,0.0,8,31125000.0,0,0,0,1.7,30
Emilio Faro,Vasco,2022,2022-07-25,1,8,21,28,8,100.0,8,8,100.0,10,1.25,2,4,1,0,-0.08,8,31125000.0,0,0,0,1.73,30
Eduardo Barroca,Bahia,2022,2022-10-03,0,6,33,38,6,100.0,6,6,100.0,10,1.67,3,3,1,0,0.47,6,21700000.0,0,0,0,1.58,31
Emilio Faro,Vasco,2022,2022-06-06,1,2,11,12,2,100.0,2,2,100.0,6,3.0,3,3,3,5,-0.42,2,31125000.0,0,0,0,1.56,36
César Lopes,Grêmio,2022,2022-09-02,1,1,28,28,1,100.0,1,1,100.0,3,3.0,3,3,2,2,-0.56,1,49775000.0,0,0,0,1.68,37
Leandro Zago,Santos,2024,2024-11-18,1,1,38,38,1,100.0,1,1,100.0,0,0.0,1,1,4,4,-2.97,1,64075000.0,0,0,0,1.84,37
César Lucena,Sport,2024,2024-07-22,1,1,15,15,1,100.0,1,1,100.0,1,1.0,4,4,0,0,-0.76,1,20975000.0,0,0,0,1.76,37
César Lucena,Sport,2024,2024-07-26,0,1,16,16,1,100.0,1,1,100.0,3,3.0,2,2,1,1,-0.09,1,20975000.0,0,0,0,1.7,37
Léo Condé,Vitória,2023,2023-02-10,0,38,1,38,36,94.7,29,27,93.1,72,1.89,2,1,0,8,0.28,38,14025000.0,0,0,1,,0
Vagner Mancini,Goiás,2025,2025-03-26,0,32,1,32,29,90.6,23,23,100.0,52,1.62,8,4,0,0,0.2,32,18250000.0,0,0,1,1.5,6
Paulo Pezzolano,Cruzeiro,2022,2022-01-04,0,38,1,38,34,89.5,29,29,100.0,78,2.05,19,1,-3,16,0.21,38,29750000.0,0,0,1,,0
Fábio Carille,Santos,2024,2024-01-01,0,37,1,37,33,89.2,28,25,89.3,68,1.84,3,1,0,5,0.45,37,64075000.0,0,0,1,0.0,1
Guto Ferreira,Vila Nova,2026,2026-03-27,0,25,2,26,22,88.0,17,17,100.0,46,1.84,9,1,-2,3,0.13,25,11000000.0,1,1,1,,0
Mozart,Coritiba,2025,2024-12-04,0,38,1,38,33,86.8,29,29,100.0,68,1.79,6,1,0,6,0.16,38,23500000.0,0,0,1,,0
Claudinei Oliveira,Vila Nova,2023,2022-12-14,0,21,1,21,18,85.7,12,11,91.7,35,1.67,6,7,0,-3,0.53,21,10475000.0,0,0,1,1.53,17
Mariano Soso,Sport,2024,2023-12-05,0,14,1,14,12,85.7,5,5,100.0,24,1.71,5,3,0,0,0.34,14,20975000.0,0,0,1,1.75,24
Pepa,Sport,2024,2024-09-03,0,17,22,38,13,76.5,17,13,76.5,34,2.0,5,3,-1,2,0.71,17,20975000.0,0,0,1,1.52,21
Enderson Moreira,Sport,2023,2022-11-18,0,37,1,37,28,75.7,28,24,85.7,60,1.62,11,8,-2,-1,0.22,37,17900000.0,0,0,1,3.0,1
Roger Machado,Grêmio,2022,2022-02-14,0,27,1,27,18,66.7,18,15,83.3,44,1.63,14,4,-2,0,0.4,27,49775000.0,0,0,1,1.91,11
Gilmar Dal Pozzo,Sport,2022,2022-03-15,0,14,1,14,9,64.3,5,3,60.0,21,1.5,5,5,0,-1,0.1,14,16300000.0,0,0,1,1.5,24
Cauan de Almeida,América-MG,2024,2023-12-20,0,23,1,23,14,60.9,14,10,71.4,35,1.52,8,7,-2,-4,0.19,23,23325000.0,0,0,1,1.43,14
Guto Ferreira,Sport,2024,2024-07-26,0,5,17,21,3,60.0,5,3,60.0,4,0.8,2,7,1,-2,-0.33,5,20975000.0,0,0,0,1.88,33
Umberto Louzer,Novorizontino,2025,2025-04-04,0,22,2,23,13,59.1,14,13,92.9,35,1.59,8,5,-2,0,0.18,22,13375000.0,0,0,1,1.56,16
Márcio Goiano,Sport,2026,2026-03-24,0,14,2,15,8,57.1,6,5,83.3,24,1.71,11,8,-2,0,0.42,14,23625000.0,0,1,1,1.31,13
Paulo Autuori,Fortaleza,2026,2026-07-30,0,7,21,27,4,57.1,7,4,57.1,13,1.86,4,4,0,0,0.28,7,30900000.0,0,1,0,1.63,19
Mozart,Mirassol,2024,2023-05-04,0,38,1,38,21,55.3,29,20,69.0,67,1.76,18,2,-3,3,0.25,38,16975000.0,0,0,1,,0
Eduardo Baptista,Novorizontino,2024,2022-11-16,0,38,1,38,20,52.6,29,20,69.0,64,1.68,6,5,0,0,0.26,38,11000000.0,0,0,1,,0
Claudio Tencati,Criciúma,2023,2021-10-07,0,38,1,38,19,50.0,29,13,44.8,64,1.68,3,3,0,0,-0.1,38,10900000.0,0,0,1,,0
Eduardo Baptista,Novorizontino,2023,2022-11-16,0,38,1,38,19,50.0,29,18,62.1,63,1.66,14,5,-3,-1,0.85,38,13900000.0,0,0,1,,0
Ricardo Catalá,São Bernardo,2026,2024-04-04,0,20,1,20,10,50.0,11,6,54.5,27,1.35,11,12,-2,-7,0.03,20,7925000.0,1,1,1,1.33,6
Guto Ferreira,Remo,2025,2025-09-24,0,10,29,38,5,50.0,10,5,50.0,23,2.3,8,4,-6,0,-0.18,10,27650000.0,0,0,1,1.39,28
Maurício Barbieri,Athletico-PR,2025,2024-12-16,0,6,1,6,3,50.0,0,0,,9,1.5,2,9,0,-3,0.26,6,50500000.0,0,0,0,1.75,32
Eduardo Baptista,Criciúma,2026,2025-05-07,0,26,1,26,12,46.2,17,11,64.7,44,1.69,6,5,0,0,0.09,26,12750000.0,1,1,1,,0
Rafael Lacerda,Vila Nova,2025,2025-01-01,0,11,1,11,5,45.5,2,0,0.0,16,1.45,18,9,-3,-4,0.15,11,11175000.0,0,0,1,1.15,26
Márcio Zanardi,Goiás,2024,2024-04-05,0,18,1,18,8,44.4,9,1,11.1,25,1.39,12,9,-2,-4,0.15,18,28750000.0,0,0,1,1.9,20
Gilmar Dal Pozzo,Chapecoense,2025,2024-08-20,0,38,1,38,16,42.1,29,16,55.2,62,1.63,17,3,-3,0,-0.18,38,10000000.0,0,0,1,,0
Maurício Barbieri,Juventude,2026,2025-12-11,0,24,1,27,10,41.7,18,10,55.6,43,1.79,19,1,-3,3,0.2,24,15975000.0,0,1,1,2.33,3
Bruno Pivetti,Guarani,2023,2023-03-30,0,10,1,10,4,40.0,1,0,0.0,15,1.5,1,11,0,-5,-0.07,10,14200000.0,0,0,1,1.5,28
Daniel Paulista,Remo,2025,2025-03-21,0,10,1,10,4,40.0,1,0,0.0,17,1.7,12,6,-2,-1,0.14,10,27650000.0,0,0,1,1.61,28
Zé Ricardo,Vasco,2022,2022-01-10,0,10,1,10,4,40.0,1,1,100.0,18,1.8,11,4,-2,0,0.23,10,31125000.0,0,0,1,1.57,28
Enderson Moreira,Novorizontino,2026,2025-08-26,0,23,1,27,9,39.1,18,9,50.0,42,1.83,18,2,-3,2,0.88,23,12250000.0,0,1,1,1.75,4
Eduardo Baptista,Criciúma,2025,2025-05-07,0,32,7,38,12,37.5,29,12,41.4,56,1.75,16,5,-6,-1,0.31,32,19725000.0,0,0,1,0.83,6
Gilmar Dal Pozzo,Avaí,2024,2024-05-06,0,16,4,19,6,37.5,10,4,40.0,24,1.5,14,11,-4,-7,0.13,16,19000000.0,0,0,1,1.32,22
Thiago Carpini,Fortaleza,2026,2025-12-11,0,19,1,19,7,36.8,10,3,30.0,31,1.63,20,5,-3,-1,-0.03,19,30900000.0,0,1,1,1.86,7
Fábio Carille,Goiás,2025,2025-10-15,0,6,33,38,2,33.3,6,2,33.3,9,1.5,6,6,-2,-1,-0.23,6,18250000.0,0,0,0,1.62,32
Márcio Fernandes,Vila Nova,2024,2024-03-19,0,6,1,6,2,33.3,0,0,,9,1.5,4,7,0,-3,-0.8,6,12075000.0,0,0,0,1.44,32
Jair Ventura,Atlético-GO,2023,2023-07-27,0,19,20,38,6,31.6,19,6,31.6,37,1.95,11,4,-7,0,0.15,19,24525000.0,0,0,1,1.42,19
Thiago Carpini,Juventude,2023,2023-05-17,0,32,7,38,10,31.2,29,10,34.5,62,1.94,16,2,-8,1,0.25,32,16825000.0,0,0,1,0.5,6
Guto Ferreira,Cuiabá,2025,2025-02-21,0,21,1,21,6,28.6,12,3,25.0,31,1.48,7,8,0,-3,0.19,21,21900000.0,0,0,1,1.35,17
Luizinho Lopes,Vila Nova,2024,2024-05-24,0,26,7,32,7,26.9,23,7,30.4,40,1.54,9,6,-3,-4,-0.05,26,12075000.0,0,0,1,1.25,12
Cauan de Almeida,Avaí,2026,2025-12-02,0,15,1,15,4,26.7,6,0,0.0,13,0.87,4,18,0,-12,-0.86,15,8000000.0,0,1,1,1.45,11
Gilson Kleina,Chapecoense,2022,2022-04-08,0,15,1,15,4,26.7,6,0,0.0,18,1.2,7,13,-2,-7,-0.16,15,13875000.0,0,0,1,1.23,22
Marquinhos Santos,Vila Nova,2023,2023-08-04,0,8,22,29,2,25.0,8,2,25.0,11,1.38,4,8,0,-4,0.56,8,10475000.0,0,0,0,1.67,30
Jean Paulista,Novorizontino,2026,2026-04-08,1,4,4,7,1,25.0,0,0,,7,1.75,12,12,-3,-4,0.77,4,12250000.0,0,1,0,1.83,23
Schumacher Santos,Operário-PR,2026,2026-03-23,1,26,2,27,6,23.1,18,4,22.2,40,1.54,3,6,2,-4,-0.21,26,9275000.0,0,1,0,3.0,1
Daniel Paulista,Goiás,2026,2025-12-09,0,14,1,14,3,21.4,5,0,0.0,18,1.29,2,12,0,-6,0.02,14,12500000.0,0,1,1,1.38,13
Odair Hellmann,Athletico-PR,2025,2025-05-22,0,30,9,38,6,20.0,29,6,20.7,55,1.83,11,2,-3,3,0.45,30,50500000.0,0,0,1,1.25,8
Enderson Moreira,Novorizontino,2025,2025-08-26,0,15,24,38,3,20.0,15,3,20.0,24,1.6,5,7,-3,-2,0.66,15,13375000.0,0,0,1,1.57,23
William Batista,América-MG,2025,2025-01-01,0,10,1,10,2,20.0,1,0,0.0,13,1.3,4,12,0,-5,0.25,10,23150000.0,0,0,1,1.18,28
Higo Magalhães,Vila Nova,2023,2023-10-27,0,5,34,38,1,20.0,5,1,20.0,10,2.0,8,8,-3,-3,0.4,5,10475000.0,0,0,0,1.55,33
Jair Ventura,Avaí,2025,2025-03-31,0,27,1,27,5,18.5,18,2,11.1,37,1.37,9,11,-2,-6,0.12,27,13200000.0,0,0,1,1.73,11
Mozart,Ceará,2026,2025-12-12,0,11,1,11,2,18.2,2,0,0.0,13,1.18,10,13,-2,-6,-0.19,11,13525000.0,1,1,1,1.17,12
Umberto Louzer,Chapecoense,2024,2024-02-16,0,17,1,18,3,17.6,9,0,0.0,18,1.06,2,16,0,-10,-0.3,17,11425000.0,1,0,1,1.3,20
Alberto Valentim,Atlético-GO,2023,2023-05-05,0,12,5,16,2,16.7,7,0,0.0,15,1.25,5,11,0,-7,-0.16,12,24525000.0,0,0,1,1.88,26
Luizinho Lopes,Brusque,2024,2022-11-11,0,6,1,6,1,16.7,0,0,,4,0.67,1,16,0,-8,-1.25,6,7500000.0,0,0,0,1.0,32
Eduardo Barroca,CRB,2025,2025-03-28,0,38,1,38,6,15.8,29,2,6.9,56,1.47,5,8,0,-6,0.06,38,20200000.0,0,0,1,,0
Umberto Louzer,Guarani,2023,2023-06-23,0,26,13,38,4,15.4,26,4,15.4,41,1.58,9,10,-6,-7,0.15,26,14200000.0,0,0,1,1.33,12
Adilson Batista,Botafogo-SP,2023,2023-02-28,0,13,1,13,2,15.4,4,0,0.0,18,1.38,5,11,0,-7,-0.15,13,8600000.0,0,0,1,1.16,25
Hélio dos Anjos,Náutico,2026,2025-04-15,0,27,1,27,4,14.8,18,2,11.1,37,1.37,16,11,-3,-10,0.34,27,3300000.0,0,1,1,,0
Claudio Tencati,Atlético-GO,2025,2025-03-14,0,7,1,7,1,14.3,0,0,,10,1.43,1,13,0,-2,-0.44,7,28675000.0,0,0,0,1.35,31
Waguinho Dias,Brusque,2022,2021-09-15,0,7,1,7,1,14.3,0,0,,7,1.0,3,14,0,-6,0.26,7,4375000.0,0,0,0,0.87,31
Gilmar Dal Pozzo,Ituano,2023,2023-02-10,0,7,1,7,1,14.3,0,0,,7,1.0,4,14,0,-7,-0.37,7,6225000.0,0,0,0,1.13,31
Allan Aal,Londrina,2026,2025-12-30,0,7,1,7,1,14.3,0,0,,5,0.71,3,19,0,-8,-0.78,7,6100000.0,1,1,0,0.94,18
Léo Condé,Ceará,2024,2024-07-04,0,25,14,38,3,12.0,25,3,12.0,45,1.8,11,4,-5,0,0.54,25,24725000.0,0,0,1,1.46,13
Claudio Tencati,Botafogo-SP,2026,2025-11-24,0,27,1,27,3,11.1,18,0,0.0,31,1.15,1,15,0,-16,0.14,27,6450000.0,0,1,1,,0
Bruno Pivetti,Operário-PR,2025,2024-11-29,0,12,1,12,1,8.3,3,0,0.0,14,1.17,3,15,0,-7,0.12,12,19100000.0,0,0,1,1.31,26
Rafael Guanaes,Operário-PR,2024,2023-01-10,0,37,1,37,3,8.1,28,2,7.1,55,1.49,7,8,0,-8,-0.06,37,12450000.0,1,0,1,,0
Mazola Júnior,Ituano,2022,2021-06-08,0,17,1,17,1,5.9,8,0,0.0,18,1.06,8,14,-2,-11,0.27,17,6500000.0,0,0,1,1.86,21
Claudio Tencati,Criciúma,2022,2021-10-07,0,38,1,38,2,5.3,29,0,0.0,56,1.47,4,8,0,-6,0.33,38,6800000.0,0,0,1,,0
Claudinei Oliveira,Operário-PR,2022,2022-03-23,0,19,1,19,1,5.3,10,0,0.0,20,1.05,9,15,-2,-13,-0.55,19,10925000.0,0,0,1,0.72,18
Alex,Athletic,2026,2026-02-21,0,27,1,27,1,3.7,18,0,0.0,37,1.37,5,12,0,-10,-0.28,27,12375000.0,0,1,1,,0
Adilson Batista,Londrina,2022,2022-03-10,0,37,1,37,1,2.7,28,0,0.0,52,1.41,2,9,0,-7,-0.1,37,7200000.0,1,0,1,,0
Hélio dos Anjos,Ponte Preta,2022,2022-02-25,0,38,1,38,0,0.0,29,0,0.0,49,1.29,16,12,-2,-13,-0.03,38,20500000.0,0,0,1,,0
Léo Condé,Sampaio Corrêa,2022,2022-03-28,0,38,1,38,0,0.0,29,0,0.0,58,1.53,18,5,-3,-4,-0.14,38,4500000.0,0,0,1,,0
Rogério Corrêa,Volta Redonda,2025,2024-02-21,0,38,1,38,0,0.0,29,0,0.0,36,0.95,19,19,-3,-26,-0.17,38,5275000.0,0,0,1,,0
Mozart,Mirassol,2023,2023-05-04,0,35,4,38,0,0.0,29,0,0.0,57,1.63,10,6,-3,-1,0.51,35,14900000.0,0,0,1,2.0,3
Alberto Valentim,Ituano,2024,2024-02-29,0,32,1,32,0,0.0,23,0,0.0,31,0.97,17,19,-3,-22,-0.61,32,11350000.0,0,0,1,1.0,6
Rafael Lacerda,Amazonas,2024,2024-05-27,0,31,7,37,0,0.0,28,0,0.0,44,1.42,14,12,-5,-14,0.1,31,9675000.0,0,0,1,1.14,7
Bruno Pivetti,Tombense,2022,2022-05-13,0,31,7,37,0,0.0,28,0,0.0,39,1.26,19,15,-7,-15,-0.41,31,3950000.0,1,0,1,0.83,6
Daniel Paulista,CRB,2022,2022-05-16,0,30,8,37,0,0.0,28,0,0.0,46,1.53,19,10,-7,-9,-0.38,30,15925000.0,0,0,1,0.5,8
Daniel Paulista,CRB,2023,2023-05-31,0,30,9,38,0,0.0,29,0,0.0,52,1.73,17,9,-9,-7,-0.01,30,13900000.0,0,0,1,0.62,8
Marcinho,Ituano,2023,2023-05-26,0,30,9,38,0,0.0,29,0,0.0,35,1.17,13,14,-7,-22,-0.09,30,6225000.0,0,0,1,0.88,8
Rui Duarte,Athletic,2025,2025-06-04,0,28,11,38,0,0.0,28,0,0.0,38,1.36,19,15,-14,-18,0.13,28,17710000.0,0,0,1,0.6,10
Paulo Gomes,Botafogo-SP,2024,2023-12-07,0,28,1,28,0,0.0,19,0,0.0,32,1.14,9,14,-2,-14,-0.17,28,9525000.0,0,0,1,1.3,10
Alex,Operário-PR,2025,2025-06-16,0,26,13,38,0,0.0,26,0,0.0,34,1.31,12,12,-4,-14,0.33,26,19100000.0,0,0,1,1.17,12
Vinícius,Ferroviária,2025,2025-02-17,0,25,1,25,0,0.0,16,0,0.0,31,1.24,10,14,-2,-10,-0.27,25,6650000.0,0,0,1,0.75,12
Hélio dos Anjos,Paysandu,2024,2023-06-29,0,25,1,25,0,0.0,16,0,0.0,27,1.08,20,15,-3,-15,-0.17,25,13825000.0,0,0,1,1.77,13
Nelsinho Baptista,Ponte Preta,2024,2024-05-29,0,25,8,32,0,0.0,23,0,0.0,29,1.16,13,17,-6,-18,-0.25,25,7875000.0,0,0,1,0.9,10
Daniel Paulista,CRB,2024,2023-05-31,0,24,1,24,0,0.0,15,0,0.0,25,1.04,15,16,-3,-14,-0.25,24,13675000.0,0,0,1,1.29,14
Eduardo Barroca,Avaí,2023,2023-07-07,0,23,16,38,0,0.0,23,0,0.0,33,1.43,19,13,-19,-20,-0.64,23,20300000.0,0,0,1,0.73,15
Marcelo Chamusca,Botafogo-SP,2023,2023-06-30,0,23,15,37,0,0.0,23,0,0.0,26,1.13,8,12,-5,-14,-0.42,23,8600000.0,0,0,1,1.4,15
Eduardo Barros,Cuiabá,2026,2025-08-13,0,23,1,27,0,0.0,18,0,0.0,34,1.48,12,10,-2,-8,0.34,23,10850000.0,0,1,1,1.25,4
Mozart,Guarani,2022,2022-07-01,0,23,16,38,0,0.0,23,0,0.0,38,1.65,19,10,-12,-11,-0.01,23,11025000.0,0,0,1,0.87,15
Allan Aal,Botafogo-SP,2025,2025-05-20,0,22,9,30,0,0.0,21,0,0.0,24,1.09,15,18,-8,-19,-0.63,22,10125000.0,0,0,1,0.62,8
Márcio Fernandes,Sampaio Corrêa,2023,2023-05-10,0,22,6,27,0,0.0,18,0,0.0,23,1.05,15,16,-9,-17,-0.21,22,8500000.0,0,0,1,1.0,16
Allan Aal,Vila Nova,2022,2022-07-07,0,22,17,38,0,0.0,22,0,0.0,35,1.59,20,13,-16,-15,0.11,22,8900000.0,0,0,1,0.75,16
Rafael Lacerda,Atlético-GO,2025,2025-07-21,0,21,18,38,0,0.0,21,0,0.0,30,1.43,14,11,-7,-10,-0.15,21,28675000.0,0,0,1,1.29,17
Carlos Pimentel,Ituano,2022,2022-07-15,0,21,18,38,0,0.0,21,0,0.0,39,1.86,15,6,-13,-5,0.04,21,6500000.0,0,0,1,1.06,17
Luan Carlos,Brusque,2022,2022-05-17,0,20,8,27,0,0.0,18,0,0.0,21,1.05,8,16,-4,-16,0.1,20,4375000.0,0,0,1,0.72,18
Vagner Mancini,Goiás,2024,2024-08-06,0,20,19,38,0,0.0,20,0,0.0,38,1.9,9,6,-4,-1,0.15,20,28750000.0,0,0,1,1.39,18
Allan Aal,Guarani,2024,2024-07-29,0,20,19,38,0,0.0,20,0,0.0,22,1.1,20,20,-21,-31,0.05,20,20600000.0,0,0,1,0.61,18
Allan Aal,ABC,2023,2023-05-24,0,19,8,26,0,0.0,17,0,0.0,15,0.79,20,20,-13,-28,-0.41,19,9400000.0,0,0,1,0.68,19
Márcio Zanardi,Amazonas,2025,2025-07-08,0,19,16,34,0,0.0,19,0,0.0,18,0.95,20,19,-11,-23,-0.25,19,15970000.0,0,0,1,0.95,19
Enderson Moreira,Avaí,2024,2024-08-05,0,19,20,38,0,0.0,19,0,0.0,28,1.47,10,10,-5,-11,-0.01,19,19000000.0,0,0,1,1.32,19
Luizinho Vieira,Brusque,2024,2024-05-20,0,19,7,25,0,0.0,16,0,0.0,19,1.0,17,19,-8,-19,-0.09,19,7500000.0,0,0,1,0.89,19
Jorginho,Coritiba,2024,2024-07-27,0,19,18,36,0,0.0,19,0,0.0,30,1.58,14,10,-6,-10,0.0,19,32050000.0,0,0,1,0.77,13
Rogério Micale,Londrina,2026,2026-05-14,0,18,9,26,0,0.0,17,0,0.0,17,0.94,18,18,-8,-22,-0.1,18,6100000.0,1,1,1,0.71,7
Felipe Moreira,Ponte Preta,2023,2023-04-19,0,18,2,19,0,0.0,10,0,0.0,22,1.22,18,13,-6,-13,-0.2,18,10675000.0,0,0,1,1.0,20
Claudinei Oliveira,Sport,2022,2022-07-27,0,18,21,38,0,0.0,18,0,0.0,30,1.67,7,7,-7,-5,0.49,18,16300000.0,0,0,1,1.35,20
Alberto Valentim,América-MG,2025,2025-08-12,0,17,22,38,0,0.0,17,0,0.0,25,1.47,16,14,-14,-16,-0.06,17,23150000.0,0,0,1,1.0,21
Claudinei Oliveira,Chapecoense,2023,2023-08-10,0,17,22,38,0,0.0,17,0,0.0,21,1.24,19,16,-19,-24,-0.14,17,16325000.0,0,0,1,1.0,19
Eduardo Barros,Cuiabá,2025,2025-08-13,0,17,22,38,0,0.0,17,0,0.0,23,1.35,9,10,-4,-8,0.26,17,21900000.0,0,0,1,1.48,21
Eduardo Barroca,CRB,2026,2025-03-28,0,16,1,16,0,0.0,7,0,0.0,19,1.19,8,15,-2,-9,0.12,16,11450000.0,0,1,1,,0
Roberto Fernandes,Náutico,2022,2022-04-19,0,16,3,18,0,0.0,9,0,0.0,18,1.12,12,18,-2,-14,-0.18,16,13925000.0,0,0,1,0.57,21
Matheus Costa,Operário-PR,2022,2022-07-29,0,16,21,36,0,0.0,16,0,0.0,13,0.81,16,18,-16,-24,-0.49,16,10925000.0,0,0,1,0.95,21
Gilmar Dal Pozzo,Chapecoense,2024,2024-08-20,0,15,23,37,0,0.0,15,0,0.0,24,1.6,20,14,-18,-19,-0.27,15,11425000.0,1,0,1,0.91,22
Rafael Guanaes,Novorizontino,2022,2022-06-22,0,15,14,28,0,0.0,15,0,0.0,19,1.27,12,13,-5,-12,-0.26,15,11300000.0,0,0,1,1.09,23
António Oliveira,Remo,2025,2025-06-20,0,15,13,27,0,0.0,15,0,0.0,19,1.27,8,8,-1,-4,-0.42,15,27650000.0,0,0,1,1.87,23
Lisca,América-MG,2024,2024-08-29,0,14,24,37,0,0.0,14,0,0.0,20,1.43,9,9,-4,-8,0.14,14,23325000.0,0,0,1,1.52,23
Moacir Júnior,Tombense,2023,2023-08-25,0,14,25,38,0,0.0,14,0,0.0,17,1.21,18,18,-22,-27,-0.15,14,6950000.0,0,0,1,0.83,24
Marcelo Cabo,Brusque,2024,2024-09-09,0,13,26,38,0,0.0,13,0,0.0,13,1.0,19,19,-17,-28,-0.49,13,7500000.0,0,0,1,0.92,25
Vagner Mancini,Ceará,2023,2023-09-01,0,13,26,38,0,0.0,13,0,0.0,15,1.15,10,11,-6,-14,0.28,13,35475000.0,0,0,1,1.4,25
Mozart,Goiás,2026,2026-06-25,0,13,15,27,0,0.0,13,0,0.0,18,1.38,10,13,-4,-11,-0.0,13,12500000.0,0,1,1,1.29,14
Allan Aal,Novorizontino,2022,2022-02-14,0,13,1,13,0,0.0,4,0,0.0,14,1.08,15,15,-2,-7,0.16,13,11300000.0,0,0,1,1.2,25
Dado Cavalcanti,Náutico,2022,2022-08-25,0,13,26,38,0,0.0,13,0,0.0,9,0.69,20,20,-21,-32,-1.03,13,13925000.0,0,0,1,0.88,24
Márcio Fernandes,Paysandu,2024,2024-09-09,0,13,26,38,0,0.0,13,0,0.0,23,1.77,14,13,-13,-14,-0.14,13,13825000.0,0,0,1,1.08,25
Claudinei Oliveira,Paysandu,2025,2025-06-08,0,13,12,24,0,0.0,13,0,0.0,17,1.31,20,20,-14,-18,-0.25,13,14100000.0,0,0,1,0.53,19
Umberto Louzer,América-MG,2026,2026-06-03,0,12,12,23,0,0.0,12,0,0.0,8,0.67,20,19,-18,-26,-0.64,12,5875000.0,0,1,1,0.6,15
Mozart,CSA,2022,2021-09-02,0,12,1,12,0,0.0,3,0,0.0,13,1.08,13,16,-2,-6,-0.2,12,13750000.0,0,0,1,1.12,26
Eduardo Barroca,Ceará,2023,2023-04-27,0,12,3,14,0,0.0,5,0,0.0,21,1.75,14,9,-6,-7,-0.5,12,35475000.0,0,0,1,1.12,26
Vagner Mancini,Ceará,2024,2023-09-01,0,12,1,12,0,0.0,3,0,0.0,16,1.33,10,12,-2,-4,0.49,12,24725000.0,0,0,1,1.85,26
Daniel Paulista,Ceará,2026,2026-06-25,0,12,15,26,0,0.0,12,0,0.0,14,1.17,15,16,-8,-13,-0.6,12,13525000.0,1,1,1,1.18,11
Daniel Azambuja,Ferroviária,2025,2025-09-19,1,12,27,38,0,0.0,12,0,0.0,9,0.75,15,17,-11,-22,-0.05,12,6650000.0,0,0,0,1.24,25
Eduardo Souza,Londrina,2023,2023-07-07,0,12,16,27,0,0.0,12,0,0.0,9,0.75,18,19,-19,-25,-0.39,12,7700000.0,0,0,1,0.85,26
Márcio Zanardi,Ponte Preta,2026,2026-06-11,0,12,13,24,0,0.0,12,0,0.0,2,0.17,19,20,-13,-30,-1.22,12,4125000.0,0,1,1,0.53,15
João Burse,Tombense,2023,2023-06-23,0,12,13,24,0,0.0,12,0,0.0,11,0.92,19,18,-16,-22,-0.24,12,6950000.0,0,0,1,1.0,26
Argel Fuchs,ABC,2023,2023-09-04,0,11,27,37,0,0.0,11,0,0.0,9,0.82,20,20,-29,-36,-0.24,11,9400000.0,0,0,1,0.7,27
Guilherme Alves,Amazonas,2025,2025-04-23,0,11,5,15,0,0.0,6,0,0.0,13,1.18,19,20,-8,-10,-0.52,11,15970000.0,0,0,1,0.85,27
Enderson Moreira,América-MG,2025,2025-06-03,0,11,11,21,0,0.0,11,0,0.0,8,0.73,14,17,-7,-13,0.35,11,23150000.0,0,0,1,1.41,27
Vinícius,Avaí,2025,2025-09-25,0,11,28,38,0,0.0,11,0,0.0,19,1.73,10,9,-6,-6,-0.23,11,13200000.0,0,0,1,1.37,27
Allan Aal,Avaí,2026,2026-07-09,0,11,17,27,0,0.0,11,0,0.0,16,1.45,18,17,-14,-18,0.01,11,8000000.0,0,1,1,0.87,15
Gilson Kleina,Brusque,2022,2022-09-02,0,11,28,38,0,0.0,11,0,0.0,6,0.55,15,18,-14,-28,-0.09,11,4375000.0,0,0,1,1.04,27
Hélio dos Anjos,CRB,2024,2024-09-23,0,11,28,38,0,0.0,11,0,0.0,17,1.55,19,16,-19,-21,-0.21,11,13675000.0,0,0,1,0.96,27
Roberto Fernandes,CSA,2022,2022-08-08,0,11,24,34,0,0.0,11,0,0.0,13,1.18,17,17,-19,-19,-0.11,11,13750000.0,0,0,1,1.07,27
Guto Ferreira,Ceará,2023,2023-06-30,0,11,15,25,0,0.0,11,0,0.0,14,1.27,12,11,-8,-8,-0.02,11,35475000.0,0,0,1,1.33,27
Gilmar Dal Pozzo,Chapecoense,2022,2022-09-02,0,11,28,38,0,0.0,11,0,0.0,16,1.45,14,14,-13,-17,0.24,11,13875000.0,0,0,1,1.12,26
Gilmar Dal Pozzo,Chapecoense,2023,2023-06-05,0,11,11,21,0,0.0,11,0,0.0,10,0.91,17,18,-14,-19,-0.33,11,16325000.0,0,0,1,1.2,25
Roberto Fonseca,Londrina,2023,2023-09-13,0,11,28,38,0,0.0,11,0,0.0,11,1.0,19,19,-27,-33,-0.44,11,7700000.0,0,0,1,0.74,27
Pintado,Ponte Preta,2023,2023-07-25,0,11,20,30,0,0.0,11,0,0.0,11,1.0,13,15,-12,-20,-0.51,11,10675000.0,0,0,1,1.15,27
Gilmar Dal Pozzo,Sport,2026,2026-06-30,0,11,16,26,0,0.0,11,0,0.0,13,1.18,8,9,-3,-6,0.16,11,23625000.0,0,1,1,1.75,16
Roger Silva,Athletic,2025,2024-03-08,0,10,1,10,0,0.0,1,0,0.0,6,0.6,20,19,-3,-12,0.08,10,17710000.0,0,0,1,1.36,28
Eduardo Souza,Atlético-GO,2026,2026-03-10,0,10,1,13,0,0.0,4,0,0.0,14,1.4,15,13,-3,-4,0.23,10,10550000.0,1,1,1,1.62,16
Roger Silva,Atlético-GO,2026,2026-07-07,0,10,17,26,0,0.0,10,0,0.0,19,1.9,10,8,-6,-4,0.46,10,10550000.0,1,1,1,1.31,16
Márcio Zanardi,Botafogo-SP,2024,2024-10-03,0,10,29,38,0,0.0,10,0,0.0,13,1.3,16,14,-15,-19,-0.39,10,9525000.0,0,0,1,1.14,28
Alberto Valentim,CSA,2022,2022-06-17,0,10,13,22,0,0.0,10,0,0.0,7,0.7,16,17,-7,-19,-0.38,10,13750000.0,0,0,1,1.25,28
Marcelo Cabo,Chapecoense,2022,2022-07-11,0,10,18,27,0,0.0,10,0,0.0,11,1.1,13,15,-11,-15,0.09,10,13875000.0,0,0,1,1.26,27
Mazola Júnior,Novorizontino,2022,2022-09-05,0,10,29,38,0,0.0,10,0,0.0,11,1.1,13,15,-12,-18,0.54,10,11300000.0,0,0,1,1.18,28
Márcio Fernandes,Paysandu,2025,2025-09-09,0,10,26,35,0,0.0,10,0,0.0,6,0.6,20,20,-19,-29,-0.12,10,14100000.0,0,0,1,0.95,22
Rodrigo Santana,Ponte Preta,2026,2026-02-23,0,10,1,10,0,0.0,1,0,0.0,7,0.7,14,19,-3,-12,-0.53,10,4125000.0,0,1,1,0.18,17
Marcelo Chamusca,Tombense,2023,2023-01-17,0,10,1,10,0,0.0,1,0,0.0,6,0.6,18,19,-3,-14,0.64,10,6950000.0,0,0,1,1.11,28
Fábio Matias,Atlético-GO,2025,2025-05-20,0,9,9,17,0,0.0,8,0,0.0,11,1.22,13,12,-5,-4,0.33,9,28675000.0,0,0,0,1.41,29
Gustavo Morínigo,Avaí,2023,2023-05-16,0,9,7,15,0,0.0,6,0,0.0,5,0.56,15,19,-7,-18,-0.03,9,20300000.0,0,0,0,1.34,29
Luizinho Lopes,Paysandu,2025,2025-02-12,0,9,1,9,0,0.0,0,0,,4,0.44,14,20,-3,-12,-0.38,9,14100000.0,0,0,0,1.0,23
Dado Cavalcanti,Vila Nova,2022,2022-05-18,0,9,8,16,0,0.0,7,0,0.0,5,0.56,16,20,-6,-14,0.18,9,8900000.0,0,0,0,1.45,29
Luizinho Lopes,Vila Nova,2025,2025-06-12,0,9,12,20,0,0.0,9,0,0.0,11,1.22,11,9,-5,-6,-0.2,9,11175000.0,0,0,0,1.25,28
Umberto Louzer,Vila Nova,2025,2025-09-30,0,9,30,38,0,0.0,9,0,0.0,9,1.0,13,13,-9,-15,0.12,9,11175000.0,0,0,0,1.32,28
Márcio Zanardi,Botafogo-SP,2025,2024-10-03,0,8,1,8,0,0.0,0,0,,5,0.62,16,18,-3,-10,-0.8,8,10125000.0,0,0,0,1.09,22
Umberto Louzer,CRB,2023,2023-01-10,0,8,1,8,0,0.0,0,0,,5,0.62,12,18,-3,-12,-0.27,8,13900000.0,0,0,0,1.73,30
Argel Fuchs,Chapecoense,2023,2023-03-21,0,8,1,8,0,0.0,0,0,,9,1.12,16,13,-3,-8,-0.36,8,16325000.0,0,0,0,1.11,28
Fábio Matias,Coritiba,2024,2024-06-13,0,8,10,17,0,0.0,8,0,0.0,6,0.75,8,15,-3,-8,-0.06,8,32050000.0,0,0,0,1.42,24
João Brigatti,Ponte Preta,2023,2023-10-05,0,8,31,38,0,0.0,8,0,0.0,9,1.12,16,15,-20,-22,-0.2,8,10675000.0,0,0,0,1.1,30
Paulo Turra,Vila Nova,2025,2025-08-04,0,8,21,28,0,0.0,8,0,0.0,10,1.25,9,13,-4,-9,-0.52,8,11175000.0,0,0,0,1.24,29
Roger Silva,América-MG,2026,2026-04-13,0,7,5,11,0,0.0,2,0,0.0,2,0.29,20,20,-6,-16,-0.4,7,5875000.0,0,1,0,0.75,20
Marcelo Cabo,CRB,2022,2022-02-11,0,7,1,7,0,0.0,0,0,,4,0.57,6,20,-2,-9,-0.56,7,15925000.0,0,0,0,1.48,31
Júnior Rocha,Guarani,2024,2024-05-02,0,7,3,9,0,0.0,0,0,,4,0.57,20,20,-7,-13,-0.37,7,20600000.0,0,0,0,0.94,31
João Brigatti,Ponte Preta,2024,2023-10-05,0,7,1,7,0,0.0,0,0,,6,0.86,13,16,-2,-7,0.12,7,7875000.0,0,0,0,1.14,28
Fernando Marchiori,Sampaio Corrêa,2023,2023-09-13,0,7,28,34,0,0.0,7,0,0.0,8,1.14,15,15,-17,-21,-0.67,7,8500000.0,0,0,0,1.0,31
Higo Magalhães,Vila Nova,2022,2021-08-23,0,7,1,7,0,0.0,0,0,,7,1.0,12,16,-2,-6,-0.23,7,8900000.0,0,0,0,1.29,31
Fernando Marchiori,ABC,2023,2022-03-29,0,6,1,6,0,0.0,0,0,,1,0.17,15,20,-3,-13,-0.43,6,9400000.0,0,0,0,0.84,32
Adilson Batista,Amazonas,2024,2024-04-19,0,6,1,6,0,0.0,0,0,,5,0.83,14,15,-3,-7,-0.67,6,9675000.0,0,0,0,1.47,32
Zé Ricardo,Criciúma,2025,2025-01-01,0,6,1,6,0,0.0,0,0,,5,0.83,13,15,-3,-7,-0.71,6,19725000.0,0,0,0,1.75,32
Marcelo Chamusca,Guarani,2022,2022-05-25,0,6,9,14,0,0.0,5,0,0.0,5,0.83,20,19,-7,-9,0.17,6,11025000.0,0,0,0,1.44,32
Pintado,Guarani,2024,2024-06-21,0,6,12,17,0,0.0,6,0,0.0,3,0.5,20,20,-15,-20,-0.23,6,20600000.0,0,0,0,0.94,32
Chico Elias,Ituano,2024,2024-10-22,0,6,33,38,0,0.0,6,0,0.0,6,1.0,18,18,-22,-27,0.11,6,11350000.0,0,0,0,0.97,32
Elano,Náutico,2022,2022-07-22,0,6,20,25,0,0.0,6,0,0.0,3,0.5,19,20,-16,-21,-0.33,6,13925000.0,0,0,0,0.87,31
Vinícius,São Bernardo,2026,2026-08-06,0,6,21,26,0,0.0,6,0,0.0,8,1.33,12,14,-5,-9,-0.35,6,7925000.0,1,1,0,1.35,20
Hemerson Maria,Tombense,2022,2022-02-25,0,6,1,6,0,0.0,0,0,,5,0.83,10,19,-2,-5,0.15,6,3950000.0,1,0,0,1.26,31
Thiago Carvalho,Vila Nova,2024,2024-10-22,0,6,33,38,0,0.0,6,0,0.0,6,1.0,5,8,-4,-9,-0.71,6,12075000.0,0,0,0,1.53,32
Pintado,Juventude,2023,2023-04-12,0,5,1,5,0,0.0,0,0,,3,0.6,13,19,-3,-8,-0.0,5,16825000.0,0,0,0,1.88,33
Alexandre Gallo,Londrina,2023,2023-03-30,0,5,1,5,0,0.0,0,0,,4,0.8,7,17,0,-7,0.17,5,7700000.0,0,0,0,0.82,33
Paulo César Gusmão,Londrina,2023,2023-06-01,0,5,10,14,0,0.0,5,0,0.0,1,0.2,15,17,-10,-17,-0.38,5,7700000.0,0,0,0,0.91,33
Aderbal Lana,Amazonas,2025,2025-10-30,0,4,35,38,0,0.0,4,0,0.0,4,1.0,18,18,-21,-26,-0.32,4,15970000.0,0,0,0,0.94,34
Alberto Valentim,América-MG,2026,2025-08-12,0,4,1,4,0,0.0,0,0,,1,0.25,17,20,-3,-7,-0.34,4,5875000.0,0,1,0,0.7,23
Douglas Leite,América-MG,2026,2026-08-24,1,4,24,27,0,0.0,4,0,0.0,6,1.5,19,19,-29,-30,-0.23,4,5875000.0,0,1,0,0.48,23
Alex,Avaí,2023,2023-01-01,0,4,1,4,0,0.0,0,0,,3,0.75,19,17,-3,-6,-0.33,4,20300000.0,0,0,0,1.21,34
Adriano Rodrigues,CSA,2022,2022-10-15,0,4,35,38,0,0.0,4,0,0.0,6,1.5,17,17,-20,-20,0.22,4,13750000.0,0,0,0,1.06,34
Daniel Paulista,Guarani,2022,2021-05-26,0,4,1,4,0,0.0,0,0,,4,1.0,17,15,-3,-3,-0.05,4,11025000.0,0,0,0,1.38,34
Ben-Hur,Guarani,2022,2022-05-04,1,4,5,8,0,0.0,0,0,,4,1.0,17,18,-3,-6,0.02,4,11025000.0,0,0,0,1.38,34
Edson Vieira,Londrina,2023,2023-05-13,1,4,6,9,0,0.0,0,0,,6,1.5,12,14,-7,-7,0.44,4,7700000.0,0,0,0,0.74,34
Evaristo Piza,Sampaio Corrêa,2023,2023-03-10,0,4,1,4,0,0.0,0,0,,2,0.5,10,18,-2,-7,-0.05,4,8500000.0,0,0,0,1.09,34
Dejair Ferreira,Sampaio Corrêa,2023,2023-11-01,0,4,35,38,0,0.0,4,0,0.0,3,0.75,16,17,-24,-25,0.44,4,8500000.0,0,0,0,1.06,34
Lisca,Vila Nova,2023,2023-09-26,0,4,30,33,0,0.0,4,0,0.0,5,1.25,8,9,-6,-5,0.7,4,10475000.0,0,0,0,1.65,34
Eduardo Barros,Amazonas,2025,2025-02-23,0,3,1,3,0,0.0,0,0,,1,0.33,15,17,-3,-6,-0.14,3,15970000.0,0,0,0,1.0,35
Mozart,Atlético-GO,2023,2023-03-14,0,3,1,3,0,0.0,0,0,,5,1.67,9,8,-2,-4,-1.66,3,24525000.0,0,0,0,1.69,35
Anderson Gomes,Atlético-GO,2023,2023-07-12,0,3,17,19,0,0.0,3,0,0.0,4,1.33,10,11,-5,-8,-0.15,3,24525000.0,0,0,0,1.71,35
William Sander,Atlético-GO,2026,2026-03-27,1,3,2,4,0,0.0,0,0,,3,1.0,19,16,-4,-5,0.07,3,10550000.0,1,1,0,1.61,23
Renan Brito,Atlético-GO,2026,2026-06-16,1,3,14,16,0,0.0,3,0,0.0,4,1.33,13,13,-6,-7,0.42,3,10550000.0,1,1,0,1.57,23
Bruno Pivetti,CRB,2024,2024-09-09,0,3,25,27,0,0.0,3,0,0.0,1,0.33,16,18,-16,-19,-0.24,3,13675000.0,0,0,0,1.2,35
Guto Ferreira,Coritiba,2024,2023-11-27,0,3,1,3,0,0.0,0,0,,4,1.33,11,10,-2,-3,0.22,3,32050000.0,0,0,0,1.24,29
Lucas Silveira,Cuiabá,2026,2026-04-06,1,3,4,6,0,0.0,0,0,,5,1.67,17,17,-5,-3,-0.13,3,10850000.0,0,1,0,1.42,24
Gerson Ramos,Juventude,2026,2026-04-14,1,3,5,7,0,0.0,0,0,,7,2.33,11,7,-1,-2,-0.52,3,15975000.0,0,1,0,1.79,24
Ricardo Catalá,Mirassol,2023,2022-03-24,0,3,1,3,0,0.0,0,0,,6,2.0,8,7,0,-3,-0.19,3,14900000.0,0,0,0,1.63,35
Nenê Santana,Ponte Preta,2024,2024-10-22,0,3,33,35,0,0.0,3,0,0.0,3,1.0,15,17,-18,-21,-0.07,3,7875000.0,0,0,0,1.09,32
Gilson Kleina,Ponte Preta,2026,2026-08-28,0,3,25,27,0,0.0,3,0,0.0,0,0.0,20,20,-33,-37,-1.76,3,4125000.0,0,1,0,0.42,24
Lisca,Sport,2022,2022-07-01,0,3,16,18,0,0.0,3,0,0.0,5,1.67,7,6,-4,-6,1.39,3,16300000.0,0,0,0,1.49,35
João Correia,Athletico-PR,2025,2025-05-05,1,2,7,8,0,0.0,0,0,,1,0.5,9,13,-2,-5,0.67,2,50500000.0,0,0,0,1.78,36
Marquinhos,Avaí,2023,2023-05-05,1,2,5,6,0,0.0,0,0,,3,1.5,11,14,-5,-8,-1.33,2,20300000.0,0,0,0,1.14,36
Eduardo Barroca,Avaí,2024,2023-07-07,0,2,1,2,0,0.0,0,0,,0,0.0,16,18,-3,-6,-0.14,2,19000000.0,0,0,0,1.47,36
Gustavo Morínigo,Ceará,2023,2022-11-22,0,2,1,2,0,0.0,0,0,,0,0.0,17,20,-3,-6,0.51,2,35475000.0,0,0,0,1.39,36
Tcheco,Chapecoense,2024,2024-08-07,0,2,20,21,0,0.0,2,0,0.0,0,0.0,17,18,-14,-15,-0.29,2,11425000.0,1,0,0,1.26,35
Guila Bossle,Coritiba,2024,2024-11-14,0,2,37,38,0,0.0,2,0,0.0,0,0.0,10,12,-13,-14,-0.23,2,32050000.0,0,0,0,1.33,30
Ben-Hur,Guarani,2023,2023-06-08,1,2,11,12,0,0.0,2,0,0.0,1,0.5,11,11,-8,-8,-0.93,2,14200000.0,0,0,0,1.56,36
Claudinei Oliveira,Guarani,2024,2024-02-12,0,2,1,2,0,0.0,0,0,,0,0.0,19,19,-3,-6,0.87,2,20600000.0,0,0,0,0.92,36
Marcelo Cordeiro,Guarani,2024,2024-06-14,1,2,10,11,0,0.0,2,0,0.0,1,0.5,20,20,-14,-14,-0.49,2,20600000.0,0,0,0,0.89,36
Sandro Forner,Operário-PR,2022,2022-10-25,1,2,37,38,0,0.0,2,0,0.0,0,0.0,19,19,-25,-28,-1.94,2,10925000.0,0,0,0,0.94,35
Edson Boaro,Ponte Preta,2026,2026-05-30,1,2,11,12,0,0.0,2,0,0.0,1,0.5,19,19,-11,-13,-0.8,2,4125000.0,0,1,0,0.36,25
Flávio Garcia,Remo,2025,2025-06-06,1,2,11,12,0,0.0,2,0,0.0,3,1.5,5,7,0,-1,-0.86,2,27650000.0,0,0,0,1.64,36
César Lucena,Sport,2022,2022-07-19,1,2,19,20,0,0.0,2,0,0.0,1,0.5,7,10,-6,-7,0.16,2,16300000.0,0,0,0,1.56,36
Julian Tobar,Tombense,2023,2023-06-06,1,2,11,12,0,0.0,2,0,0.0,3,1.5,19,18,-17,-15,0.2,2,6950000.0,0,0,0,0.94,36
Jonydei Matos,ABC,2023,2023-05-16,1,1,7,7,0,0.0,0,0,,0,0.0,20,20,-13,-13,-0.35,1,9400000.0,0,0,0,0.76,37
Rafael Lacerda,ABC,2023,2023-11-24,0,1,38,38,0,0.0,1,0,0.0,3,3.0,20,20,-36,-36,-0.12,1,9400000.0,0,0,0,0.68,37
Ibson,Amazonas,2024,2024-11-20,1,1,38,38,0,0.0,1,0,0.0,3,3.0,11,11,-12,-12,-0.07,1,9675000.0,0,0,0,1.32,37
Ibson,Amazonas,2025,2025-04-20,1,1,4,4,0,0.0,0,0,,0,0.0,19,19,-7,-7,-0.28,1,15970000.0,0,0,0,0.97,37
Anderson Gomes,Atlético-GO,2023,2023-05-01,1,1,4,4,0,0.0,0,0,,3,3.0,7,7,-1,-1,0.96,1,24525000.0,0,0,0,1.65,37
Anderson Gomes,Atlético-GO,2025,2025-05-14,1,1,8,8,0,0.0,0,0,,1,1.0,12,12,-4,-4,0.75,1,28675000.0,0,0,0,1.38,37
Marquinhos,Avaí,2024,2024-05-02,0,1,3,3,0,0.0,0,0,,1,1.0,17,17,-6,-6,-0.56,1,19000000.0,0,0,0,1.41,37
José Leão,Botafogo-SP,2023,2023-06-27,1,1,14,14,0,0.0,1,0,0.0,3,3.0,10,10,-7,-7,-1.03,1,8600000.0,0,0,0,1.19,37
José Leão,Botafogo-SP,2023,2023-11-23,1,1,38,38,0,0.0,1,0,0.0,0,0.0,12,12,-17,-17,0.3,1,8600000.0,0,0,0,1.27,37
Daniel Barboza,CRB,2022,2022-11-04,1,1,38,38,0,0.0,1,0,0.0,0,0.0,11,11,-12,-12,-1.52,1,15925000.0,0,0,0,1.35,37
Adriano Rodrigues,CSA,2022,2022-08-08,1,1,23,23,0,0.0,1,0,0.0,3,3.0,17,17,-16,-16,0.21,1,13750000.0,0,0,0,1.05,37
Anderson Batatais,Ceará,2024,2024-06-28,0,1,13,13,0,0.0,1,0,0.0,3,3.0,9,9,-3,-3,0.99,1,24725000.0,0,0,0,1.65,37
Bolívar,Chapecoense,2022,2022-07-07,1,1,17,17,0,0.0,1,0,0.0,0,0.0,15,15,-11,-11,1.55,1,13875000.0,0,0,0,1.25,36
Ricardo Chuva,Chapecoense,2024,2024-05-31,1,1,8,8,0,0.0,0,0,,1,1.0,12,12,-5,-5,-0.08,1,11425000.0,1,0,0,1.19,36
Celso Rodrigues,Chapecoense,2024,2024-08-04,1,1,19,19,0,0.0,1,0,0.0,0,0.0,17,17,-13,-13,1.81,1,11425000.0,1,0,0,1.22,36
Celso Rodrigues,Chapecoense,2024,2024-08-20,1,1,22,22,0,0.0,1,0,0.0,1,1.0,17,17,-16,-16,-0.44,1,11425000.0,1,0,0,1.19,36
Gustavo Almeida,Cuiabá,2026,2026-04-03,1,1,3,3,0,0.0,0,0,,0,0.0,16,16,-4,-4,1.89,1,10850000.0,0,1,0,1.5,26
Ben-Hur,Guarani,2022,2022-06-27,1,1,15,15,0,0.0,1,0,0.0,0,0.0,19,19,-12,-12,-1.8,1,11025000.0,0,0,0,1.38,37
Marcelo Cordeiro,Guarani,2024,2024-07-26,0,1,18,18,0,0.0,1,0,0.0,3,3.0,20,20,-18,-18,2.37,1,20600000.0,0,0,0,0.81,37
Douglas Leite,Ituano,2023,2023-05-22,1,1,8,8,0,0.0,0,0,,0,0.0,15,15,-10,-10,-1.85,1,6225000.0,0,0,0,1.14,37
Adaílton,Juventude,2023,2023-05-11,1,1,6,6,0,0.0,0,0,,0,0.0,19,19,-11,-11,-0.27,1,16825000.0,0,0,0,1.76,37
Franco Muller,Londrina,2023,2023-06-30,1,1,15,15,0,0.0,1,0,0.0,0,0.0,18,18,-18,-18,-0.63,1,7700000.0,0,0,0,0.84,37
Ben-Hur,Novorizontino,2025,2025-04-04,1,1,1,1,0,0.0,0,0,,1,1.0,11,11,-2,-2,-0.48,1,13375000.0,0,0,0,1.59,37
Felipe Conceição,Náutico,2022,2022-02-16,0,1,1,1,0,0.0,0,0,,0,0.0,20,20,-3,-3,-0.47,1,13925000.0,0,0,0,0.83,36
Dudu Capixaba,Náutico,2022,2022-07-18,1,1,19,19,0,0.0,1,0,0.0,0,0.0,18,18,-15,-15,-0.96,1,13925000.0,0,0,0,0.83,36
Luizinho Lopes,Operário-PR,2026,2026-01-20,0,1,1,1,0,0.0,0,0,,3,3.0,7,7,0,0,1.32,1,9275000.0,0,1,0,1.54,26
Hélio dos Anjos,Ponte Preta,2023,2022-02-25,0,1,1,1,0,0.0,0,0,,0,0.0,20,20,-3,-3,0.78,1,10675000.0,0,0,0,1.14,37
Flávio Garcia,Remo,2025,2025-09-22,1,1,28,28,0,0.0,1,0,0.0,0,0.0,12,12,-7,-7,-0.07,1,27650000.0,0,0,0,1.68,37
Edson Silva,Sampaio Corrêa,2023,2023-05-05,1,1,5,5,0,0.0,0,0,,3,3.0,13,13,-6,-6,-0.08,1,8500000.0,0,0,0,0.97,37
César Lucena,Sport,2022,2022-06-26,1,1,15,15,0,0.0,1,0,0.0,0,0.0,6,6,-4,-4,-0.92,1,16300000.0,0,0,0,1.54,37
César Lucena,Sport,2023,2023-11-20,1,1,38,38,0,0.0,1,0,0.0,3,3.0,7,7,-1,-1,0.95,1,17900000.0,0,0,0,1.62,37
Roger Silva,Sport,2026,2025-12-23,0,1,1,1,0,0.0,0,0,,1,1.0,13,13,-2,-2,-0.06,1,23625000.0,0,1,0,1.54,26
Mariano Soso,Sport,2026,2026-09-09,0,1,27,27,0,0.0,1,0,0.0,3,3.0,8,8,-6,-6,2.55,1,23625000.0,0,1,0,1.46,26
