treinador,clube,temporada,rodadas,inicio,dist_remate,entradas_area,duelo_def,xg,xg_contra,xg_por_remate,xg_por_remate_contra
Allan Aal,ABC,2023,19,2023-05-24,0.0,0.0,65.0,0.0,30.0,15.0,50.0
Argel Fuchs,ABC,2023,11,2023-09-04,80.0,0.0,0.0,60.0,5.0,100.0,75.0
Rafael Lacerda,Amazonas,2024,31,2024-05-27,60.0,20.0,80.0,75.0,55.0,50.0,70.0
Guilherme Alves,Amazonas,2025,11,2025-04-23,95.0,0.0,15.0,60.0,0.0,95.0,20.0
Márcio Zanardi,Amazonas,2025,19,2025-07-08,20.0,32.5,30.0,0.0,40.0,10.0,30.0
Cauan de Almeida,América-MG,2024,23,2023-12-20,60.0,100.0,80.0,90.0,50.0,60.0,0.0
Lisca,América-MG,2024,14,2024-08-29,90.0,95.0,10.0,90.0,25.0,100.0,15.0
William Batista,América-MG,2025,10,2025-01-01,65.0,95.0,0.0,65.0,90.0,25.0,70.0
Enderson Moreira,América-MG,2025,11,2025-06-03,80.0,95.0,25.0,100.0,40.0,95.0,5.0
Alberto Valentim,América-MG,2025,17,2025-08-12,65.0,30.0,0.0,25.0,55.0,50.0,55.0
Umberto Louzer,América-MG,2026,12,2026-06-03,50.0,30.0,0.0,10.0,5.0,85.0,20.0
Roger Silva,Athletic,2025,10,2024-03-08,80.0,10.0,85.0,30.0,80.0,95.0,95.0
Rui Duarte,Athletic,2025,28,2025-06-04,100.0,70.0,55.0,60.0,70.0,100.0,90.0
Alex,Athletic,2026,27,2026-02-21,67.5,12.5,57.5,12.5,32.5,82.5,52.5
Odair Hellmann,Athletico-PR,2025,30,2025-05-22,80.0,95.0,100.0,90.0,95.0,80.0,60.0
Alberto Valentim,Atlético-GO,2023,12,2023-05-05,80.0,100.0,70.0,30.0,40.0,5.0,15.0
Jair Ventura,Atlético-GO,2023,19,2023-07-27,100.0,85.0,0.0,90.0,40.0,100.0,0.0
Rafael Lacerda,Atlético-GO,2025,21,2025-07-21,30.0,40.0,10.0,30.0,40.0,30.0,0.0
Eduardo Souza,Atlético-GO,2026,10,2026-03-10,25.0,50.0,45.0,80.0,45.0,85.0,40.0
Roger Silva,Atlético-GO,2026,10,2026-07-07,85.0,80.0,100.0,80.0,85.0,85.0,100.0
Eduardo Barroca,Avaí,2023,23,2023-07-07,30.0,15.0,40.0,20.0,0.0,70.0,15.0
Gilmar Dal Pozzo,Avaí,2024,16,2024-05-06,30.0,5.0,95.0,75.0,70.0,60.0,25.0
Enderson Moreira,Avaí,2024,19,2024-08-05,85.0,40.0,95.0,50.0,50.0,70.0,30.0
Jair Ventura,Avaí,2025,27,2025-03-31,80.0,65.0,65.0,65.0,65.0,60.0,90.0
Vinícius,Avaí,2025,11,2025-09-25,0.0,0.0,30.0,60.0,5.0,95.0,30.0
Cauan de Almeida,Avaí,2026,15,2025-12-02,25.0,25.0,25.0,0.0,5.0,0.0,15.0
Allan Aal,Avaí,2026,11,2026-07-09,25.0,20.0,10.0,75.0,35.0,85.0,45.0
Guto Ferreira,Bahia,2022,14,2021-10-08,40.0,85.0,30.0,75.0,100.0,30.0,100.0
Enderson Moreira,Bahia,2022,17,2022-07-01,100.0,85.0,100.0,100.0,85.0,100.0,65.0
Adilson Batista,Botafogo-SP,2023,13,2023-02-28,10.0,10.0,70.0,20.0,60.0,5.0,90.0
Marcelo Chamusca,Botafogo-SP,2023,23,2023-06-30,30.0,0.0,15.0,0.0,45.0,0.0,15.0
Paulo Gomes,Botafogo-SP,2024,28,2023-12-07,60.0,30.0,5.0,15.0,50.0,35.0,15.0
Márcio Zanardi,Botafogo-SP,2024,10,2024-10-03,0.0,0.0,100.0,10.0,5.0,60.0,0.0
Allan Aal,Botafogo-SP,2025,22,2025-05-20,10.0,0.0,70.0,0.0,0.0,10.0,0.0
Claudio Tencati,Botafogo-SP,2026,27,2025-11-24,82.5,62.5,42.5,27.5,82.5,67.5,82.5
Luan Carlos,Brusque,2022,20,2022-05-17,15.0,60.0,75.0,30.0,85.0,5.0,90.0
Gilson Kleina,Brusque,2022,11,2022-09-02,35.0,60.0,45.0,55.0,35.0,25.0,35.0
Luizinho Vieira,Brusque,2024,19,2024-05-20,25.0,5.0,80.0,65.0,30.0,80.0,80.0
Marcelo Cabo,Brusque,2024,13,2024-09-09,0.0,5.0,20.0,0.0,30.0,0.0,80.0
Daniel Paulista,CRB,2022,30,2022-05-16,50.0,20.0,30.0,10.0,25.0,50.0,25.0
Daniel Paulista,CRB,2023,30,2023-05-31,75.0,20.0,65.0,55.0,45.0,50.0,25.0
Daniel Paulista,CRB,2024,24,2023-05-31,15.0,30.0,20.0,25.0,20.0,45.0,20.0
Hélio dos Anjos,CRB,2024,11,2024-09-23,45.0,75.0,0.0,5.0,55.0,5.0,50.0
Eduardo Barroca,CRB,2025,38,2025-03-28,42.5,97.5,2.5,92.5,17.5,17.5,32.5
Eduardo Barroca,CRB,2026,16,2025-03-28,30.0,100.0,100.0,75.0,35.0,0.0,25.0
Mozart,CSA,2022,12,2021-09-02,80.0,85.0,5.0,30.0,30.0,5.0,25.0
Alberto Valentim,CSA,2022,10,2022-06-17,70.0,90.0,5.0,15.0,10.0,45.0,75.0
Roberto Fernandes,CSA,2022,11,2022-08-08,80.0,60.0,65.0,30.0,45.0,30.0,85.0
Eduardo Barroca,Ceará,2023,12,2023-04-27,75.0,10.0,0.0,50.0,0.0,85.0,15.0
Guto Ferreira,Ceará,2023,11,2023-06-30,55.0,45.0,40.0,50.0,65.0,65.0,15.0
Vagner Mancini,Ceará,2023,13,2023-09-01,30.0,85.0,40.0,80.0,75.0,70.0,85.0
Vagner Mancini,Ceará,2024,12,2023-09-01,95.0,90.0,5.0,100.0,50.0,100.0,40.0
Léo Condé,Ceará,2024,25,2024-07-04,85.0,80.0,100.0,90.0,100.0,75.0,80.0
Mozart,Ceará,2026,11,2025-12-12,100.0,55.0,95.0,75.0,20.0,85.0,5.0
Daniel Paulista,Ceará,2026,12,2026-06-25,50.0,50.0,0.0,10.0,5.0,0.0,0.0
Gilson Kleina,Chapecoense,2022,15,2022-04-08,45.0,55.0,95.0,10.0,65.0,5.0,80.0
Marcelo Cabo,Chapecoense,2022,10,2022-07-11,0.0,27.5,65.0,30.0,80.0,5.0,95.0
Gilmar Dal Pozzo,Chapecoense,2022,11,2022-09-02,65.0,55.0,100.0,85.0,45.0,45.0,5.0
Gilmar Dal Pozzo,Chapecoense,2023,11,2023-06-05,35.0,45.0,0.0,30.0,5.0,60.0,65.0
Claudinei Oliveira,Chapecoense,2023,17,2023-08-10,60.0,80.0,45.0,30.0,45.0,5.0,95.0
Umberto Louzer,Chapecoense,2024,17,2024-02-16,75.0,5.0,0.0,40.0,5.0,35.0,80.0
Gilmar Dal Pozzo,Chapecoense,2024,15,2024-08-20,50.0,5.0,10.0,5.0,45.0,5.0,85.0
Gilmar Dal Pozzo,Chapecoense,2025,38,2024-08-20,62.5,37.5,32.5,37.5,27.5,27.5,87.5
Jorginho,Coritiba,2024,19,2024-07-27,25.0,10.0,10.0,65.0,50.0,50.0,45.0
Mozart,Coritiba,2025,38,2024-12-04,92.5,32.5,72.5,12.5,97.5,47.5,97.5
Claudio Tencati,Criciúma,2022,38,2021-10-07,82.5,62.5,72.5,87.5,67.5,72.5,47.5
Claudio Tencati,Criciúma,2023,38,2021-10-07,82.5,82.5,62.5,32.5,52.5,22.5,47.5
Eduardo Baptista,Criciúma,2025,32,2025-05-07,80.0,45.0,45.0,85.0,80.0,95.0,95.0
Eduardo Baptista,Criciúma,2026,26,2025-05-07,42.5,82.5,67.5,57.5,77.5,32.5,57.5
Paulo Pezzolano,Cruzeiro,2022,38,2022-01-04,42.5,97.5,52.5,72.5,72.5,17.5,37.5
Guto Ferreira,Cuiabá,2025,21,2025-02-21,80.0,75.0,50.0,65.0,80.0,80.0,30.0
Eduardo Barros,Cuiabá,2025,17,2025-08-13,95.0,95.0,15.0,85.0,70.0,25.0,20.0
Eduardo Barros,Cuiabá,2026,23,2025-08-13,85.0,80.0,100.0,10.0,100.0,5.0,100.0
Vinícius,Ferroviária,2025,25,2025-02-17,10.0,0.0,20.0,30.0,15.0,50.0,20.0
Thiago Carpini,Fortaleza,2026,19,2025-12-11,60.0,67.5,30.0,70.0,40.0,30.0,40.0
Márcio Zanardi,Goiás,2024,18,2024-04-05,60.0,70.0,50.0,75.0,70.0,80.0,80.0
Vagner Mancini,Goiás,2024,20,2024-08-06,80.0,65.0,20.0,100.0,15.0,90.0,50.0
Vagner Mancini,Goiás,2025,32,2025-03-26,30.0,85.0,70.0,80.0,70.0,90.0,60.0
Daniel Paulista,Goiás,2026,14,2025-12-09,50.0,55.0,100.0,75.0,50.0,90.0,25.0
Mozart,Goiás,2026,13,2026-06-25,45.0,25.0,0.0,10.0,80.0,55.0,100.0
Roger Machado,Grêmio,2022,27,2022-02-14,25.0,75.0,70.0,75.0,95.0,80.0,95.0
Renato Gaúcho,Grêmio,2022,10,2022-09-08,100.0,95.0,100.0,100.0,100.0,100.0,90.0
Mozart,Guarani,2022,23,2022-07-01,85.0,55.0,30.0,45.0,65.0,60.0,65.0
Bruno Pivetti,Guarani,2023,10,2023-03-30,100.0,100.0,0.0,90.0,5.0,100.0,50.0
Umberto Louzer,Guarani,2023,26,2023-06-23,10.0,35.0,15.0,30.0,90.0,85.0,100.0
Allan Aal,Guarani,2024,20,2024-07-29,15.0,10.0,100.0,25.0,75.0,15.0,20.0
Mazola Júnior,Ituano,2022,17,2021-06-08,90.0,35.0,25.0,80.0,70.0,95.0,70.0
Carlos Pimentel,Ituano,2022,21,2022-07-15,95.0,25.0,50.0,75.0,35.0,100.0,35.0
Marcinho,Ituano,2023,30,2023-05-26,75.0,80.0,65.0,20.0,70.0,15.0,60.0
Alberto Valentim,Ituano,2024,32,2024-02-29,80.0,10.0,55.0,65.0,0.0,90.0,10.0
Thiago Carpini,Juventude,2023,32,2023-05-17,35.0,15.0,100.0,50.0,90.0,35.0,25.0
Maurício Barbieri,Juventude,2026,24,2025-12-11,90.0,55.0,70.0,35.0,90.0,55.0,90.0
Adilson Batista,Londrina,2022,37,2022-03-10,12.5,2.5,32.5,17.5,57.5,32.5,17.5
Eduardo Souza,Londrina,2023,12,2023-07-07,0.0,15.0,75.0,0.0,40.0,0.0,20.0
Roberto Fonseca,Londrina,2023,11,2023-09-13,35.0,15.0,10.0,65.0,0.0,85.0,20.0
Rogério Micale,Londrina,2026,18,2026-05-14,5.0,5.0,45.0,75.0,35.0,35.0,45.0
Mozart,Mirassol,2023,35,2023-05-04,90.0,45.0,15.0,85.0,95.0,75.0,90.0
Mozart,Mirassol,2024,38,2023-05-04,97.5,42.5,62.5,62.5,92.5,82.5,97.5
Allan Aal,Novorizontino,2022,13,2022-02-14,40.0,55.0,50.0,55.0,80.0,35.0,35.0
Rafael Guanaes,Novorizontino,2022,15,2022-06-22,65.0,95.0,25.0,75.0,0.0,5.0,0.0
Mazola Júnior,Novorizontino,2022,10,2022-09-05,90.0,85.0,5.0,100.0,40.0,100.0,35.0
Eduardo Baptista,Novorizontino,2023,38,2022-11-16,72.5,97.5,92.5,97.5,97.5,82.5,87.5
Eduardo Baptista,Novorizontino,2024,38,2022-11-16,32.5,47.5,47.5,47.5,97.5,37.5,82.5
Umberto Louzer,Novorizontino,2025,22,2025-04-04,10.0,40.0,100.0,85.0,55.0,80.0,30.0
Enderson Moreira,Novorizontino,2025,15,2025-08-26,80.0,95.0,10.0,100.0,100.0,80.0,95.0
Enderson Moreira,Novorizontino,2026,23,2025-08-26,85.0,90.0,75.0,100.0,90.0,95.0,95.0
Roberto Fernandes,Náutico,2022,16,2022-04-19,0.0,55.0,20.0,85.0,0.0,40.0,20.0
Dado Cavalcanti,Náutico,2022,13,2022-08-25,0.0,25.0,25.0,0.0,0.0,0.0,0.0
Hélio dos Anjos,Náutico,2026,27,2025-04-15,72.5,92.5,52.5,92.5,37.5,57.5,12.5
Claudinei Oliveira,Operário-PR,2022,19,2022-03-23,0.0,10.0,35.0,10.0,5.0,5.0,35.0
Matheus Costa,Operário-PR,2022,16,2022-07-29,20.0,40.0,65.0,0.0,15.0,0.0,25.0
Rafael Guanaes,Operário-PR,2024,37,2023-01-10,12.5,32.5,7.5,7.5,72.5,2.5,42.5
Bruno Pivetti,Operário-PR,2025,12,2024-11-29,10.0,25.0,100.0,50.0,75.0,40.0,15.0
Alex,Operário-PR,2025,26,2025-06-16,20.0,65.0,85.0,60.0,100.0,25.0,60.0
Hélio dos Anjos,Paysandu,2024,25,2023-06-29,60.0,90.0,35.0,10.0,50.0,15.0,30.0
Márcio Fernandes,Paysandu,2024,13,2024-09-09,5.0,80.0,100.0,40.0,25.0,35.0,75.0
Claudinei Oliveira,Paysandu,2025,13,2025-06-08,20.0,45.0,70.0,25.0,25.0,35.0,55.0
Márcio Fernandes,Paysandu,2025,10,2025-09-09,10.0,40.0,90.0,35.0,40.0,10.0,95.0
Hélio dos Anjos,Ponte Preta,2022,38,2022-02-25,57.5,47.5,57.5,32.5,52.5,42.5,32.5
Felipe Moreira,Ponte Preta,2023,18,2023-04-19,35.0,10.0,15.0,30.0,30.0,60.0,80.0
Pintado,Ponte Preta,2023,11,2023-07-25,0.0,5.0,40.0,0.0,25.0,10.0,35.0
Nelsinho Baptista,Ponte Preta,2024,25,2024-05-29,50.0,30.0,45.0,65.0,5.0,60.0,0.0
Rodrigo Santana,Ponte Preta,2026,10,2026-02-23,65.0,85.0,90.0,75.0,5.0,90.0,15.0
Márcio Zanardi,Ponte Preta,2026,12,2026-06-11,5.0,0.0,0.0,0.0,0.0,85.0,0.0
Daniel Paulista,Remo,2025,10,2025-03-21,100.0,10.0,65.0,100.0,25.0,100.0,95.0
António Oliveira,Remo,2025,15,2025-06-20,45.0,0.0,10.0,10.0,5.0,55.0,30.0
Guto Ferreira,Remo,2025,10,2025-09-24,0.0,15.0,10.0,5.0,50.0,0.0,90.0
Léo Condé,Sampaio Corrêa,2022,38,2022-03-28,17.5,32.5,37.5,62.5,17.5,57.5,2.5
Márcio Fernandes,Sampaio Corrêa,2023,22,2023-05-10,0.0,25.0,75.0,5.0,65.0,0.0,15.0
Fábio Carille,Santos,2024,37,2024-01-01,80.0,80.0,95.0,80.0,95.0,50.0,95.0
Gilmar Dal Pozzo,Sport,2022,14,2022-03-15,10.0,60.0,5.0,30.0,85.0,5.0,100.0
Claudinei Oliveira,Sport,2022,18,2022-07-27,80.0,95.0,95.0,85.0,95.0,80.0,80.0
Enderson Moreira,Sport,2023,37,2022-11-18,90.0,95.0,65.0,75.0,75.0,85.0,30.0
Mariano Soso,Sport,2024,14,2023-12-05,65.0,100.0,20.0,75.0,85.0,65.0,95.0
Pepa,Sport,2024,17,2024-09-03,100.0,95.0,80.0,100.0,100.0,100.0,95.0
Márcio Goiano,Sport,2026,14,2026-03-24,100.0,35.0,100.0,95.0,45.0,100.0,45.0
Gilmar Dal Pozzo,Sport,2026,11,2026-06-30,65.0,30.0,0.0,80.0,35.0,85.0,75.0
Ricardo Catalá,São Bernardo,2026,20,2024-04-04,15.0,10.0,20.0,35.0,70.0,55.0,95.0
Bruno Pivetti,Tombense,2022,31,2022-05-13,45.0,20.0,0.0,20.0,10.0,75.0,25.0
Marcelo Chamusca,Tombense,2023,10,2023-01-17,80.0,85.0,75.0,90.0,100.0,15.0,100.0
João Burse,Tombense,2023,12,2023-06-23,80.0,45.0,75.0,80.0,0.0,100.0,0.0
Moacir Júnior,Tombense,2023,14,2023-08-25,25.0,25.0,65.0,5.0,80.0,15.0,100.0
Zé Ricardo,Vasco,2022,10,2022-01-10,100.0,50.0,100.0,30.0,95.0,50.0,100.0
Jorginho,Vasco,2022,10,2022-09-06,100.0,25.0,100.0,55.0,10.0,100.0,0.0
Allan Aal,Vila Nova,2022,22,2022-07-07,20.0,0.0,85.0,10.0,95.0,30.0,95.0
Claudinei Oliveira,Vila Nova,2023,21,2022-12-14,25.0,80.0,80.0,90.0,95.0,15.0,80.0
Luizinho Lopes,Vila Nova,2024,26,2024-05-24,70.0,70.0,65.0,55.0,45.0,65.0,50.0
Rafael Lacerda,Vila Nova,2025,11,2025-01-01,30.0,25.0,100.0,25.0,95.0,10.0,95.0
Guto Ferreira,Vila Nova,2026,25,2026-03-27,25.0,40.0,70.0,65.0,80.0,25.0,25.0
Léo Condé,Vitória,2023,38,2023-02-10,62.5,77.5,97.5,82.5,72.5,97.5,92.5
Rogério Corrêa,Volta Redonda,2025,38,2024-02-21,2.5,62.5,77.5,32.5,37.5,2.5,12.5
