ano,clube,jogos,pontos,gp,gc,sg,pos,dist_g4,ppj,faixa,valor_eur,log_valor,posto_valor,ppj_esperado,rendimento,gols,artilheiro_pct,top3_pct,marcadores,gols_zaga_vol,gols_laterais,pts_apos_derrota,pts_apos_vitoria,maior_seq_sem_vencer,pts_casa,pts_fora,dias_lesao,lesionados,elenco_tm
2022,Cruzeiro,38,78,57.0,26.0,31.0,1,16,2.0526315789473686,Sobe,29750000.0,17.208339689955913,3.0,1.549386531160537,0.5032450477868315,53.0,20.754716981132077,43.39622641509434,21.0,5.0,6.0,2.0,2.227272727272727,4,2.526315789473684,1.5789473684210527,567,7,63
2022,Grêmio,38,65,50.0,26.0,24.0,2,3,1.7105263157894737,Sobe,49775000.0,17.723023407914535,1.0,1.68467056396174,0.025855751827733586,31.0,22.580645161290324,48.38709677419355,13.0,9.0,0.0,2.0,1.375,5,2.3684210526315788,1.0526315789473684,569,7,61
2022,Bahia,38,62,43.0,29.0,14.0,3,0,1.631578947368421,Sobe,21700000.0,16.892822818510687,4.0,1.4664532785695537,0.16512566879886736,41.0,21.951219512195124,51.21951219512195,18.0,10.0,2.0,2.3,1.125,5,2.1578947368421053,1.105263157894737,301,4,64
2022,Vasco,38,62,48.0,36.0,12.0,4,0,1.631578947368421,Sobe,31125000.0,17.253521912749147,2.0,1.5612626272893104,0.0703163200791106,46.0,21.73913043478261,54.34782608695652,16.0,10.0,2.0,1.8,1.25,3,2.210526315789474,1.0526315789473684,431,8,53
2022,Sampaio Corrêa,38,58,48.0,42.0,6.0,5,-4,1.5263157894736843,Meio,4500000.0,15.319587954740548,18.0,1.0529302750472498,0.4733855144264345,47.0,40.42553191489362,68.08510638297872,13.0,6.0,2.0,2.1666666666666665,1.0666666666666667,5,2.4210526315789473,0.631578947368421,12,1,53
2022,Ituano,38,57,42.0,34.0,8.0,6,-5,1.5,Meio,6500000.0,15.687312734865866,17.0,1.149586317351445,0.3504136826485551,42.0,23.80952380952381,45.23809523809524,17.0,8.0,3.0,1.9,1.1333333333333333,6,1.894736842105263,1.105263157894737,356,2,44
2022,Sport,38,57,37.0,31.0,6.0,7,-5,1.5,Meio,16300000.0,16.60667566577699,6.0,1.3912398233043755,0.10876017669562454,37.0,18.91891891891892,45.945945945945944,16.0,3.0,2.0,2.3636363636363638,1.2,6,2.3157894736842106,0.6842105263157895,494,8,55
2022,Criciúma,38,56,43.0,31.0,12.0,8,-6,1.4736842105263157,Meio,6800000.0,15.732433170146335,16.0,1.1614461727024121,0.3122380378239036,40.0,25.0,50.0,13.0,6.0,5.0,2.1,1.1538461538461537,5,2.0,0.9473684210526315,538,7,47
2022,Londrina,37,52,35.0,36.0,-1.0,9,-10,1.4054054054054055,Meio,7200000.0,15.789591583986283,15.0,1.176470197094437,0.22893520831096859,35.0,20.0,45.714285714285715,15.0,8.0,3.0,1.5833333333333333,1.0,5,1.6666666666666667,1.1578947368421053,306,3,63
2022,Guarani,38,51,33.0,36.0,-3.0,10,-11,1.3421052631578947,Meio,11025000.0,16.215675979297185,12.0,1.2884659982049644,0.053639264952930255,32.0,21.875,37.5,18.0,6.0,6.0,1.7692307692307692,1.25,7,1.736842105263158,0.9473684210526315,161,4,48
2022,CRB,38,50,35.0,43.0,-8.0,11,-12,1.3157894736842106,Meio,15925000.0,16.583400759422503,7.0,1.3851220405091595,-0.06933256682494893,35.0,25.714285714285715,62.857142857142854,11.0,3.0,1.0,1.6923076923076923,1.2307692307692308,5,1.6842105263157894,0.9473684210526315,453,8,67
2022,Ponte Preta,38,49,34.0,36.0,-2.0,12,-13,1.2894736842105263,Meio,20500000.0,16.835935444108635,5.0,1.4515004965870464,-0.16202681237652006,34.0,44.11764705882353,67.6470588235294,11.0,3.0,1.0,1.6923076923076923,0.45454545454545453,6,1.631578947368421,0.9473684210526315,42,2,63
2022,Vila Nova,38,47,28.0,31.0,-3.0,13,-15,1.236842105263158,Meio,8900000.0,16.00156183470237,14.0,1.2321863376098037,0.0046557676533542924,28.0,21.428571428571427,50.0,11.0,9.0,0.0,1.1111111111111112,1.2222222222222223,13,1.5263157894736843,0.9473684210526315,67,1,66
2022,Chapecoense,38,45,37.0,39.0,-2.0,14,-17,1.1842105263157894,Meio,13875000.0,16.445599217596772,9.0,1.348901061189376,-0.16469053487358654,34.0,17.647058823529413,41.1764705882353,16.0,6.0,1.0,1.7857142857142858,0.45454545454545453,7,1.4210526315789473,0.9473684210526315,12,2,59
2022,Novorizontino,38,44,44.0,49.0,-5.0,15,-18,1.1578947368421053,Meio,11300000.0,16.240313283682568,11.0,1.2949418857807853,-0.13704714893867997,43.0,20.930232558139537,46.51162790697674,17.0,6.0,1.0,1.5625,1.1,6,1.5789473684210527,0.7368421052631579,0,0,53
2022,Tombense,37,44,37.0,46.0,-9.0,16,-18,1.1891891891891893,Meio,3950000.0,15.189226136877304,20.0,1.0186648187515188,0.17052437043767044,38.0,26.31578947368421,57.89473684210526,13.0,6.0,0.0,1.6666666666666667,1.1,8,1.894736842105263,0.4444444444444444,93,2,49
2022,CSA,38,42,29.0,37.0,-8.0,17,-20,1.105263157894737,Cai,13750000.0,16.436549382076855,10.0,1.3465223221646054,-0.2412591642698685,29.0,31.03448275862069,58.62068965517241,13.0,3.0,1.0,1.6923076923076923,0.8888888888888888,8,1.5263157894736843,0.6842105263157895,616,5,52
2022,Brusque,38,34,21.0,38.0,-17.0,18,-28,0.8947368421052632,Cai,4375000.0,15.291417077773852,19.0,1.045525591917353,-0.15078874981208978,20.0,15.0,45.0,13.0,7.0,0.0,1.263157894736842,0.125,10,1.263157894736842,0.5263157894736842,13,1,46
2022,Operário-PR,38,34,31.0,53.0,-22.0,19,-28,0.8947368421052632,Cai,10925000.0,16.206564298945928,13.0,1.2860710033362661,-0.39133416123100295,30.0,16.666666666666668,43.333333333333336,13.0,2.0,0.0,1.0,0.14285714285714285,10,1.263157894736842,0.5263157894736842,66,4,57
2022,Náutico,38,30,32.0,65.0,-33.0,20,-32,0.7894736842105263,Cai,13925000.0,16.449196343777622,8.0,1.349846561735168,-0.5603728775246417,30.0,13.333333333333334,33.333333333333336,18.0,3.0,6.0,0.6086956521739131,0.875,6,1.1578947368421053,0.42105263157894735,512,7,65
2023,Vitória,38,72,50.0,31.0,19.0,1,8,1.894736842105263,Sobe,14025000.0,16.456352009373035,9.0,1.3517274203389018,0.5430094217663612,49.0,20.408163265306122,40.816326530612244,16.0,13.0,1.0,2.0,1.8181818181818181,3,2.3684210526315788,1.4210526315789473,87,1,64
2023,Juventude,38,65,42.0,31.0,11.0,2,1,1.7105263157894737,Sobe,16825000.0,16.638376433495065,5.0,1.3995723342235191,0.31095398156595455,42.0,16.666666666666668,45.23809523809524,15.0,3.0,3.0,1.6666666666666667,1.8823529411764706,4,1.736842105263158,1.6842105263157894,112,2,52
2023,Criciúma,38,64,45.0,33.0,12.0,3,0,1.6842105263157894,Sobe,10900000.0,16.204273347199372,12.0,1.2854688292623395,0.39874169705344986,44.0,20.454545454545453,45.45454545454545,12.0,5.0,4.0,2.090909090909091,1.2105263157894737,4,2.263157894736842,1.105263157894737,0,0,44
2023,Atlético-GO,38,64,56.0,45.0,11.0,4,0,1.6842105263157894,Sobe,24525000.0,17.0152035634157,2.0,1.4986209188703423,0.18558960744544706,56.0,25.0,50.0,17.0,12.0,4.0,1.625,2.0,6,2.1052631578947367,1.263157894736842,276,4,55
2023,Sport,38,63,59.0,40.0,19.0,5,-1,1.6578947368421053,Meio,17900000.0,16.70031127081098,4.0,1.415851836120754,0.24204290072135137,54.0,20.37037037037037,46.2962962962963,16.0,3.0,3.0,1.3333333333333333,1.8125,5,2.263157894736842,1.0526315789473684,543,11,48
2023,Novorizontino,38,63,48.0,30.0,18.0,6,-1,1.6578947368421053,Meio,13900000.0,16.44739939810092,10.5,1.3493742365976384,0.30852050024446687,46.0,15.217391304347826,43.47826086956522,12.0,6.0,4.0,2.0,1.8333333333333333,4,2.0526315789473686,1.263157894736842,16,1,41
2023,Mirassol,38,63,42.0,31.0,11.0,7,-1,1.6578947368421053,Meio,14900000.0,16.51687177091569,7.0,1.3676349711705669,0.29025976567153844,42.0,19.047619047619047,47.61904761904762,15.0,5.0,4.0,1.6363636363636365,1.5294117647058822,6,2.0,1.3157894736842106,0,0,48
2023,Vila Nova,38,61,49.0,30.0,19.0,8,-3,1.605263157894737,Meio,10475000.0,16.164502023772474,14.0,1.2750149819085275,0.3302481759862095,48.0,20.833333333333332,47.916666666666664,14.0,8.0,1.0,1.7,1.411764705882353,5,2.0526315789473686,1.1578947368421053,353,3,53
2023,Guarani,38,57,42.0,33.0,9.0,9,-7,1.5,Meio,14200000.0,16.46875252257149,8.0,1.354986881199535,0.14501311880046508,41.0,24.390243902439025,58.53658536585366,12.0,4.0,1.0,1.5,1.7333333333333334,8,1.9473684210526316,1.0526315789473684,0,0,51
2023,CRB,38,57,45.0,39.0,6.0,10,-7,1.5,Meio,13900000.0,16.44739939810092,10.5,1.3493742365976384,0.15062576340236156,44.0,20.454545454545453,47.72727272727273,17.0,3.0,1.0,1.6666666666666667,1.25,4,2.0,1.0,92,1,56
2023,Ceará,38,50,40.0,45.0,-5.0,11,-14,1.3157894736842106,Meio,35475000.0,17.38433878101038,1.0,1.5956476930671757,-0.27985821938296507,40.0,25.0,42.5,16.0,7.0,0.0,1.5384615384615385,1.1538461538461537,6,1.631578947368421,1.0,217,5,59
2023,Botafogo-SP,38,47,25.0,42.0,-17.0,12,-17,1.236842105263158,Meio,8600000.0,15.967272761223736,16.0,1.223173493450667,0.013668611812490905,25.0,20.0,44.0,14.0,4.0,3.0,1.5,1.5,9,1.368421052631579,1.105263157894737,418,3,52
2023,Avaí,38,44,31.0,48.0,-17.0,13,-20,1.1578947368421053,Meio,20300000.0,16.826131444012017,3.0,1.448923526256774,-0.2910287894146686,27.0,14.814814814814815,40.74074074074074,15.0,1.0,1.0,1.2857142857142858,0.8,11,1.263157894736842,1.0526315789473684,32,1,67
2023,Ituano,38,42,33.0,38.0,-5.0,14,-22,1.105263157894737,Meio,6225000.0,15.644084000315045,20.0,1.1382236933964398,-0.03296053550170286,31.0,16.129032258064516,41.935483870967744,12.0,3.0,2.0,1.4285714285714286,0.7777777777777778,10,1.368421052631579,0.8421052631578947,292,2,57
2023,Ponte Preta,38,42,24.0,35.0,-11.0,15,-22,1.105263157894737,Meio,10675000.0,16.18341511707896,13.0,1.2799862670803126,-0.17472310918557565,24.0,20.833333333333332,50.0,13.0,2.0,3.0,1.2142857142857142,1.125,10,1.368421052631579,0.8421052631578947,211,1,46
2023,Chapecoense,38,40,38.0,43.0,-5.0,16,-24,1.0526315789473684,Meio,16325000.0,16.60820823312677,6.0,1.3916426568978695,-0.3390110779505011,38.0,21.05263157894737,39.473684210526315,17.0,4.0,3.0,1.0625,1.125,9,1.1578947368421053,0.9473684210526315,134,2,51
2023,Sampaio Corrêa,38,39,31.0,43.0,-12.0,17,-25,1.0263157894736843,Cai,8500000.0,15.955576721460545,17.0,1.2200992026352449,-0.19378341316156056,29.0,44.827586206896555,65.51724137931035,13.0,2.0,2.0,1.1428571428571428,0.625,11,1.368421052631579,0.6842105263157895,0,0,66
2023,Tombense,38,37,37.0,50.0,-13.0,18,-27,0.9736842105263158,Cai,6950000.0,15.754252217540975,19.0,1.1671812846176195,-0.19349707409130368,36.0,25.0,55.55555555555556,13.0,3.0,2.0,1.0,1.1111111111111112,9,1.1578947368421053,0.7894736842105263,54,2,49
2023,Londrina,38,31,31.0,58.0,-27.0,19,-33,0.8157894736842105,Cai,7700000.0,15.856730886823913,18.0,1.1941176868641952,-0.37832821317998466,31.0,22.580645161290324,51.61290322580645,13.0,11.0,0.0,0.8571428571428571,0.5,9,1.1578947368421053,0.47368421052631576,173,2,71
2023,ABC,38,28,28.0,51.0,-23.0,20,-36,0.7368421052631579,Cai,9400000.0,16.056220247240233,15.0,1.2465532394888115,-0.5097111342256536,25.0,20.0,48.0,11.0,0.0,0.0,0.75,1.0,14,0.8421052631578947,0.631578947368421,54,1,70
2024,Santos,38,68,57.0,32.0,25.0,1,4,1.7894736842105263,Sobe,64075000.0,17.97556483021441,1.0,1.7510507910137747,0.03842289319675163,56.0,17.857142857142858,42.857142857142854,17.0,5.0,3.0,1.4444444444444444,1.7,4,2.1052631578947367,1.4736842105263157,1508,18,60
2024,Mirassol,38,67,42.0,26.0,16.0,2,3,1.763157894736842,Sobe,16975000.0,16.647252231409034,9.0,1.401905327660523,0.36125256707631914,40.0,22.5,47.5,13.0,6.0,2.0,2.0,1.4444444444444444,4,2.4210526315789473,1.105263157894737,237,4,49
2024,Sport,38,66,57.0,37.0,20.0,3,2,1.736842105263158,Sobe,20975000.0,16.858841810317543,6.0,1.457521409022072,0.2793206962410859,57.0,17.54385964912281,45.6140350877193,17.0,6.0,3.0,1.1,1.6666666666666667,3,2.0526315789473686,1.4210526315789473,681,6,49
2024,Ceará,38,64,59.0,41.0,18.0,4,0,1.6842105263157894,Sobe,24725000.0,17.02332543547305,4.0,1.5007557437491474,0.18345478256664194,58.0,22.413793103448278,56.89655172413793,14.0,7.0,2.0,1.6666666666666667,1.631578947368421,4,2.3684210526315788,1.0,625,6,50
2024,Novorizontino,38,64,43.0,31.0,12.0,5,0,1.6842105263157894,Meio,11000000.0,16.213405830762646,16.0,1.2878692922317736,0.3963412340840158,39.0,20.512820512820515,46.15384615384615,14.0,10.0,1.0,1.3333333333333333,1.2222222222222223,3,1.894736842105263,1.4736842105263157,258,4,48
2024,Goiás,38,63,56.0,32.0,24.0,6,-1,1.6578947368421053,Meio,28750000.0,17.174148325207632,3.0,1.540399369630597,0.11749536721150822,55.0,12.727272727272727,36.36363636363637,20.0,5.0,4.0,1.7272727272727273,1.6470588235294117,4,2.210526315789474,1.105263157894737,31,1,59
2024,América-MG,38,58,50.0,35.0,15.0,7,-6,1.5263157894736843,Meio,23325000.0,16.96503630469768,5.0,1.4854345116902712,0.040881277783413106,47.0,17.02127659574468,40.42553191489362,16.0,9.0,1.0,2.5,1.0,5,2.3684210526315788,0.6842105263157895,278,5,47
2024,Operário-PR,37,55,31.0,30.0,1.0,8,-9,1.4864864864864864,Meio,12450000.0,16.33723118087499,12.0,1.3204166453764588,0.16606984111002765,31.0,19.35483870967742,38.70967741935484,14.0,3.0,1.0,2.0,1.2666666666666666,5,1.8333333333333333,1.1578947368421053,0,0,56
2024,Vila Nova,38,55,42.0,54.0,-12.0,9,-9,1.4473684210526316,Meio,12075000.0,16.306647757502912,13.0,1.3123778271541697,0.1349905938984619,41.0,26.829268292682926,56.09756097560975,14.0,3.0,5.0,2.142857142857143,0.875,5,2.263157894736842,0.631578947368421,410,5,68
2024,Avaí,38,53,34.0,32.0,2.0,10,-11,1.394736842105263,Meio,19000000.0,16.759949537130716,8.0,1.4315276869306581,-0.036790844825395075,34.0,14.705882352941176,38.23529411764706,16.0,5.0,2.0,1.2307692307692308,1.7692307692307692,9,1.736842105263158,1.0526315789473684,0,0,44
2024,Amazonas,38,52,31.0,37.0,-6.0,11,-12,1.368421052631579,Meio,9675000.0,16.08505579688012,17.0,1.254132631078651,0.11428842155292807,30.0,20.0,46.666666666666664,14.0,3.0,0.0,1.9285714285714286,0.6153846153846154,3,1.894736842105263,0.8421052631578947,165,2,63
2024,Paysandu,38,50,41.0,43.0,-2.0,12,-14,1.3157894736842106,Meio,13825000.0,16.441989105372674,10.0,1.3479521472768123,-0.03216267359260172,40.0,25.0,45.0,14.0,12.0,2.0,1.6666666666666667,0.9090909090909091,9,1.736842105263158,0.8947368421052632,132,2,48
2024,Coritiba,38,50,41.0,44.0,-3.0,13,-14,1.3157894736842106,Meio,32050000.0,17.282807741330952,2.0,1.568960374189456,-0.2531709005052454,40.0,25.0,52.5,16.0,5.0,4.0,1.4,1.0714285714285714,6,1.8421052631578947,0.7894736842105263,470,8,55
2024,Botafogo-SP,38,45,36.0,51.0,-15.0,14,-19,1.1842105263157894,Meio,9525000.0,16.06943047897704,18.0,1.2500255339508977,-0.06581500763510828,34.0,14.705882352941176,32.35294117647059,19.0,5.0,7.0,1.1333333333333333,1.5,7,1.2105263157894737,1.1578947368421053,0,0,45
2024,Chapecoense,37,44,32.0,42.0,-10.0,15,-20,1.1891891891891893,Meio,11425000.0,16.25131449474454,14.0,1.2978335416584255,-0.1086443524692362,31.0,22.580645161290324,48.38709677419355,14.0,8.0,5.0,1.2142857142857142,1.0,10,1.3157894736842106,1.0555555555555556,183,1,55
2024,CRB,38,43,38.0,45.0,-7.0,16,-21,1.131578947368421,Meio,13675000.0,16.43107990627232,11.0,1.3450846766391535,-0.21350572927073252,37.0,27.027027027027028,54.054054054054056,13.0,4.0,4.0,1.1764705882352942,1.0909090909090908,13,1.5263157894736843,0.7368421052631579,548,8,52
2024,Ponte Preta,38,38,37.0,55.0,-18.0,17,-26,1.0,Cai,7875000.0,15.879203742675971,19.0,1.200024651592523,-0.20002465159252303,37.0,18.91891891891892,51.351351351351354,14.0,5.0,2.0,1.5263157894736843,0.3,7,1.5263157894736843,0.47368421052631576,50,1,50
2024,Ituano,38,37,43.0,63.0,-20.0,18,-27,0.9736842105263158,Cai,11350000.0,16.244728301891687,15.0,1.2961023683206045,-0.32241815779428873,42.0,19.047619047619047,47.61904761904762,15.0,2.0,2.0,1.3181818181818181,0.5454545454545454,6,1.263157894736842,0.6842105263157895,341,2,58
2024,Brusque,38,36,24.0,44.0,-20.0,19,-28,0.9473684210526315,Cai,7500000.0,15.830413578506539,20.0,1.1872002121561005,-0.23983179110346897,23.0,17.391304347826086,39.130434782608695,15.0,5.0,3.0,1.1176470588235294,0.25,8,1.5263157894736843,0.3684210526315789,6,1,48
2024,Guarani,38,33,33.0,53.0,-20.0,20,-31,0.868421052631579,Cai,20600000.0,16.84080163375981,7.0,1.4527795690298229,-0.5843585163982439,32.0,34.375,53.125,13.0,4.0,1.0,0.9523809523809523,0.875,13,1.3157894736842106,0.42105263157894735,165,2,62
2025,Coritiba,38,68,39.0,23.0,16.0,1,6,1.7894736842105263,Sobe,23500000.0,16.972510979114386,4.0,1.4873992214016623,0.3020744628088641,37.0,16.216216216216218,40.54054054054054,15.0,3.0,4.0,1.75,1.7222222222222223,3,1.8421052631578947,1.736842105263158,475,5,70
2025,Athletico-PR,38,65,53.0,43.0,10.0,2,3,1.7105263157894737,Sobe,50500000.0,17.73748389424559,1.0,1.6884714864290196,0.02205482936045411,54.0,16.666666666666668,40.74074074074074,19.0,1.0,4.0,1.4545454545454546,2.0555555555555554,7,1.8421052631578947,1.5789473684210527,919,13,58
2025,Chapecoense,38,62,52.0,35.0,17.0,3,0,1.631578947368421,Sobe,10000000.0,16.11809565095832,18.0,1.2628171193321176,0.3687618280363034,51.0,15.686274509803921,41.1764705882353,14.0,5.0,16.0,1.5833333333333333,1.4705882352941178,5,1.894736842105263,1.368421052631579,540,5,48
2025,Remo,38,62,51.0,39.0,12.0,4,0,1.631578947368421,Sobe,27650000.0,17.135136285932617,3.0,1.5301450992568304,0.10143384811159062,48.0,31.25,50.0,19.0,8.0,3.0,2.25,1.7333333333333334,3,1.8421052631578947,1.4210526315789473,0,0,59
2025,Criciúma,38,61,47.0,33.0,14.0,5,-1,1.605263157894737,Meio,19725000.0,16.79739742469621,8.0,1.441370821797717,0.16389233609701992,47.0,19.148936170212767,48.93617021276596,16.0,8.0,4.0,1.6,1.8823529411764706,6,2.0,1.2105263157894737,871,7,69
2025,Goiás,38,61,42.0,37.0,5.0,6,-1,1.605263157894737,Meio,18250000.0,16.719675637992776,10.0,1.4209417381199607,0.18432141977477623,41.0,24.390243902439025,41.46341463414634,21.0,5.0,5.0,1.8,1.4705882352941178,6,1.7894736842105263,1.4210526315789473,111,2,49
2025,Novorizontino,38,60,43.0,32.0,11.0,7,-2,1.5789473684210527,Meio,13375000.0,16.408897850746346,14.0,1.3392541484474396,0.23969321997361304,45.0,13.333333333333334,33.333333333333336,19.0,5.0,1.0,1.25,1.7857142857142858,7,2.0,1.1578947368421053,304,2,42
2025,Avaí,38,56,50.0,40.0,10.0,8,-6,1.4736842105263157,Meio,13200000.0,16.3957273875566,15.0,1.3357923071029427,0.13789190342337299,50.0,26.0,44.0,18.0,2.0,5.0,1.8,1.1428571428571428,4,1.894736842105263,1.0526315789473684,66,1,53
2025,CRB,38,56,45.0,40.0,5.0,9,-6,1.4736842105263157,Meio,20200000.0,16.821193162371433,7.0,1.447625504516167,0.026058706010148702,42.0,19.047619047619047,45.23809523809524,15.0,3.0,1.0,2.0,0.875,6,2.210526315789474,0.7368421052631579,47,1,53
2025,Cuiabá,38,54,43.0,44.0,-1.0,10,-8,1.4210526315789473,Meio,21900000.0,16.90199719478673,6.0,1.4688647529911298,-0.047812121412182496,43.0,23.25581395348837,44.18604651162791,16.0,5.0,6.0,1.25,1.0,5,2.0,0.8421052631578947,238,2,60
2025,Atlético-GO,38,52,39.0,38.0,1.0,11,-10,1.368421052631579,Meio,28675000.0,17.171536220979707,2.0,1.5397127809903886,-0.17129172835880957,35.0,17.142857142857142,45.714285714285715,15.0,7.0,3.0,1.4545454545454546,0.9230769230769231,5,2.0,0.7368421052631579,492,7,66
2025,Operário-PR,38,48,40.0,44.0,-4.0,12,-14,1.263157894736842,Meio,19100000.0,16.76519889301686,9.0,1.4329074741846686,-0.16974957944782654,39.0,23.076923076923077,53.84615384615385,16.0,4.0,0.0,1.0,1.0,4,1.736842105263158,0.7894736842105263,89,2,64
2025,Vila Nova,38,47,40.0,44.0,-4.0,13,-15,1.236842105263158,Meio,11175000.0,16.229189698463905,16.0,1.2920180639945489,-0.05517595873139092,38.0,15.789473684210526,42.10526315789474,17.0,10.0,1.0,1.2307692307692308,1.2727272727272727,9,1.6842105263157894,0.7894736842105263,520,4,66
2025,América-MG,38,46,41.0,44.0,-3.0,14,-16,1.2105263157894737,Meio,23150000.0,16.957505338496517,5.0,1.4834550057470413,-0.2729286899575676,44.0,25.0,50.0,17.0,2.0,3.0,1.2666666666666666,0.9166666666666666,9,1.5263157894736843,0.8947368421052632,727,8,57
2025,Athletic,38,44,43.0,53.0,-10.0,15,-18,1.1578947368421053,Meio,17710000.0,16.689640009759017,11.0,1.413046907229842,-0.25515217038773663,41.0,21.951219512195124,53.65853658536585,13.0,5.0,3.0,1.1111111111111112,1.1818181818181819,6,1.2105263157894737,1.105263157894737,103,2,60
2025,Botafogo-SP,38,42,32.0,52.0,-20.0,16,-20,1.105263157894737,Meio,10125000.0,16.130518170956876,17.0,1.2660823646552526,-0.16081920676051564,31.0,12.903225806451612,38.70967741935484,14.0,7.0,0.0,1.1875,1.2,6,1.368421052631579,0.8421052631578947,123,1,57
2025,Ferroviária,38,40,43.0,52.0,-9.0,17,-22,1.0526315789473684,Cai,6650000.0,15.710127412632037,19.0,1.1555831295830599,-0.1029515506356915,42.0,30.952380952380953,54.76190476190476,15.0,3.0,1.0,0.7692307692307693,1.125,9,1.105263157894737,1.0,0,0,44
2025,Amazonas,38,36,38.0,55.0,-17.0,18,-26,0.9473684210526315,Cai,15970000.0,16.586222520191196,12.0,1.3858637371338416,-0.43849531608121006,36.0,27.77777777777778,61.111111111111114,12.0,3.0,1.0,1.2941176470588236,0.25,8,1.4736842105263157,0.42105263157894735,14,1,72
2025,Volta Redonda,38,36,26.0,43.0,-17.0,19,-26,0.9473684210526315,Cai,5275000.0,15.478489237326404,20.0,1.094697297347393,-0.14732887629476143,25.0,16.0,36.0,14.0,8.0,2.0,1.3888888888888888,0.25,6,1.4736842105263157,0.42105263157894735,68,2,65
2025,Paysandu,38,28,36.0,52.0,-16.0,20,-34,0.7368421052631579,Cai,14100000.0,16.461685355348397,13.0,1.3531292842928124,-0.6162871790296546,35.0,20.0,48.57142857142857,16.0,6.0,3.0,0.5789473684210527,1.8,11,0.6842105263157895,0.7894736842105263,180,3,55
2026,Juventude,27,50,30.0,15.0,15.0,1,3,1.8518518518518519,Sobe,15975000.0,16.586535558227872,3.0,1.3859460188275188,0.4659058330243331,29.0,20.689655172413794,51.724137931034484,14.0,3.0,2.0,2.6,1.9230769230769231,4,2.2142857142857144,1.4615384615384615,0,0,36
2026,Novorizontino,27,49,47.0,24.0,23.0,2,2,1.8148148148148149,Sobe,12250000.0,16.32103649495501,8.0,1.3161598905098124,0.49865492430500247,48.0,31.25,56.25,15.0,5.0,3.0,1.0,1.8461538461538463,3,2.0,1.6428571428571428,0,0,35
2026,Vila Nova,26,47,39.0,28.0,11.0,3,0,1.8076923076923077,Sobe,11000000.0,16.213405830762646,10.0,1.2878692922317736,0.5198230154605341,39.0,15.384615384615385,41.02564102564103,16.0,9.0,3.0,2.5714285714285716,1.5384615384615385,3,2.4615384615384617,1.1538461538461537,43,2,30
2026,Fortaleza,27,47,30.0,22.0,8.0,4,0,1.7407407407407407,Sobe,30900000.0,17.246266741867974,1.0,1.5593556138338238,0.18138512690691688,27.0,22.22222222222222,59.25925925925926,12.0,1.0,6.0,2.3333333333333335,1.3333333333333333,3,2.3076923076923075,1.2142857142857142,201,3,29
2026,Criciúma,26,44,26.0,21.0,5.0,5,-3,1.6923076923076923,Meio,12750000.0,16.36104182956871,5.0,1.3266752474392458,0.3656324448684465,25.0,16.0,40.0,12.0,4.0,5.0,2.4,1.6666666666666667,4,1.9230769230769231,1.4615384615384615,246,6,34
2026,Operário-PR,27,43,36.0,33.0,3.0,6,-4,1.5925925925925926,Meio,9275000.0,16.042833166457772,13.0,1.2430344604552133,0.3495581321373793,35.0,31.428571428571427,60.0,11.0,1.0,3.0,0.75,1.8181818181818181,6,1.7857142857142858,1.3846153846153846,0,0,29
2026,CRB,27,42,40.0,39.0,1.0,7,-5,1.5555555555555556,Meio,11450000.0,16.253500287964524,9.0,1.2984080749326505,0.25714748062290504,39.0,41.02564102564103,61.53846153846154,12.0,2.0,1.0,1.125,1.8333333333333333,6,1.6153846153846154,1.5,0,0,33
2026,Sport,27,41,36.0,26.0,10.0,8,-6,1.5185185185185186,Meio,23625000.0,16.97781603134408,2.0,1.4887936483765438,0.02972487014197478,36.0,30.555555555555557,66.66666666666667,14.0,2.0,3.0,1.6666666666666667,1.5555555555555556,9,1.7857142857142858,1.2307692307692308,154,4,30
2026,Atlético-GO,26,40,30.0,25.0,5.0,9,-7,1.5384615384615385,Meio,10550000.0,16.17163641788635,12.0,1.2768902493274128,0.26157128913412575,30.0,33.333333333333336,60.0,11.0,1.0,2.0,1.3333333333333333,1.3,3,1.6923076923076923,1.3846153846153846,35,1,32
2026,Cuiabá,27,39,26.0,21.0,5.0,10,-8,1.4444444444444444,Meio,10850000.0,16.199675637950744,11.0,1.2842603265895347,0.1601841178549097,24.0,16.666666666666668,41.666666666666664,13.0,5.0,2.0,1.5,1.5,5,1.5714285714285714,1.3076923076923077,102,1,34
2026,Náutico,27,37,32.0,30.0,2.0,11,-10,1.3703703703703705,Meio,3300000.0,15.009433026436708,20.0,0.9714064031429039,0.3989639672274665,31.0,19.35483870967742,45.16129032258065,13.0,1.0,3.0,1.2222222222222223,1.5,8,1.7692307692307692,1.0,114,2,30
2026,Athletic,27,37,31.0,30.0,1.0,12,-10,1.3703703703703705,Meio,12375000.0,16.331188866419026,7.0,1.3188284298597566,0.05154194051061389,30.0,16.666666666666668,43.333333333333336,14.0,1.0,1.0,1.1428571428571428,1.0,5,1.5714285714285714,1.1538461538461537,1,1,36
2026,Goiás,27,36,25.0,33.0,-8.0,13,-11,1.3333333333333333,Meio,12500000.0,16.34123920227253,6.0,1.3214701492649503,0.011863184068382937,25.0,28.0,56.0,11.0,1.0,2.0,1.1,1.3,4,1.6923076923076923,1.0,136,1,30
2026,São Bernardo,26,35,36.0,29.0,7.0,14,-12,1.3461538461538463,Meio,7925000.0,15.885532877727618,15.0,1.2016882575782075,0.14446558857563874,35.0,11.428571428571429,31.428571428571427,18.0,10.0,9.0,1.5555555555555556,1.5,8,0.9230769230769231,1.7692307692307692,4,1,35
2026,Botafogo-SP,27,31,30.0,32.0,-2.0,15,-16,1.1481481481481481,Meio,6450000.0,15.679590688771956,16.0,1.14755658627465,0.0005915618734981809,29.0,27.586206896551722,55.172413793103445,11.0,4.0,4.0,1.0,1.375,10,1.3846153846153846,0.9285714285714286,0,0,32
2026,Ceará,26,31,27.0,33.0,-6.0,16,-16,1.1923076923076923,Meio,13525000.0,16.420050382696818,4.0,1.3421855788493735,-0.14987788654168122,25.0,20.0,36.0,15.0,6.0,2.0,1.4545454545454546,1.1428571428571428,7,1.5,0.8333333333333334,137,2,30
2026,Avaí,27,29,28.0,35.0,-7.0,17,-18,1.0740740740740742,Cai,8000000.0,15.89495209964411,14.0,1.2041640893992858,-0.13009001532521158,28.0,10.714285714285714,32.142857142857146,16.0,3.0,3.0,0.7692307692307693,1.375,11,1.3846153846153846,0.7857142857142857,231,2,30
2026,Londrina,26,22,30.0,38.0,-8.0,18,-25,0.8461538461538461,Cai,6100000.0,15.623799329143539,17.0,1.1328918905350394,-0.2867380443811932,33.0,33.333333333333336,45.45454545454545,15.0,6.0,0.0,0.6923076923076923,1.2,10,1.0769230769230769,0.6153846153846154,25,1,43
2026,América-MG,27,17,21.0,46.0,-25.0,19,-30,0.6296296296296297,Cai,5875000.0,15.586216617994497,18.0,1.1230133174416244,-0.4933836878119947,21.0,19.047619047619047,52.38095238095238,11.0,3.0,1.0,0.8888888888888888,0.0,12,0.9230769230769231,0.35714285714285715,69,2,31
2026,Ponte Preta,27,10,16.0,56.0,-40.0,20,-37,0.37037037037037035,Cai,4125000.0,15.232576577750919,19.0,1.0300594330757367,-0.6596890627053663,12.0,25.0,50.0,9.0,1.0,0.0,0.35,1.5,21,0.5,0.23076923076923078,2,2,18
