ano,clube,psv_min_kmh,psv_max_kmh,psv_amp_kmh,psv_media_kmh,mais_lento,mais_lento_setor,pontos,pos,faixa,rendimento,ppj,log_valor,dist_g4
2022,Bahia,27.72,31.03,3.3100000000000023,29.378000000000004,Lucas Mugni,Volante,62,3,Sobe,0.16512566879886736,1.631578947368421,16.892822818510687,0
2022,Brusque,26.3,30.06,3.759999999999998,28.595,Matheus Trindade,Volante,34,18,Cai,-0.15078874981208978,0.8947368421052632,15.291417077773852,-28
2022,CRB,27.55,31.46,3.91,28.707,Rafael Longuine,Meia,50,11,Meio,-0.06933256682494893,1.3157894736842106,16.583400759422503,-12
2022,CSA,26.63,31.16,4.530000000000001,28.587,Werley,Zaga,42,17,Cai,-0.2412591642698685,1.105263157894737,16.436549382076855,-20
2022,Chapecoense,26.64,30.53,3.8900000000000006,28.387999999999998,Marcelo Freitas,Meia,45,14,Meio,-0.16469053487358654,1.1842105263157894,16.445599217596772,-17
2022,Criciúma,25.41,29.55,4.140000000000001,28.093,Léo Costa,Volante,56,8,Meio,0.3122380378239036,1.4736842105263157,15.732433170146335,-6
2022,Cruzeiro,26.37,31.23,4.859999999999999,28.759000000000004,Willian Oliveira,Meia,78,1,Sobe,0.5032450477868315,2.0526315789473686,17.208339689955913,16
2022,Grêmio,27.47,30.58,3.1099999999999994,28.837,Ai Kesen,Atacante,65,2,Sobe,0.025855751827733586,1.7105263157894737,17.723023407914535,3
2022,Guarani,26.58,30.52,3.9400000000000013,28.674,Leandro Vilela,Volante,51,10,Meio,0.053639264952930255,1.3421052631578947,16.215675979297185,-11
2022,Ituano,26.82,30.12,3.3000000000000007,28.572999999999997,Rafael Pereira,Zaga,57,6,Meio,0.3504136826485551,1.5,15.687312734865866,-5
2022,Londrina,27.33,31.68,4.350000000000001,28.957000000000004,Gegé,Meia,52,9,Meio,0.22893520831096859,1.4054054054054055,15.789591583986283,-10
2022,Novorizontino,26.46,29.79,3.3299999999999983,28.269,Gustavo Bochecha,Meia,44,15,Meio,-0.13704714893867997,1.1578947368421053,16.240313283682568,-18
2022,Náutico,25.63,29.23,3.6000000000000014,27.984,Victor Ferraz,Lateral,30,20,Cai,-0.5603728775246417,0.7894736842105263,16.449196343777622,-32
2022,Operário-PR,26.88,31.0,4.120000000000001,28.663,Giovanni Pavani,Extremo,34,19,Cai,-0.39133416123100295,0.8947368421052632,16.206564298945928,-28
2022,Ponte Preta,25.64,30.04,4.399999999999999,28.685999999999996,Élvis,Meia,49,12,Meio,-0.16202681237652006,1.2894736842105263,16.835935444108635,-13
2022,Sampaio Corrêa,27.69,30.46,2.7699999999999996,29.115,André Luiz,Volante,58,5,Meio,0.4733855144264345,1.5263157894736843,15.319587954740548,-4
2022,Sport,25.6,30.39,4.789999999999999,28.437,Ronaldo Henrique,Volante,57,7,Meio,0.10876017669562454,1.5,16.60667566577699,-5
2022,Tombense,27.33,30.91,3.580000000000002,29.086000000000006,Zé Ricardo,Volante,44,16,Meio,0.17052437043767044,1.1891891891891893,15.189226136877304,-18
2022,Vasco,27.62,30.24,2.6199999999999974,28.763000000000005,Andrey Santos,Volante,62,4,Sobe,0.0703163200791106,1.631578947368421,17.253521912749147,0
2022,Vila Nova,26.12,30.3,4.18,28.373,Arthur Rezende,Volante,47,13,Meio,0.0046557676533542924,1.236842105263158,16.00156183470237,-15
2023,ABC,26.96,31.3,4.34,28.401999999999997,Fabrício,Zaga,28,20,Cai,-0.5097111342256536,0.7368421052631579,16.056220247240233,-36
2023,Atlético-GO,27.96,30.27,2.3099999999999987,29.127999999999997,Matheus Sales,Volante,64,4,Sobe,0.18558960744544706,1.6842105263157894,17.0152035634157,0
2023,Avaí,27.37,30.37,3.0,28.381,Alan Costa,Zaga,44,13,Meio,-0.2910287894146686,1.1578947368421053,16.826131444012017,-20
2023,Botafogo-SP,27.02,32.25,5.23,29.627,Tárik,Volante,47,12,Meio,0.013668611812490905,1.236842105263158,15.967272761223736,-17
2023,CRB,27.73,30.3,2.5700000000000003,28.908000000000005,Anselmo Ramon,Atacante,57,10,Meio,0.15062576340236156,1.5,16.44739939810092,-7
2023,Ceará,26.62,31.06,4.439999999999998,28.631,Nicolas,Atacante,50,11,Meio,-0.27985821938296507,1.3157894736842106,17.38433878101038,-14
2023,Chapecoense,26.39,30.24,3.849999999999998,28.272000000000002,Bruno Vinicius,Meia,40,16,Meio,-0.3390110779505011,1.0526315789473684,16.60820823312677,-24
2023,Criciúma,26.62,30.71,4.09,28.629999999999995,Marquinhos Gabriel,Meia,64,3,Sobe,0.39874169705344986,1.6842105263157894,16.204273347199372,0
2023,Guarani,27.34,30.82,3.4800000000000004,29.240999999999996,Diogo Mateus,Lateral,57,9,Meio,0.14501311880046508,1.5,16.46875252257149,-7
2023,Ituano,26.86,30.88,4.02,28.412,José Aldo,Volante,42,14,Meio,-0.03296053550170286,1.105263157894737,15.644084000315045,-22
2023,Juventude,27.31,31.51,4.200000000000003,29.383,Nenê,Meia,65,2,Sobe,0.31095398156595455,1.7105263157894737,16.638376433495065,1
2023,Londrina,26.15,30.24,4.09,28.872000000000003,Higor Leite,Meia,31,19,Cai,-0.37832821317998466,0.8157894736842105,15.856730886823913,-33
2023,Mirassol,25.41,30.28,4.870000000000001,28.615999999999996,Yuri Lima,Volante,63,7,Meio,0.29025976567153844,1.6578947368421053,16.51687177091569,-1
2023,Novorizontino,28.52,30.55,2.030000000000001,29.095999999999997,Marlon,Meia,63,6,Meio,0.30852050024446687,1.6578947368421053,16.44739939810092,-1
2023,Ponte Preta,25.37,30.19,4.82,28.5,Élvis,Meia,42,15,Meio,-0.17472310918557565,1.105263157894737,16.18341511707896,-22
2023,Sampaio Corrêa,26.2,31.09,4.890000000000001,28.709000000000003,Ytalo,Atacante,39,17,Cai,-0.19378341316156056,1.0263157894736843,15.955576721460545,-25
2023,Sport,25.13,30.32,5.190000000000001,28.251000000000005,Ronaldo Henrique,Meia,63,5,Meio,0.24204290072135137,1.6578947368421053,16.70031127081098,-1
2023,Tombense,27.58,31.6,4.020000000000003,28.838,Roger Carvalho,Zaga,37,18,Cai,-0.19349707409130368,0.9736842105263158,15.754252217540975,-27
2023,Vila Nova,27.57,29.9,2.3299999999999983,28.794999999999998,Igor Henrique,Atacante,61,8,Meio,0.3302481759862095,1.605263157894737,16.164502023772474,-3
2023,Vitória,27.24,29.84,2.6000000000000014,28.605,Léo Gamalho,Atacante,72,1,Sobe,0.5430094217663612,1.894736842105263,16.456352009373035,8
2024,Amazonas,26.69,32.15,5.459999999999997,28.698000000000008,Cauan Barros,Meia,52,11,Meio,0.11428842155292807,1.368421052631579,16.08505579688012,-12
2024,América-MG,26.17,29.74,3.5699999999999967,28.262999999999998,F. Elizari,Meia,58,7,Meio,0.040881277783413106,1.5263157894736843,16.96503630469768,-6
2024,Avaí,27.06,31.39,4.330000000000002,28.603999999999996,Giovanni,Atacante,53,10,Meio,-0.036790844825395075,1.394736842105263,16.759949537130716,-11
2024,Botafogo-SP,26.73,31.25,4.52,28.806,João Costa,Volante,45,14,Meio,-0.06581500763510828,1.1842105263157894,16.06943047897704,-19
2024,Brusque,27.31,30.92,3.610000000000003,28.666999999999994,Rodolfo Potiguar,Volante,36,19,Cai,-0.23983179110346897,0.9473684210526315,15.830413578506539,-28
2024,CRB,27.25,30.36,3.1099999999999994,28.377,Saimon,Zaga,43,16,Meio,-0.21350572927073252,1.131578947368421,16.43107990627232,-21
2024,Ceará,27.6,31.86,4.259999999999998,29.237000000000002,Patrick De Lucca,Meia,64,4,Sobe,0.18345478256664194,1.6842105263157894,17.02332543547305,0
2024,Chapecoense,25.97,29.51,3.5400000000000027,27.921,Tárik,Volante,44,15,Meio,-0.1086443524692362,1.1891891891891893,16.25131449474454,-20
2024,Coritiba,28.0,30.14,2.1400000000000006,29.006999999999998,Bruno Melo,Zaga,50,13,Meio,-0.2531709005052454,1.3157894736842106,17.282807741330952,-14
2024,Goiás,27.33,31.89,4.560000000000002,29.258,David Braz,Zaga,63,6,Meio,0.11749536721150822,1.6578947368421053,17.174148325207632,-1
2024,Guarani,26.16,31.1,4.940000000000001,28.731,Gabriel Bispo,Meia,33,20,Cai,-0.5843585163982439,0.868421052631579,16.84080163375981,-31
2024,Ituano,26.95,30.08,3.129999999999999,28.576,José Aldo,Meia,37,18,Cai,-0.32241815779428873,0.9736842105263158,16.244728301891687,-27
2024,Mirassol,27.35,30.41,3.0599999999999987,28.542,Lucas Gazal,Zaga,67,2,Sobe,0.36125256707631914,1.763157894736842,16.647252231409034,3
2024,Novorizontino,27.26,29.77,2.509999999999998,28.451999999999998,Willian Farias,Meia,64,5,Meio,0.3963412340840158,1.6842105263157894,16.213405830762646,0
2024,Operário-PR,27.18,29.78,2.6000000000000014,28.799,Vinicius Diniz,Volante,55,8,Meio,0.16606984111002765,1.4864864864864864,16.33723118087499,-9
2024,Paysandu,26.13,30.1,3.9700000000000024,28.565000000000005,Leandro Vilela,Meia,50,12,Meio,-0.03216267359260172,1.3157894736842106,16.441989105372674,-14
2024,Ponte Preta,25.59,30.58,4.989999999999998,28.439999999999998,Élvis,Atacante,38,17,Cai,-0.20002465159252303,1.0,15.879203742675971,-26
2024,Santos,26.12,31.38,5.259999999999998,28.79,Giuliano,Meia,68,1,Sobe,0.03842289319675163,1.7894736842105263,17.97556483021441,4
2024,Sport,26.17,30.61,4.439999999999998,28.759000000000004,C. Ortiz,Atacante,66,3,Sobe,0.2793206962410859,1.736842105263158,16.858841810317543,2
2024,Vila Nova,27.59,30.98,3.3900000000000006,28.909,J. Quintero,Zaga,55,9,Meio,0.1349905938984619,1.4473684210526316,16.306647757502912,-9
2025,Amazonas,26.69,29.97,3.2799999999999976,28.249000000000002,Rafael Tavares,Atacante,36,18,Cai,-0.43849531608121006,0.9473684210526315,16.586222520191196,-26
2025,América-MG,26.62,30.2,3.5799999999999983,28.649,Cauan Barros,Meia,46,14,Meio,-0.2729286899575676,1.2105263157894737,16.957505338496517,-16
2025,Athletic,26.97,32.6,5.630000000000003,29.314999999999998,Sandry,Volante,44,15,Meio,-0.25515217038773663,1.1578947368421053,16.689640009759017,-18
2025,Athletico-PR,26.62,31.86,5.239999999999998,29.351,Alan Kardec,Atacante,65,2,Sobe,0.02205482936045411,1.7105263157894737,17.73748389424559,3
2025,Atlético-GO,27.76,31.74,3.979999999999997,29.325,Kauan,Meia,52,11,Meio,-0.17129172835880957,1.368421052631579,17.171536220979707,-10
2025,Avaí,27.24,31.13,3.8900000000000006,29.192999999999994,Marquinhos Gabriel,Extremo,56,8,Meio,0.13789190342337299,1.4736842105263157,16.3957273875566,-6
2025,Botafogo-SP,26.4,30.04,3.6400000000000006,28.641000000000002,Gabriel Bispo,Volante,42,16,Meio,-0.16081920676051564,1.105263157894737,16.130518170956876,-20
2025,CRB,27.0,30.64,3.6400000000000006,28.726999999999997,Gegé,Meia,56,9,Meio,0.026058706010148702,1.4736842105263157,16.821193162371433,-6
2025,Chapecoense,27.35,29.88,2.5299999999999976,28.608000000000004,Bruno Matias,Meia,62,3,Sobe,0.3687618280363034,1.631578947368421,16.11809565095832,0
2025,Coritiba,26.41,30.53,4.120000000000001,28.323,Filipe Machado,Volante,68,1,Sobe,0.3020744628088641,1.7894736842105263,16.972510979114386,6
2025,Criciúma,26.34,30.76,4.420000000000002,28.573,Nicolas,Atacante,61,5,Meio,0.16389233609701992,1.605263157894737,16.79739742469621,-1
2025,Cuiabá,27.03,30.98,3.9499999999999993,28.991000000000003,Patrick De Lucca,Meia,54,10,Meio,-0.047812121412182496,1.4210526315789473,16.90199719478673,-8
2025,Ferroviária,26.13,31.18,5.050000000000001,28.90500000000001,Ricardinho,Volante,40,17,Cai,-0.1029515506356915,1.0526315789473684,15.710127412632037,-22
2025,Goiás,26.8,31.43,4.629999999999999,29.326,Anselmo Ramon,Atacante,61,6,Meio,0.18432141977477623,1.605263157894737,16.719675637992776,-1
2025,Novorizontino,26.9,30.81,3.91,28.753000000000004,Matheus Frizzo,Meia,60,7,Meio,0.23969321997361304,1.5789473684210527,16.408897850746346,-2
2025,Operário-PR,26.27,30.24,3.969999999999999,28.55,Boschilia,Atacante,48,12,Meio,-0.16974957944782654,1.263157894736842,16.76519889301686,-14
2025,Paysandu,26.37,32.46,6.09,28.922999999999995,Leandro Vilela,Volante,28,20,Cai,-0.6162871790296546,0.7368421052631579,16.461685355348397,-34
2025,Remo,26.08,30.33,4.25,28.567999999999994,Giovanni Pavani,Meia,62,4,Sobe,0.10143384811159062,1.631578947368421,17.135136285932617,0
2025,Vila Nova,27.3,29.96,2.66,28.520000000000003,Jean Mota,Meia,47,13,Meio,-0.05517595873139092,1.236842105263158,16.229189698463905,-15
2025,Volta Redonda,27.12,29.95,2.8299999999999983,28.671,Raí,Extremo,36,19,Cai,-0.14732887629476143,0.9473684210526315,15.478489237326404,-26
2026,América-MG,26.57,30.75,4.18,28.703999999999997,Felipe Amaral,Volante,17,19,Cai,-0.4933836878119947,0.6296296296296297,15.586216617994497,-30
2026,Athletic,27.67,30.0,2.3299999999999983,28.811,Zeca,Lateral,37,12,Meio,0.05154194051061389,1.3703703703703705,16.331188866419026,-10
2026,Atlético-GO,26.76,31.12,4.359999999999999,29.093,Leandro Vilela,Volante,40,9,Meio,0.26157128913412575,1.5384615384615385,16.17163641788635,-7
2026,Avaí,27.14,30.14,3.0,28.756,Luiz Henrique,Meia,29,17,Cai,-0.13009001532521158,1.0740740740740742,15.89495209964411,-18
2026,Botafogo-SP,27.59,30.17,2.580000000000002,29.064999999999998,Rafael Gava,Meia,31,15,Meio,0.0005915618734981809,1.1481481481481481,15.679590688771956,-16
2026,CRB,26.41,29.88,3.469999999999999,28.493000000000002,Danielzinho,Meia,42,7,Meio,0.25714748062290504,1.5555555555555556,16.253500287964524,-5
2026,Ceará,26.43,29.73,3.3000000000000007,28.401999999999997,Richardson,Volante,31,16,Meio,-0.14987788654168122,1.1923076923076923,16.420050382696818,-16
2026,Criciúma,27.05,31.32,4.27,28.719,Fellipe Mateus,Meia,44,5,Meio,0.3656324448684465,1.6923076923076923,16.36104182956871,-3
2026,Cuiabá,26.57,29.52,2.9499999999999993,28.264,Pepê,Meia,39,10,Meio,0.1601841178549097,1.4444444444444444,16.199675637950744,-8
2026,Fortaleza,26.99,29.85,2.860000000000003,27.921999999999997,Lucas Sasha,Meia,47,4,Sobe,0.18138512690691688,1.7407407407407407,17.246266741867974,0
2026,Goiás,26.66,30.73,4.07,28.444000000000006,Gegé,Extremo,36,13,Meio,0.011863184068382937,1.3333333333333333,16.34123920227253,-11
2026,Juventude,26.17,29.94,3.7699999999999996,28.776,Lucas Mineiro,Meia,50,1,Sobe,0.4659058330243331,1.8518518518518519,16.586535558227872,3
2026,Londrina,26.87,30.84,3.969999999999999,28.988999999999997,Lucas Marques,Meia,22,18,Cai,-0.2867380443811932,0.8461538461538461,15.623799329143539,-25
2026,Novorizontino,27.96,31.13,3.169999999999998,29.339000000000006,Léo Naldi,Volante,49,2,Sobe,0.49865492430500247,1.8148148148148149,16.32103649495501,2
2026,Náutico,28.04,30.26,2.2200000000000024,28.983000000000004,Mateus Silva,Zaga,37,11,Meio,0.3989639672274665,1.3703703703703705,15.009433026436708,-10
2026,Operário-PR,26.69,30.27,3.5799999999999983,28.578000000000003,Matheus Trindade,Volante,43,6,Meio,0.3495581321373793,1.5925925925925926,16.042833166457772,-4
2026,Ponte Preta,25.67,31.94,6.27,28.860000000000003,Élvis,Meia,10,20,Cai,-0.6596890627053663,0.37037037037037035,15.232576577750919,-37
2026,Sport,26.66,30.73,4.07,28.630000000000003,Zé Gabriel,Volante,41,8,Meio,0.02972487014197478,1.5185185185185186,16.97781603134408,-6
2026,São Bernardo,25.65,29.85,4.200000000000003,28.593,Miraíma,Volante,35,14,Meio,0.14446558857563874,1.3461538461538463,15.885532877727618,-12
2026,Vila Nova,27.09,30.82,3.7300000000000004,29.020999999999997,Nathan Camargo,Lateral,47,3,Sobe,0.5198230154605341,1.8076923076923077,16.213405830762646,0
