ano,clube,treinador,jogos,ppj,rendimento,sistema,sistema_pct,sistemas,posse,passes_posse,passe_longo,ppda,rec_altas,cruz,contra,posic,entradas,dist_rem,xg,xg_sof,bp,aereos,hi,spr,dist
2022,Londrina,Adilson Batista,37,1.4054054054054055,0.2289352083109685,4-2-3-1,0.3,4-2-3-1 30% / 4-4-2 30% / 4-3-3 24%,-1.001553777188281,-0.8572318104711844,1.745112659240086,0.9446478991369204,-0.7293275939426705,-1.6508861178400203,-0.19736053274081714,-1.3173967523333685,-1.6639171582310393,1.0568026429302335,-0.7151323955978548,-0.16140274735880697,1.0327358667739415,0.04997477125918042,-1.0319117949173444,-1.4493458122394824,-0.1386270486584448
2023,Botafogo-SP,Adilson Batista,13,1.3846153846153846,0.1614418911647175,4-2-3-1,0.62,4-2-3-1 62% / 4-4-2 15% / 4-1-4-1 15%,-1.2129474960880502,-1.0417677608240359,1.4816774066277436,1.380013377753626,0.021588100609905053,-0.7918217330766506,0.18052766238279758,0.2801869516943948,-1.004172326593934,1.0192518608890184,-0.6640660008353152,-0.16594243042198725,0.5716212707315249,-0.09830767190836955,-0.022551908005754528,-0.11127416157399748,0.34182905214546416
2022,CSA,Alberto Valentim,10,0.7,-0.6465223221646055,4-2-3-1,0.7,4-2-3-1 70% / 4-4-2 20% / 5-4-1 10%,-0.06482653686942019,0.43816716080957,-0.5866443476623234,0.4248233728347342,0.7817754223587747,0.926920548339127,0.29671910878614544,-0.24208181712838348,0.9419850078899873,-0.3842699494118813,-0.7261379489462952,0.9176105615713013,-0.6661490932339319,-0.9708907198799026,1.1644743252522747,0.18816224542430715,3.3196839109761602
2023,Atlético-GO,Alberto Valentim,12,1.25,-0.2486209188703423,4-2-3-1,0.58,4-2-3-1 58% / 4-4-2 17% / 4-3-3 17%,1.79974248542332,1.3365087525772454,-1.694007215668471,-1.069807475104402,2.1741423181545994,1.827737192983032,-0.8826794503409823,2.2196142658473605,1.5535880773768895,-0.7769399125234596,-0.36999471142828705,0.1437133905126686,-0.37722113841309945,0.38523995138168565,2.0937122042570495,1.5428202662762134,3.210753052878062
2024,Ituano,Alberto Valentim,32,0.96875,-0.3273523683206045,4-2-3-1,0.34,4-2-3-1 34% / 4-3-3 19% / 4-4-2 16%,-1.068901490561591,-0.8881647376209609,0.60829150709986,1.3559174977427733,-0.528750984657603,-1.1632368774264197,1.4801375483187895,-1.0565932998866743,-0.7770446848349762,-0.4290775510631085,-0.13694224665382246,2.978961581422746,-0.5287092170839869,-1.6294574226249567,-0.15528082694566017,-1.0105062398613638,0.6982056794484769
2025,América-MG,Alberto Valentim,17,1.4705882352941178,-0.0128667704529235,4-4-2,0.41,4-4-2 41% / 3-5-2 12% / 4-3-3 12%,0.5532421744282928,0.20871359778254023,0.5187540636514043,0.2976723856313945,-0.38472736459647244,-0.604767701366095,-1.2328292285547806,-0.936659503430156,-0.394785281715524,0.05800746791248347,-0.8431102676394335,-0.24621748709999117,0.8294929095207225,0.7557621383506337,1.2447681883892725,1.649440876586719,0.3268093902494745
2025,Operário-PR,Alex,26,1.3076923076923077,-0.1252151664923608,4-4-2,0.31,4-4-2 31% / 4-2-3-1 23% / 4-3-3 23%,1.4929994655076524,0.36837538941838927,-0.6875259401518661,-1.1817411238386073,-0.015553316285729169,0.19668106332726795,-0.7084476247409508,0.22551136879237163,0.2251552975397778,0.640351702864059,-0.03348394497006534,-1.482099376372384,1.0183262144031366,-1.320184451588737,-0.3668359709268646,-0.6534565350057612,0.4881347186555135
2026,Athletic,Alex,27,1.3703703703703705,0.0515419405106138,4-1-4-1,0.37,4-1-4-1 37% / 4-3-3 22% / 3-4-3 19%,-1.2473867719795313,-0.6060069728122539,0.8978704458967713,1.0885250732742755,-1.6816069280262622,-0.7135244085037962,-0.7111326350625015,-1.2293550375691096,-0.9877799577466273,-0.5582749573359271,-0.7639044020278333,0.20097810242201825,-1.3233147711506825,-0.5822355765733869,,,
2022,Novorizontino,Allan Aal,13,1.0769230769230769,-0.2180188088577084,4-2-3-1,0.46,4-2-3-1 46% / 4-4-2 23% / 4-4-1-1 15%,0.041398084013758975,0.8944191985333155,-1.3211116328428083,-0.3033251550463605,1.0733572299371503,0.20297088950593484,1.1568383353726657,-0.008454966848967807,-0.053682158129960245,0.2952062521478589,-0.1378009431889012,-0.6649915502940033,0.8982087771805578,-2.041046345434298,-0.5512243020271986,-1.229832708895604,0.31615613700629797
2022,Vila Nova,Allan Aal,22,1.5909090909090908,0.3587227532992871,4-2-3-1,0.5,4-2-3-1 50% / 4-4-1-1 23% / 4-4-2 14%,-1.4757487665702569,-0.6310687558366432,-0.2540638127378455,1.327887041575834,-1.5980954105181364,-1.7368713017525992,-0.49389553383378704,-0.932342965681202,-2.1059885325334515,0.6872700672919255,-0.9832568203071256,-1.2291611741887545,-0.44672240388056866,1.074925252508576,,,
2023,ABC,Allan Aal,19,0.7894736842105263,-0.4570795552782851,4-4-2,0.79,4-4-2 79% / 4-2-3-1 16% / 4-4-1-1 5%,-0.9224730987269741,-0.7420570191518358,-0.7208314826781298,0.7443769304500721,-0.10200352910558018,-1.4792374927691105,-1.3262510955723412,-1.1089471080752686,-1.5683543358273817,1.3383610839685154,-1.4187331594295918,0.2416549244176415,1.495287782982796,-0.28864158851067245,-2.4117999027497756,-2.2024762664791497,0.2847502005312875
2024,Guarani,Allan Aal,20,1.1,-0.3527795690298227,4-4-2,0.85,4-4-2 85% / 4-2-3-1 5% / 4-3-3 5%,-0.7826049762992763,0.0053930022576946235,-1.0504120639229804,0.9239845804199807,0.21405014442814732,-0.583216525388091,-0.8637423270944433,-0.5122469935266759,-0.7770446848349762,1.2142552081544433,-0.48342441558385973,-0.6016947836102943,0.7910665260711283,0.2968825932546981,-1.2149771480380709,-1.077610231618081,0.14894423767115592
2025,Botafogo-SP,Allan Aal,22,1.0909090909090908,-0.1751732737461617,4-2-3-1,0.73,4-2-3-1 73% / 4-4-2 14% / 4-1-4-1 5%,-1.134750975246031,0.15998701434881885,-0.9269137736835804,2.9594374507261265,-1.3270068326017324,-0.3447611502534531,-0.24535737721704937,-0.7252223937834764,-1.2799372271702132,1.0036284930659207,-1.9005987360026115,1.6961568344226485,-1.0090454448190684,-0.7135514465539853,-1.9805596673255508,-2.051102588527355,-0.703697287811038
2026,Avaí,Allan Aal,11,1.4545454545454546,0.2503813651461688,4-2-3-1,0.36,4-2-3-1 36% / 3-4-3 27% / 4-4-2 18%,-2.111854741436334,-0.7757723252102436,0.6000188396474496,2.2360518649615253,0.44373593896081354,-2.1981988831217523,-0.13652447952572663,-0.4957383732332667,-0.9292470753106664,0.9477672482695207,0.3380978366559137,0.0739400858170195,-0.6332600386097229,0.5585484653731683,,,
2025,Remo,António Oliveira,15,1.2666666666666666,-0.2634784325901638,4-2-3-1,0.47,4-2-3-1 47% / 4-1-4-1 20% / 4-4-2 20%,0.1620376456924397,0.14773078698512884,-1.1426049750682425,0.0364053278631816,-0.5269277387606098,-0.5775289198209612,0.395250798524348,-1.2810824672863055,-1.018282109254926,0.10617817213806835,-1.0737680311221347,1.312851739048188,0.2572404571088517,-1.4008559936387786,-0.8041120955524671,-0.41716484156478206,-0.7014194591340163
2023,ABC,Argel Fuchs,11,0.8181818181818182,-0.4283714213069932,4-2-3-1,0.45,4-2-3-1 45% / 4-4-2 18% / 4-3-3 18%,-1.4378447218377608,-0.9906573979635592,0.11007977656759788,1.1134389425614395,-1.7929617356674405,-1.5795581286212126,-0.668152072829089,-1.48095882672384,-1.4388396953820315,-0.8111079905473398,0.309479099012367,1.050512006402764,-0.3864885699073748,0.8148387609099227,-1.1355611641998198,-0.9644987273886195,-0.4070583598562378
2022,Tombense,Bruno Pivetti,31,1.2580645161290323,0.2393996973775134,4-2-3-1,0.65,4-2-3-1 65% / 4-4-2 19% / 4-4-1-1 13%,0.0572988789498197,1.002391540748245,-0.22333866659306253,1.0556141311435843,-1.3236686176451604,-0.8027873109603456,0.1879380289259967,-1.711670068885997,-1.1495703023305304,0.26227246204619664,-0.6867309676018809,1.0691977987117647,0.8943858107328198,-0.9819064389336322,-0.48056528068509013,0.009042744128733777,-1.2362868315635798
2023,Guarani,Bruno Pivetti,10,1.5,0.145013118800465,4-4-1-1,0.4,4-4-1-1 40% / 4-2-3-1 30% / 4-4-2 30%,0.5538115540951419,2.3773468334763663,-1.930426392781066,1.2641956631997033,-0.21323599584951636,0.8273503033127545,1.6119674824401793,-0.3157264688553997,1.8877678286494595,-1.715542009086786,1.0312249753217733,1.007473192151907,0.21404099092165113,-2.014190686988052,-1.018638277577315,-0.9573176811532002,0.33073034910324833
2025,Operário-PR,Bruno Pivetti,12,1.1666666666666667,-0.2662408075180018,4-4-2,0.58,4-4-2 58% / 4-2-3-1 42%,0.7118102762257754,-0.14747524106779616,-0.30278328409995586,-1.319040499834294,1.2011400894606121,-0.7409616090917648,-0.28394823117737444,0.6202339678753114,-0.5244201431528244,0.794887312111461,-0.10495629611066797,-0.5289125661761555,-0.12968023514690158,1.0388727921665715,-0.3891080840372849,-0.7210583842450075,-0.8281299635214877
2022,Ituano,Carlos Pimentel,21,1.8571428571428572,0.7075565397914123,4-2-3-1,0.43,4-2-3-1 43% / 4-3-3 19% / 4-3-2-1 10%,-0.8542857747981978,-0.292575717846661,0.49887798235203573,1.8092176573492198,-0.9160811446861402,0.03060192311707953,0.3896874000951949,-0.7338107115260106,-0.7758481581752923,-1.2603052498025145,0.4069555436234998,0.2876652003453251,0.46366492428764366,-0.12297509903149269,0.14885095222390185,0.5579114081054745,0.259906799008425
2024,América-MG,Cauan de Almeida,23,1.5217391304347827,0.0363046187445115,4-2-3-1,0.57,4-2-3-1 57% / 4-3-3 35% / 4-1-4-1 9%,1.8008260423626863,1.9537550631868315,-1.2968298385166692,-0.6586339701117869,0.8822837119553244,1.023059438473398,-0.9264548321222221,1.4665191192772729,1.761641290125671,-0.1451531050540468,1.0241991197450913,0.11959506099127791,0.5668235220078545,0.21925280709557105,2.626636900618721,1.753056857754082,1.3386952153843785
2026,Avaí,Cauan de Almeida,15,0.8666666666666667,-0.337497422732619,4-2-3-1,0.6,4-2-3-1 60% / 4-4-2 27% / 4-3-3 7%,-0.3649294432272362,-0.48105277942287233,-0.010235176551069957,-0.870181694904429,-0.23968269551347432,-1.278456732735071,-1.2316600230193444,-0.7562225367892267,-0.7865731743730126,1.0557553273500309,-2.033088659726037,1.1159710129745066,0.014297420768652787,-0.08350288702039756,,,
2022,Operário-PR,Claudinei Oliveira,19,1.0526315789473684,-0.2334394243888977,4-1-4-1,0.47,4-1-4-1 47% / 5-4-1 26% / 4-3-3 11%,0.11269674830054788,-0.6258759453085445,0.07968995467151144,0.6824893879494418,-0.08481721957235093,-1.1834519423152599,0.1939646815498277,-0.7376166627210384,-1.3382965938209013,1.738074694203368,-1.0070817713227682,1.3686177903390575,1.8151170983565146,-0.6112562942846038,-0.6202535363537619,-0.7195740727214188,-0.4632451040151823
2022,Sport,Claudinei Oliveira,18,1.6666666666666667,0.2754268433622913,4-4-2,0.44,4-4-2 44% / 4-3-3 22% / 4-3-1-2 17%,1.1501180721701842,0.8363899795509593,0.2464810757676459,-1.417942785693665,1.8807756033529648,1.6343092672643695,-0.8076315031274114,1.5295884641571842,1.954041756889688,-0.6434055936447615,0.7979318138461502,-1.1445986308998046,-1.1625825251752313,0.6339892704817214,-0.6258714014308114,-0.09365844196518905,-1.1318739675061236
2023,Chapecoense,Claudinei Oliveira,17,1.2352941176470589,-0.1563485392508106,4-4-2,0.47,4-4-2 47% / 4-1-4-1 18% / 4-2-3-1 18%,0.21756631785114866,0.3549809188072667,-0.5969146786087397,-0.3610550864548264,-0.8762687387937642,0.1792350258793121,0.08900337721288813,0.15654288368727118,0.5608776397730794,-0.28477776397192966,-0.4259847552457586,-0.01750479491859386,0.4083299664839819,1.028699772101951,-0.7187486089532454,-0.9802104156165389,0.012436516013669423
2023,Vila Nova,Claudinei Oliveira,21,1.6666666666666667,0.3916516847581393,4-4-2,0.57,4-4-2 57% / 4-2-3-1 24% / 4-4-1-1 14%,0.027135203198590613,-1.0420328310698936,0.49443249121250876,-0.9236803964598387,1.5591268274275436,1.1327521717835245,0.7065743871450859,1.4885239481685224,0.5590054843037653,0.35845319375236145,1.333046715038537,-1.2224016901489974,0.8897691387327932,0.744547673504611,0.19397297912546593,0.18159898607668765,0.06416402953011359
2025,Paysandu,Claudinei Oliveira,13,1.3076923076923077,-0.0454369766005047,4-2-3-1,0.69,4-2-3-1 69% / 5-3-2 15% / 4-4-2 8%,-1.8717994608903603,-1.99541848754084,1.9678329652082294,1.183518937233026,0.5074432521544887,0.7152655581288554,3.112046917331238,-1.207954912087781,-0.06895604703715613,0.5958530216444142,-0.69600854823968,0.7709434089771833,0.8269918061447965,0.5035122613837554,-0.41180447096798933,0.05821296452660014,-1.0101594064947883
2022,Criciúma,Claudio Tencati,38,1.4736842105263157,0.3122380378239036,4-3-3,0.71,4-3-3 71% / 4-2-3-1 13% / 4-4-2 8%,-0.12202514960310866,-0.2293505181222064,1.0951535448744514,-0.5069027228970534,0.27366534813297166,0.27341269620354725,-0.6934599173092804,0.26943802348338974,0.3648182954237458,-0.6475325116314711,0.9811898074361112,-0.32941403409991593,0.15283092425180367,0.16299566721540887,0.7661364927525938,0.0063979913041352,0.01931647678962971
2023,Criciúma,Claudio Tencati,38,1.6842105263157894,0.3987416970534498,4-3-1-2,0.45,4-3-1-2 45% / 4-3-3 32% / 4-4-2 5%,-0.4626934748398389,-0.07300576754015439,0.7251567352763101,0.469484773420142,0.4078119434707947,0.013769617265117577,-0.1552219521615538,-0.09332815879375372,0.7533155151188929,-0.831741740335198,-0.26076823250567616,-0.027362722180631297,-0.5167203703795554,-0.11149735525294835,0.06805661684070069,-0.2935547047542856,0.7632303572841772
2026,Botafogo-SP,Claudio Tencati,27,1.1481481481481481,0.0005915618734981,4-2-3-1,0.41,4-2-3-1 41% / 4-1-4-1 30% / 4-3-3 15%,-0.07483373735573842,-1.0144779222368552,1.0003208250552604,-0.5114996611656937,0.8382606627727857,0.7059755940062603,2.015439397092391,0.14140267497073888,0.34018481251922605,-0.680889820541642,-0.4830539587152356,-0.9050187004330599,0.0883520749925619,-0.5122312279032876,,,
2022,Náutico,Dado Cavalcanti,13,0.6923076923076923,-0.6575388694274757,4-2-3-1,0.38,4-2-3-1 38% / 4-4-2 15% / 3-4-3 15%,0.5025211371594372,0.7313333637724876,-1.226540544689099,0.017104394400556375,-0.9312676971641806,-1.0137512261801025,-1.7102257532490681,-0.47570866740779916,-0.8603569454146406,1.577113418436318,-1.6903569306042436,2.6429810021461426,-0.1683988617384124,0.9553441647778543,0.35214322625041566,-0.06398462999188559,0.8563578387639831
2022,CRB,Daniel Paulista,30,1.5333333333333334,0.1482112928241739,4-2-3-1,0.6,4-2-3-1 60% / 4-1-4-1 13% / 5-4-1 10%,-0.17554724459659063,0.6215740083144057,0.16912320286106866,0.5971923718475566,-1.2911889908937386,-1.6434049210476265,-0.47238221022508164,-1.3961984575086959,-1.0754702220238879,0.09838553960955015,-1.0005590291780415,0.7056856594513989,-0.10124208447314503,-0.37307353611334665,,,
2023,CRB,Daniel Paulista,30,1.7333333333333334,0.3839590967356949,4-2-3-1,0.4,4-2-3-1 40% / 4-1-4-1 27% / 4-3-3 20%,0.15329920398481278,0.5851273801552848,-0.4118386805002459,-0.5087471314870512,-0.05668659820990174,-0.529338766240087,-0.5455649999651498,-0.2406052619012441,-0.5963016558099771,-0.3430267212514945,0.15897352221121205,-0.00920770613971155,-0.8257648227360113,-0.2468719179401912,0.14590680736475323,0.36589414621671357,-0.400507218328116
2024,CRB,Daniel Paulista,24,1.0416666666666667,-0.3034180099724868,4-2-3-1,0.71,4-2-3-1 71% / 4-3-3 12% / 4-4-2 4%,1.280286925522122,0.9126992480632465,-1.0445645076183543,-0.9596738310043798,-0.23707514862916687,-0.26207531352506147,0.21804838463474105,0.2847044615363278,-0.4105287659391429,1.0875088961849417,-0.6078523084956728,0.731110216505749,-0.20804759150921484,0.2094452579799958,-0.16453277631087812,-0.05775691051780467,-0.3398656450658837
2025,Remo,Daniel Paulista,10,1.7,0.1698549007431695,4-3-3,0.3,4-3-3 30% / 4-2-3-1 20% / 5-3-2 20%,-1.0952165175138973,0.10821501945048742,-0.3284484631108733,1.0087158037581578,-2.3777544837407176,-0.6456258736837958,-0.453747988602805,-1.270279532995614,-0.8483511101660315,-2.1174935149086713,1.6259594976921483,0.7002597137505308,-0.6271496966185841,-1.3847650071155664,-1.49176136566158,-1.5457451308211905,0.5082063181484977
2026,Ceará,Daniel Paulista,12,1.1666666666666667,-0.1755189121827067,4-2-3-1,0.58,4-2-3-1 58% / 3-4-3 8% / 3-4-2-1 8%,0.963583676915004,0.1626767547969093,-0.5859563316270673,-0.9500131200364309,1.2407395140809672,0.5410841795732747,-0.33932735795047086,0.9898353720468137,-0.06222875422800195,-0.11753433623977409,-0.8686145384073847,1.1375642838873914,0.5454081440307431,0.4969444712890348,-1.6600020687087924,-1.727650436578286,-1.2944416785050248
2026,Goiás,Daniel Paulista,14,1.2857142857142858,-0.0357558635506645,4-2-3-1,0.29,4-2-3-1 29% / 4-1-3-2 29% / 4-4-2 14%,0.9609506985438415,1.6772693077718566,-0.8308539516205857,-0.7325829354346274,0.3782848327062922,0.4765614521864535,-0.1799822391881718,0.4248715798104884,0.18784253367920387,0.0540517070877325,-0.05980700657197052,-0.22913176535495686,-1.5745716336960842,-1.2107371683692003,-1.5923465487797923,-1.5602337035995264,-0.21394324378817517
2023,Novorizontino,Eduardo Baptista,38,1.6578947368421053,0.3085205002444668,3-4-3,0.68,3-4-3 68% / 3-4-2-1 16% / 5-4-1 8%,-0.31842891954117536,-1.0150096170579277,0.6948896997995924,-1.189680183429636,2.246237435488632,1.7123356772315952,0.004463840121735417,2.2196142658473605,1.4216750176640327,-0.3396403234515201,2.466608733674693,-1.5731116587821885,-2.0297505017080426,1.8190401702157368,0.525040705135735,0.3808150555310672,1.6224933335511638
2024,Novorizontino,Eduardo Baptista,38,1.6842105263157894,0.3963412340840158,5-4-1,0.58,5-4-1 58% / 3-4-3 26% / 4-4-2 8%,-2.064379164227323,-1.774105840269672,1.901830575204886,0.3458538158516605,-0.24116884457342574,0.6140779390335804,0.19906960021843967,0.36410000123245395,-0.3060950104642856,0.3910496226317226,-0.18852283147271065,-1.4004315359856108,-1.5439896548456609,1.5375568923625684,1.3428858951688158,1.0952458152639852,1.1073249347068534
2025,Criciúma,Eduardo Baptista,32,1.75,0.3086291782022829,5-4-1,0.5,5-4-1 50% / 3-4-2-1 28% / 3-4-3 16%,-0.3688307470088306,-0.9072820947670112,1.7109020780287856,-0.9831672628124133,0.5578361506760726,0.42945478542570786,-0.3104794432750979,-0.389165204911129,-0.019937489607667336,-0.18019135508677014,0.9259721395831095,-0.6610226627776201,-0.3715056678067476,0.9720365330401929,1.0489887824277515,0.8617135505779122,0.8879659673083362
2026,Criciúma,Eduardo Baptista,26,1.6923076923076923,0.3656324448684465,3-4-2-1,0.5,3-4-2-1 50% / 3-4-3 38% / 4-1-4-1 4%,0.4202787168657788,-0.3140052635919746,0.7006407973274605,-0.6339791518683324,0.9701768080176072,1.3997327824901962,0.9047903000782479,1.087412572737848,0.9639258409774294,0.11202346229944185,-0.3285799709972789,-0.6545151510684487,0.2690383106590669,0.2608310472266016,1.3563405888542002,1.5332152276100781,1.3537760353702317
2023,Avaí,Eduardo Barroca,23,1.434782608695652,-0.0141409175611217,4-3-3,0.52,4-3-3 52% / 4-1-4-1 35% / 4-2-3-1 13%,-0.0014601365080034404,0.2822465924443999,-0.4521600854876853,0.12874580434540053,-0.6930939320926813,-1.3569369733586187,-1.3077368008148582,-0.8730115095750889,-0.8074645131358327,0.26948034975226015,-0.5619890812115078,1.9617955570855763,-0.4082468873287142,-1.176060087613416,1.3009184171898986,0.8504716096378121,1.0329148921650697
2023,Ceará,Eduardo Barroca,12,1.75,0.1543523069328243,4-2-3-1,0.83,4-2-3-1 83% / 4-1-4-1 8% / 4-4-1-1 8%,1.431316269641477,1.0048396074471688,-0.817142741720717,-0.30831207202318756,-1.2014540684495807,-1.0158282810797425,-0.20845054958931702,-1.2547415557823476,-1.0363049949855274,-0.37912076609509415,0.027901747504079394,1.9033534067866222,1.4577302974533644,0.11776601703995777,-0.8340716975491311,-1.0290411990620991,-1.0734701851590864
2025,CRB,Eduardo Barroca,38,1.4736842105263157,0.0260587060101487,4-2-3-1,0.32,4-2-3-1 32% / 4-3-3 29% / 4-5-1 18%,1.8326244972429737,2.567857453766313,-1.868584336915013,-0.4613783664808693,0.7563253910832775,1.7392011315967435,0.2299194557680078,1.2115524764183987,2.076250821521795,0.1657323235546039,1.326942173399249,0.826455686067193,0.27760470406968096,-0.2633502805515832,0.30825150950645597,0.5549231019820284,0.646432346220957
2026,CRB,Eduardo Barroca,16,1.1875,-0.1109080749326505,4-3-3,0.31,4-3-3 31% / 4-1-4-1 25% / 4-2-3-1 19%,0.7139444150992813,1.0797974466220843,-0.7584580093953094,1.4758328460735743,0.7157670993311652,1.0572659986678403,0.14866706825906964,0.6913639346389436,2.457886207526514,0.8463754953941754,0.8207495805069062,0.09674229262912869,-0.23563703723703547,-1.7142466001199053,1.2998947994247532,0.9608587208986082,-0.16442799528480573
2025,Cuiabá,Eduardo Barros,17,1.3529411764705883,-0.1159235765205415,5-4-1,0.53,5-4-1 53% / 3-4-3 29% / 4-4-2 12%,-0.799155802432677,0.15948980431377924,0.20027579189130554,-0.6943756334865644,0.04853940043488564,0.7411485632169915,-0.4837126516778809,0.26437260300549015,1.2920297827698315,-1.2360372017146701,0.9144576745530221,-0.43765249500550896,-2.3569127914090138,0.8215458773720115,0.07763063470337037,-0.0015376153660424734,1.284799967391616
2026,Cuiabá,Eduardo Barros,27,1.4444444444444444,0.1940005429756826,3-4-2-1,0.3,3-4-2-1 30% / 3-4-3 30% / 5-4-1 26%,-0.7653566946221275,-0.015706128179657157,0.6064206976476775,0.26124296248442463,0.4416148382951577,0.7776675133249507,0.15641301153223677,0.06402119119832804,0.5413915958928394,-0.23379416080372728,-0.6664996240003429,-1.7032089856681552,-1.8092984394950786,-0.7827736581776206,0.34249295939978924,0.05787832295400507,1.159608595934962
2023,Londrina,Eduardo Souza,12,0.75,-0.4441176868641951,4-2-3-1,0.58,4-2-3-1 58% / 4-1-4-1 25% / 3-4-1-2 8%,-0.538729381632543,-1.0354281641105947,1.6109461043005358,-0.8167976682516409,0.5597266549960783,-0.5704505562265366,-0.20845054958931702,0.5528624865520271,-0.6742769311069103,2.500556289905082,-1.3920424784898564,0.16466148594450095,-0.7340172509426889,-2.2313808060621736,0.31348418584039855,0.34490882739867745,0.18711859645468612
2026,Atlético-GO,Eduardo Souza,13,1.3076923076923077,0.1231097506725871,4-2-3-1,0.85,4-2-3-1 85% / 4-3-2-1 8% / 4-4-2 8%,-0.7779289788103492,-0.7811417096476649,1.1195987183071539,-0.34228740619370635,-0.07169152279353727,-0.05947351379636527,0.26128116661511736,0.22643727252283868,-0.19223929117710725,0.633251654247565,0.7200199278448228,-0.22305485984476414,-1.2930520518764903,-0.4386251190519353,,,
2022,Bahia,Enderson Moreira,17,1.411764705882353,-0.0546885726872006,4-4-2,0.47,4-4-2 47% / 5-4-1 12% / 5-3-2 12%,0.26973951988051487,-0.02356675371286192,0.25549321246780954,0.07497896158172498,-0.2773526139920886,0.759442327709401,-0.15221333534257983,0.8298531429771702,0.6282630822132227,-1.9591729262136448,1.5863933931963787,-0.8175874861112068,0.07094882194057138,1.0347660027356735,1.9322689961115096,1.7873566279737583,0.6815238493809685
2023,Sport,Enderson Moreira,37,1.6216216216216217,0.2057697855008677,4-2-3-1,0.38,4-2-3-1 38% / 4-4-2 38% / 4-3-3 14%,-0.07715619840925535,0.48329598856940287,-0.20919063515455688,-0.3283865027233743,1.1639755968989811,1.1295775161861161,-0.7824562353643835,1.0128529852155668,1.3413387758929594,-0.9975971020637934,0.6248518668668402,-0.5550282611662583,-0.5232458022282989,0.010502208971963297,-1.57390871237415,-1.4567806904343468,0.3082491000149436
2024,Avaí,Enderson Moreira,19,1.4736842105263157,0.0421565235956575,4-4-2,0.84,4-4-2 84% / 4-2-3-1 5% / 4-4-1-1 5%,-0.8896851262901361,-0.26520042927240134,-0.3306893510573997,0.011107412909859183,-0.8961601956548257,-0.7208484733293892,-0.6359969140988255,-0.6156109980367277,-0.3539881976884239,-0.7610068716010331,-0.1681285310500858,-0.027724264376620577,-1.7145354501652081,1.4724023490318203,1.2628299925003832,0.54184627301499,1.5065306792921442
2025,América-MG,Enderson Moreira,11,0.7272727272727273,-0.756182278474314,4-2-3-1,0.36,4-2-3-1 36% / 4-4-2 18% / 4-1-4-1 9%,1.2983703950135537,0.9355103664993117,-0.263618887557325,0.3100205320450731,2.1754853378615504,1.4009971215028565,-0.36112993909802465,0.983605394016736,1.6600621604757277,-0.34318104432518176,2.3417488889006606,0.22341251224041903,0.14669168789292245,-0.22277635759591702,0.7004963309327004,0.010353256048858228,0.4742922703911873
2025,Novorizontino,Enderson Moreira,15,1.6,0.2607458515525604,4-2-3-1,0.6,4-2-3-1 60% / 4-4-2 33% / 4-3-2-1 7%,-0.20417627856312728,-0.681325512271119,0.7969492673280769,0.17619505890695844,0.49291556969781597,2.3097819239632327,-0.7933475034536661,2.132644768572052,1.360751877989605,-0.2411850557277803,1.8326671739122684,-1.6639626338826266,-0.2586537992321533,0.4386119490734569,1.149020597733379,0.755963036981193,1.8431156380309524
2026,Novorizontino,Enderson Moreira,27,1.8148148148148149,0.5099270660119266,4-2-3-1,0.56,4-2-3-1 56% / 4-4-2 33% / 3-4-3 7%,-0.499815950004647,-0.5784308749608051,0.020340923304213984,0.04847902913712066,1.4215633458281207,1.207819029237089,0.6521533810149445,1.202634452420943,1.1718395171301634,-1.028797034027775,2.3189568225422503,-1.1823956763871915,-0.05050040167726491,0.7782037302362582,,,
2023,Ponte Preta,Felipe Moreira,18,1.2222222222222223,-0.0577640448580902,4-2-3-1,0.56,4-2-3-1 56% / 4-4-2 17% / 4-5-1 11%,-1.0620325551305996,-0.3901809181302584,0.12738709615462243,1.3965038454967162,-0.9242311767960968,-0.7988493894845907,-0.32082203304792795,-0.8634852695627857,-1.0270222241168445,-0.068921221279816,-0.4610167771971298,0.22168685684226852,0.5402545795201324,-0.9061057940496593,0.8906506760321425,0.949398831972495,-0.12341951461670621
2024,Santos,Fábio Carille,37,1.837837837837838,0.0867870468240632,4-2-3-1,0.46,4-2-3-1 46% / 4-4-2 35% / 4-1-4-1 11%,0.6274064485887005,1.4906173668346172,-1.0159642066826038,-0.22779738714014347,1.261770769124166,0.5332495851318627,0.03287700154596186,1.036269685085126,0.6452966816908873,-0.4678534439274706,0.802419690143354,-1.3908674626591868,-1.4779223647669177,0.2617329036257546,-0.05633545275283173,-0.41367494184861325,0.259303590007195
2022,Chapecoense,Gilmar Dal Pozzo,11,1.4545454545454546,0.1056443933560786,4-4-2,0.55,4-4-2 55% / 4-3-3 18% / 4-2-3-1 18%,0.9493716899393092,0.47487912361287254,-0.6193096100045161,-0.19396770761347382,0.8248500075692174,-0.06526103145212328,-0.8165953879643719,0.448179331424435,-0.10396837863601785,-0.24490713832359187,0.9380931182655902,-0.044487808301098206,0.8838436911345099,-0.019144020061274934,-0.9486154680452619,0.03713221067030498,-0.8275106147355027
2022,Sport,Gilmar Dal Pozzo,14,1.5,0.1087601766956245,4-4-2,0.5,4-4-2 50% / 4-2-3-1 36% / 4-4-1-1 7%,0.8639443783784495,1.8173241562997424,-0.816421488761278,-0.556841273199478,-0.3943145916906104,-0.4119083225282594,-1.300645169160249,-0.5457967224916236,0.35130151058847053,1.1821234369870113,-0.5794428092832405,-0.8368342802908945,0.39030037769533377,1.1247164319871663,-0.5664577674151856,-0.5129757130107017,-0.6180862743076869
2023,Chapecoense,Gilmar Dal Pozzo,11,0.9090909090909091,-0.4825517478069604,4-2-3-1,0.45,4-2-3-1 45% / 4-4-2 27% / 5-4-1 18%,-0.5041367470892679,-0.056501656969086954,-0.6497145321873765,0.6103785078834344,0.9822321315802648,0.4386570161681386,1.9061764573136333,-0.533407239006647,0.04977919665032487,0.07654871702923483,-0.32460188901889125,0.867692264452223,0.7256032094056347,0.09814989962452308,-0.3233446130354504,-0.7150928871637937,0.06469022078584537
2024,Avaí,Gilmar Dal Pozzo,16,1.5,0.0684723130693418,4-4-2,0.62,4-4-2 62% / 4-4-1-1 12% / 4-2-3-1 12%,-0.22822092068314825,0.6153699676372453,-0.08807136921885896,-0.607876848934653,-0.1592949256882506,-0.7945798740122276,1.6604360002736536,-0.10665562800353988,-1.0614104839782954,0.44166080014104325,0.19404025395502075,-0.36895673770151777,-1.0518939746007203,1.4708941420102748,1.4015858710714788,1.1122248991665986,1.0812606469153745
2024,Chapecoense,Gilmar Dal Pozzo,15,1.6,0.3021664583415746,4-4-2,0.47,4-4-2 47% / 4-2-3-1 40% / 5-3-2 13%,-1.0058188350205215,-1.0324526908260916,1.7376438151682396,1.1416030930981726,-0.4289330318834272,-0.4849079911443064,-0.9599015014703708,-1.4173561460625157,-1.0298142840734819,0.015966495107902653,-1.2799351487563615,0.1699939753112211,0.368018206014586,-0.09136856606590388,0.11712969346845438,0.03337700387126583,0.2936293111054425
2025,Chapecoense,Gilmar Dal Pozzo,38,1.631578947368421,0.3687618280363034,3-4-1-2,0.26,3-4-1-2 26% / 3-4-3 24% / 3-4-2-1 18%,-0.7710861272307393,-0.01290141974238424,1.115394746584646,1.003773286628907,-1.1372433249140939,-0.572511249536331,0.4980243359134245,-0.6818039018974467,-0.25471058045416706,0.06618749468214874,-0.3840830890926463,0.6702850217232176,-0.8569747694622271,-0.5744779739182295,0.0011109391290082772,-0.023124249569538347,0.3923077480592711
2026,Sport,Gilmar Dal Pozzo,11,1.1818181818181819,-0.3069754665583619,4-2-3-1,0.55,4-2-3-1 55% / 4-4-1-1 18% / 3-4-2-1 9%,1.080990576101783,0.9650471928496083,-1.8845629013959189,-0.5462792541968583,-0.24350067671165457,-0.2977112764553956,0.47188415574850534,-0.5228721402703455,-0.40245113338702276,-0.32092955693994296,1.0155037929380084,0.10266727550156754,0.3323958218668041,0.9866529471698356,-0.07316085261558262,0.3627671760580911,-1.0960603626355852
2022,Brusque,Gilson Kleina,11,0.5454545454545454,-0.5000710464628075,4-2-3-1,0.64,4-2-3-1 64% / 4-3-1-2 9% / 5-3-2 9%,0.5333590424899715,-0.1102177835647752,0.2637022075632575,0.6281347646215996,0.3402609239517467,0.545865303926545,1.2809536638844292,0.6966733449034491,0.3318455324164842,0.3835008783973153,-0.15234841755264183,0.2965545243029242,0.37029186498833905,-0.7910743864743346,-1.7955741657943423,-1.2025335173809752,-0.6012719015806373
2022,Chapecoense,Gilson Kleina,15,1.2,-0.1489010611893759,4-2-3-1,0.47,4-2-3-1 47% / 4-4-2 27% / 4-1-4-1 20%,-0.7643152998496547,-0.1995502263861484,0.12316130569023262,-0.30191596962150596,0.9397155681303954,0.795108985806472,0.9474971479494915,-0.24208181712838348,-0.056755204938663775,0.19928122609905657,-0.9976082648744751,-0.1933497948833463,-0.8030962468729104,-0.834516355146928,-0.21534658789376035,-1.637321630256449,1.360839472062015
2025,Amazonas,Guilherme Alves,11,1.1818181818181819,-0.2040455553156597,5-4-1,0.36,5-4-1 36% / 4-2-3-1 18% / 3-4-3 18%,-1.977732937553817,-1.610826525438961,1.4557258968319202,0.34218074624226136,-0.8634416923933566,-1.9790880429614874,-0.5926750628599755,-1.1376980667007697,-1.844764695732734,-1.68887165936454,-0.010049190408133984,2.585894541619888,-0.2050543959759447,0.641748463787742,-2.6093040631073627,-2.724122202965674,-1.531089872529544
2022,Bahia,Guto Ferreira,14,1.7857142857142858,0.3192610071447321,4-2-3-1,0.93,4-2-3-1 93% / 4-5-1 7%,-0.2534454739754546,-0.37670729927089774,0.4765601012486756,-1.0332649040113189,-0.1827876107464761,0.12475303921183203,1.6151785128053917,0.5605932899030365,0.7365298783938082,0.3179105846119993,0.4480554749946152,-1.2937797214189901,-1.4071310138162643,-0.8439685637152542,-0.6308519154057826,-0.827586244051727,-1.1030661563729296
2023,Ceará,Guto Ferreira,11,1.2727272727272727,-0.322920420339903,4-2-3-1,0.91,4-2-3-1 91% / 4-4-2 9%,0.19504489177262738,-0.3678869039672447,0.02804129439433686,-0.9660568649577984,0.3951718904317117,-0.5330762016934002,2.8255795037931772,-0.3541407224115022,0.14091912881557142,-0.27269326627958407,-0.09480072557132027,-0.2177999533791119,0.0027435528521783255,0.2571805658139546,1.206370154356583,1.3618863325984827,-0.4089015124882336
2025,Cuiabá,Guto Ferreira,21,1.4761904761904763,0.0073257231993464,4-2-3-1,0.38,4-2-3-1 38% / 4-4-2 38% / 4-1-4-1 14%,0.33338491883645066,0.10766157732815265,-0.3352284933938004,-0.37843080650511596,1.0055352220975544,-0.04053579793117829,1.5353348840950962,-0.2594335386523839,0.5869589357098153,-0.40076114375974153,0.25894466346876194,-0.6115258880401439,0.04140714578251366,1.47299419940748,-0.4367237745290392,0.25899862347007335,-1.7828169691575426
2025,Remo,Guto Ferreira,10,2.3,0.7698549007431694,4-2-3-1,0.6,4-2-3-1 60% / 4-3-3 20% / 4-1-4-1 10%,-0.6314258568612884,-1.188831938451349,0.8154852299470712,0.3056935214076329,-0.7346735978910303,-1.1359239414962066,0.31035091981163276,-0.6221034755541538,-0.7209028608493595,2.2248203477670994,-1.1739899347440121,0.06852418766231752,-0.35077777357876005,-0.14696586881722487,-1.1699224976180203,-0.6326074194310177,-1.6789431478456531
2026,Vila Nova,Guto Ferreira,25,1.84,0.5521307077682265,4-2-3-1,0.8,4-2-3-1 80% / 4-3-3 12% / 4-3-1-2 4%,0.49833639873082053,-0.22200981023081456,-0.1526934510031132,-0.7826548080705118,0.33148729173431074,-0.158342185299863,-1.0978101232590134,0.007864342974921439,-0.27470311747053944,1.1540864664281785,-0.1757743522978435,-0.6569945285166074,0.8640745779879978,1.2797329141382245,0.18129821992518597,-0.21219805095774827,-0.6355606105419795
2022,Ponte Preta,Hélio dos Anjos,38,1.2894736842105263,-0.16202681237652,4-2-3-1,0.37,4-2-3-1 37% / 4-3-3 21% / 4-1-4-1 11%,0.9774912528038731,-1.0669025510903343,0.5435392798918293,-1.9203022189976287,0.3671825397082725,-0.34055168717223566,-1.253938611325559,0.3014080135216254,-0.3290433261203694,-0.09330731477788663,-0.3885860429566497,-0.1579481521951242,1.6259137939868726,0.1311704678983785,1.606406188895702,1.661473138969149,-1.4458169892952988
2024,CRB,Hélio dos Anjos,11,1.5454545454545454,0.2003698688153918,4-4-2,0.45,4-4-2 45% / 4-1-4-1 45% / 4-2-3-1 9%,0.28413135557109576,-0.420892852477291,0.7258066163730146,-1.473044987680652,1.7357141423268003,0.49460249550285595,-1.5193730614757672,0.6133175615136063,0.5051865549385358,0.12352662248874281,-1.2793088995312647,-0.11091864447413415,-1.3863639955351723,0.34906444681970084,0.508931910266139,0.71093569629097,0.03086073686884321
2024,Paysandu,Hélio dos Anjos,25,1.08,-0.2679521472768122,4-2-3-1,0.4,4-2-3-1 40% / 4-4-2 28% / 4-1-4-1 16%,1.6551542590947577,0.32485309568436455,-1.0792469045915045,-1.9855133781021659,0.3011639941219739,1.7643912723534847,-0.2290917762133219,1.4243450422764246,1.0853617223543361,-0.05476470285792506,-0.9602975442659493,-0.0027329554090848754,0.872075778847912,-0.33030320836815175,0.542676656631911,0.014825192516329981,-0.1868556546638363
2026,Náutico,Hélio dos Anjos,27,1.3703703703703705,0.3989639672274665,4-2-3-1,0.85,4-2-3-1 85% / 4-4-2 7% / 4-1-4-1 4%,2.3128875744176685,-0.005365091485361834,-1.2108809282235273,-2.2391827556140473,1.8882054922723885,1.508925090375586,-0.33932735795047086,2.927136090777526,1.8157012239257286,-0.5592718261424794,1.593291226237443,-0.05884336872488916,1.800865953920432,0.36516887408808796,0.9058885755049569,0.6407421931782487,1.205597381729239
2023,Atlético-GO,Jair Ventura,19,1.9473684210526316,0.4487475021822893,4-2-3-1,0.63,4-2-3-1 63% / 4-1-4-1 16% / 4-3-3 16%,1.5023594913341403,1.3565041173075756,0.06890531991442014,-0.9401746675305137,0.42326089718523074,1.4851389430959512,1.015807191249233,0.44784106235625004,1.28096775397032,-1.732193174854454,1.1140071488210146,0.13801697859699508,-2.496536393288108,0.3720749678186485,-0.3544443590542373,0.06684423186562617,-0.5284824231484954
2025,Avaí,Jair Ventura,27,1.3703703703703705,0.0345780632674277,4-4-2,0.44,4-4-2 44% / 4-1-3-2 19% / 4-2-3-1 15%,-0.7723923400101023,-0.3837950273043907,1.4377639750133142,-0.33732018348902826,1.143432906368829,-0.19618597818908648,0.37638415881041126,0.40417528206149206,0.33408542516086404,-0.5471564448925539,0.21519700712588027,-0.3122187725053254,-1.1225719586603442,-0.4173987358384108,1.0896065630175293,0.8359405767613702,0.9814874915080708
2022,Vasco,Jorginho,10,1.7,0.1387373727106895,4-2-3-1,0.6,4-2-3-1 60% / 4-4-2 30% / 4-4-1-1 10%,0.10695687876736934,-1.1948268346348718,1.4313772754098708,0.526621006309699,-1.824236982872956,-1.5643179835280336,-0.4132205703011409,-0.8495116278548636,-0.9156717879713041,-1.4351722120610162,-0.10205129874183733,1.0795159215759464,-0.10124208447314503,0.6126692889331729,0.3771443039995344,0.9845292041749031,0.37232689001655506
2024,Coritiba,Jorginho,19,1.5789473684210527,0.0099869942315966,4-2-3-1,0.63,4-2-3-1 63% / 4-4-2 32% / 4-4-1-1 5%,0.2575773925820105,0.4847453902913548,-0.32355124605927144,0.61542329319933,-0.5031653850059855,-0.9485103421044694,0.5786452885444692,-0.543705603594952,-0.7690624869642863,0.5761021754493071,0.008622072612661113,0.08634395082790335,0.5878327866486677,-0.04619969936937715,1.632517222643913,1.8402260937481048,0.8300619449408984
2023,Tombense,João Burse,12,0.9166666666666666,-0.2505146179509528,4-2-3-1,0.33,4-2-3-1 33% / 4-4-1-1 25% / 4-1-4-1 17%,-0.3022486596135636,-0.3198268570420595,0.36986830344959226,1.1510563850476105,-0.2230203332019917,0.4916040184234149,0.6343355763502648,-0.7852340123188741,0.16117244707451445,-0.5603756434618653,0.7807842629349291,1.5053395935818004,-0.5301337580686382,1.5803635811774985,-0.3559798575667698,-0.09794052612382632,-0.9073254349873148
2024,América-MG,Lisca,14,1.4285714285714286,-0.0568630831188425,4-1-4-1,0.57,4-1-4-1 57% / 4-2-3-1 29% / 4-4-2 7%,0.5580542164239367,1.5420179078906258,-1.6660691864059172,1.468134317552912,-0.07040324232720373,0.5712065481603504,1.4028667831952766,-0.08530871402863799,1.6495434678546812,-1.2466290290935031,1.3016207194070548,0.6416857972538266,0.40916576298057167,1.3570891493274058,1.241964804453874,0.4470987880684589,2.4563339312434542
2022,Brusque,Luan Carlos,20,1.05,0.004474408082647,4-2-3-1,0.45,4-2-3-1 45% / 4-4-2 25% / 4-3-3 15%,0.42890228428306726,0.07850465022095529,0.4098005264699244,0.12442667527977719,-0.04741034294222974,-0.0023509675160842012,-1.1231602493884272,0.4868339557433922,0.28281646742307753,0.8583624590522861,-0.6066319946518242,-0.861373942869996,0.48934251559495257,-0.1219511097699243,0.27640035440727206,-0.26411002110235826,0.3289775500940624
2024,Vila Nova,Luizinho Lopes,26,1.5384615384615385,0.2260837113073688,4-2-3-1,0.35,4-2-3-1 35% / 4-1-4-1 35% / 4-4-2 15%,-0.20388646552812645,-0.869446715843989,0.4112199767914924,-0.7366900596541496,-0.1592949256882506,0.7159685656182312,1.133409756097897,0.45329034626119435,0.3662516563361127,-0.2842298683517287,-0.16091208628515727,0.18186611006386078,-0.3119056078897084,0.5663501043443193,0.04879068548906084,0.7340856004386547,-1.2975590493719424
2024,Brusque,Luizinho Vieira,19,1.0,-0.1872002121561005,4-4-2,0.47,4-4-2 47% / 3-5-2 21% / 4-1-4-1 16%,-0.3511939900108017,-0.26760410177100424,0.3905696061447345,-0.5337488159604037,-0.9616593307629655,-1.383137546129622,0.7304755638748809,-1.4425230341171371,-1.0564216103091149,0.49122844821718276,-0.13549765037388622,0.4207712181320754,-0.6628363790280046,-1.2555496987990022,-0.26940108276287367,-0.22897554476419602,-0.38674495404425313
2022,Sampaio Corrêa,Léo Condé,38,1.5263157894736843,0.4733855144264345,4-2-3-1,0.71,4-2-3-1 71% / 4-4-2 13% / 4-3-3 5%,-1.380357114257106,-1.151255531413056,0.6268355363668483,1.073146434720497,-1.0511615325171317,-1.0273593024739596,0.7544433755661067,-0.5298117274725052,-0.605011016507234,0.7703621482236568,0.18914254700492247,0.7887513533519417,-0.23909020622816904,1.3159578272752146,-0.7694155028331904,0.3444878169694935,-1.2887599846646536
2023,Vitória,Léo Condé,38,1.894736842105263,0.5430094217663612,4-2-3-1,0.55,4-2-3-1 55% / 3-4-3 16% / 3-4-2-1 8%,0.6303226853053019,0.6347666665651847,-0.43911522939482023,-0.0695530483818933,-0.2564930662499354,0.46816308553640484,1.1222643861047594,0.04011082724323344,0.533460415597465,-0.3168440846029365,0.9563268183462688,-0.5190916991594439,-0.5167203703795554,0.26743109333555254,-0.8593774342800996,-0.9618050019510367,-1.396512995485
2024,Ceará,Léo Condé,25,1.8,0.2992442562508526,4-2-3-1,0.48,4-2-3-1 48% / 4-4-2 24% / 5-4-1 12%,-0.21546144473929607,-0.06790699058716733,0.04136109554067213,-0.19618951412453786,0.5251710361918124,1.3239690389413294,-0.34448278546443467,1.0691323937340562,0.830569966321922,-0.9285652332098961,0.9368618582482756,-1.6735212130229875,-1.4825931685306242,-1.1318934293254728,-0.46976303264141844,0.7749984268702893,-1.6734228895828902
2022,Chapecoense,Marcelo Cabo,10,1.1,-0.2489010611893758,4-2-3-1,0.5,4-2-3-1 50% / 4-3-3 30% / 4-4-2 10%,-0.043205111111537374,0.2993500514595773,-0.25925073530258036,0.387351851310207,-0.10663789760658811,0.13605117314320234,-0.5907054900729627,0.18311905038015217,-0.6759741368924276,1.6163554745471953,-0.4340122828931449,-0.6501071926200307,0.258244193829176,-2.1703234749302913,-1.1913163491127146,-1.6204181853722546,0.8366933730739788
2024,Brusque,Marcelo Cabo,13,1.0,-0.1872002121561005,4-4-2,0.69,4-4-2 69% / 4-2-3-1 23% / 5-3-2 8%,-0.9707136133745695,-0.9660558604993297,1.4163797521800383,1.2566375814331199,-1.1883871061372964,-1.2350777293738011,-0.08707207251964418,-0.5976346494262835,-1.1386996498993005,2.0855273647994124,-2.1738818310762027,0.41678281899905123,-0.29113400461360894,-1.6151633682675062,-0.968716804635088,-1.6757616320681303,1.147830801997225
2023,Botafogo-SP,Marcelo Chamusca,23,1.1304347826086956,-0.0927387108419715,4-4-2,0.57,4-4-2 57% / 4-2-3-1 30% / 4-4-1-1 13%,-1.952285887202907,-1.108404115674129,1.7140148642403403,0.34026277483405537,-0.20813112418735533,-0.9994431473894904,-1.1318510006187719,-0.7627793037184464,-1.3741171348588859,0.2567894379546999,-1.6976730918726881,0.036392350872772,-0.7273688761750572,-1.3697235573763638,0.2522458167270109,0.5853672451501905,-0.31606720995847787
2023,Tombense,Marcelo Chamusca,10,0.6,-0.5671812846176195,4-2-3-1,0.6,4-2-3-1 60% / 4-4-2 10% / 3-5-2 10%,1.9062663015691403,1.9407496315233186,-1.3895622295904226,0.10419748441277649,0.08029412472476015,1.402915363123052,-0.6129878900403162,1.2899893297896827,1.3196622514860907,-0.6393117502285165,1.3682666817115419,-1.6529349276908554,2.1101574746503293,0.23644352740334879,0.10032267390939076,0.4608950357813755,-1.35977833234717
2023,Ituano,Marcinho,30,1.1666666666666667,0.0284429732702269,4-2-3-1,0.63,4-2-3-1 63% / 4-1-4-1 20% / 4-4-2 17%,0.042475738347742154,-0.45611272395005625,0.7194344547229348,-1.1834399497610808,0.6477856911683615,0.9369817432766215,-0.14102765951415028,0.6890196741564348,0.5956061237288556,-0.37912076609509415,-0.7148383091696708,-0.47146234533548764,0.49947788094532225,-0.2558626384222661,0.7290868504634225,0.22678943823124253,1.23397187744544
2024,Sport,Mariano Soso,14,1.7142857142857142,0.2567643052636421,4-2-3-1,0.5,4-2-3-1 50% / 4-1-4-1 36% / 4-4-2 7%,2.056995754398296,1.2141741481706179,-1.1480023733430367,-1.2972295255124924,2.32967220842107,1.1891459062641396,-0.6576869534317417,1.842012661991077,1.8012052273977848,-0.26157037208835066,0.5524700838826475,-1.047116349930039,1.1421066214371938,1.1285974429336958,-1.1635346792017027,-1.3136054112217797,-0.9740736849174312
2022,Operário-PR,Matheus Costa,16,0.8125,-0.4735710033362661,4-2-3-1,0.75,4-2-3-1 75% / 4-4-1-1 6% / 4-3-3 6%,-0.11926619815265506,-0.7244261299966065,0.8837401385529357,0.02965495209066252,-0.29912745026574966,-0.15063897536531992,-0.9678609445880835,0.061633088234856574,-0.4325312100154438,0.7692993425373187,-1.3358396231708614,0.8065474335193338,1.1697986852386286,-1.4568852130674603,-0.6814675036358792,-0.14412228056274018,-0.1494063398267891
2026,Juventude,Maurício Barbieri,27,1.8518518518518519,0.4057206478391479,5-4-1,0.33,5-4-1 33% / 3-4-2-1 33% / 3-4-3 33%,0.02726731281484794,-0.26561451495841815,0.6945598265024309,-0.5170934547184869,-0.7949868497821533,-0.21168097327296823,-0.09145717320911705,-1.0414285769789693,-0.14271146757744857,-1.382685460353212,-0.7135786000469634,-1.0290776010707727,0.5974778227819276,1.4369437313224638,-0.4470267371642064,-0.08750019616171255,-0.7053710986573019
2022,Ituano,Mazola Júnior,17,1.0588235294117647,-0.0907627879396801,4-2-3-1,0.29,4-2-3-1 29% / 4-4-2 24% / 5-3-2 24%,-2.144536553433215,-1.6982801157106162,1.5076918714078102,0.4691646733054253,0.03620502834862765,0.15465986432428283,1.1006213924585142,-0.2778129824652351,-0.5526003458959475,-1.1514406045982044,0.7115785643741108,-0.3483639176615868,-1.499915587447716,1.1776920453684563,-0.4315623854906694,0.12272355329784145,0.24731019770410662
2022,Novorizontino,Mazola Júnior,10,1.1,-0.1949418857807852,4-2-3-1,0.6,4-2-3-1 60% / 4-4-1-1 20% / 5-3-2 10%,-2.070867170647312,-1.527987897074852,0.6658739535645802,1.3291360922933162,-0.04741034294222974,-0.06166617065577863,2.781507985591648,-0.02948138337411566,0.6723251504262518,-1.1197314843564603,2.420852180808094,0.11598158398731957,-1.3337664672239544,-0.4253932609480069,-1.3566812589269133,-1.0196599061101017,-0.7136403771170599
2023,Tombense,Moacir Júnior,14,1.2142857142857142,0.0471044296680946,4-4-2,0.29,4-4-2 29% / 4-3-3 21% / 4-4-1-1 14%,-0.4661727964676262,0.03653799932714125,0.12045906166048026,1.2769624070041359,-0.6074050149064016,-0.012504834981861189,-0.6418834143582446,-1.1004747915014919,-0.4037504657910202,0.29097302295781136,-1.123434504812825,-0.601939054025188,-1.1053764701061402,1.6004092181706935,-0.9493295942182376,-0.6631525869358567,-1.808834386468776
2022,CSA,Mozart,12,1.0833333333333333,-0.2631889888312722,4-3-3,0.33,4-3-3 33% / 4-2-3-1 33% / 3-4-3 17%,1.027491060393191,1.1638020505936137,-1.6987864112246067,-1.0468706350410584,0.6139640174764285,1.678246454775254,0.4742040285579672,-0.5964158733854973,0.6723251504262518,-0.5319290861001789,-0.5299121227590763,0.4042521030199824,-0.34945880044379296,-0.34103229947572455,-0.2898552177388256,-0.3628119836275238,0.4964546828551364
2022,Guarani,Mozart,23,1.6521739130434783,0.3637079148385138,4-2-3-1,0.48,4-2-3-1 48% / 4-4-2 35% / 4-3-3 13%,0.26049689359746325,0.6378882193210198,-1.893354176823569,0.4895296306557105,-1.1135063269006655,0.9303591108399786,0.08836724644531137,-0.9551515949377302,-0.06370296294094965,-0.7650686059318205,-0.3320184732698442,-0.1880845799238453,-0.7420654501424975,1.2421840964413235,0.22531333596038047,0.25504511042966194,-0.36654964941343876
2023,Mirassol,Mozart,35,1.6285714285714286,0.2609364574008617,4-2-3-1,0.29,4-2-3-1 29% / 4-4-2 26% / 4-1-3-2 20%,1.7938611791549253,1.2839585763358599,-1.5686987323078714,-1.1202262492018222,0.6254214915055596,0.040353180715002594,-0.23734607390724544,0.4609731530456044,0.05932718954382683,-1.0639660343449433,0.9924384297451719,-1.4578183816686423,0.8431671975044387,1.252798606879044,-0.19049758032845235,-0.6341123843388259,0.7860828278667891
2024,Mirassol,Mozart,38,1.763157894736842,0.3612525670763191,4-3-3,0.34,4-3-3 34% / 4-2-3-1 24% / 4-4-2 24%,0.3639005715404405,1.3302371916745315,-1.290919649501204,1.4521463686994625,-1.0271584658711062,-0.7932863406669146,-0.104590950442384,-0.9661497959403789,-0.3380238019470452,-1.5826123786595345,-0.13821689043023858,-1.2552538075434896,0.7157421331383272,1.5269762400268037,-1.421277998438921,-1.868106123833025,0.33040631720108243
2025,Coritiba,Mozart,38,1.7894736842105263,0.3020744628088641,4-1-4-1,0.42,4-1-4-1 42% / 4-2-3-1 24% / 4-4-2 21%,0.6879682238653873,1.2588211917827594,-0.9974798588315005,-0.22542395284465966,-0.6452136585525723,-0.3789725385577483,-0.6414214047045967,-0.5538744168761057,-0.3217886064103095,-0.9869147404826373,-1.00387644043846,-1.4342406243960022,0.5103389550505861,-0.028654773170214698,-0.2635033649626282,-0.29562749733745153,-0.5111300076631858
2026,Ceará,Mozart,11,1.1818181818181819,-0.1603673970311916,4-2-3-1,0.91,4-2-3-1 91% / 4-4-2 9%,0.47109704067280517,-0.23216282807612057,-0.7515579422845794,-0.7860677486044106,1.1882422726059867,-0.4032939212701935,-0.4407287971628428,-0.33293577101079275,0.09142006216639346,-1.7131927819431902,0.1587844952871245,0.5824113432335104,1.5252648259848642,-0.8549188637656012,-1.4196772219283542,-1.532237167950248,-1.784471252940266
2026,Goiás,Mozart,13,1.3846153846153846,0.0631452353504342,4-2-3-1,0.92,4-2-3-1 92% / 4-4-2 8%,0.4087341193922277,1.5939160065052151,-0.43073430910193333,1.5900148123080495,-1.3316253181930613,-0.8635259627705931,0.5186848200003696,0.06572188314936968,-0.7215679058984606,0.0804495599073592,-0.86805258776492,-0.7408072093131856,-0.2837013560842832,1.1750342036436514,0.26919781969060697,0.7118666022405309,0.6531502469893089
2023,Sampaio Corrêa,Márcio Fernandes,22,1.0454545454545454,-0.1746446571806994,4-2-3-1,0.64,4-2-3-1 64% / 4-4-2 14% / 4-3-3 9%,0.03542040440981963,-0.17162648420432244,-0.08965443656664886,-0.746270568095803,0.26174910835249443,-1.0376299878907385,-1.5875551193086324,0.49097285582275124,-0.2995905433164532,1.8792536602850316,-1.0693278816730531,-0.30540107973041203,1.2816490990621396,0.3916910852340859,-1.0599364588034998,-1.3164549958513094,-0.5131737865624787
2024,Paysandu,Márcio Fernandes,13,1.7692307692307692,0.4212786219539568,4-2-3-1,0.85,4-2-3-1 85% / 4-1-4-1 8% / 4-4-1-1 8%,0.979087777774364,0.9749096821216113,-0.32722772823221974,-0.3878263874034956,-0.37468631229386523,1.0335807531750731,-1.6404125816692425,0.45329034626119435,0.9612324053129032,1.4137798195898086,-0.28212744110475607,0.4887734233501587,-0.20804759150921484,0.5614667263432038,-0.8393669092030387,-0.7282903229133897,-0.9253266865327057
2025,Paysandu,Márcio Fernandes,10,0.6,-0.7531292842928125,4-1-4-1,0.7,4-1-4-1 70% / 4-2-3-1 10% / 3-4-3 10%,0.004328743552776362,-0.5379840025866295,0.6358289768706653,-0.39282633095528485,-0.9613054442151253,0.2941120896233235,-0.453747988602805,-0.13597143247305857,-0.1792478012535065,0.7437401281658611,-0.3972701816744713,0.3843919507064236,0.8099843031884997,0.2573201675785623,-0.40874416025700133,-0.24031486008183,-0.7204817712314323
2026,Sport,Márcio Goiano,14,1.7142857142857142,0.2254920659091703,4-2-3-1,0.71,4-2-3-1 71% / 4-3-3 14% / 4-1-4-1 7%,0.7873621959308561,0.4108616354599609,-0.7769677132320298,-0.3095380281231447,-0.8366513271432477,-0.2977112764553956,-1.1360529517619653,-0.6837366162758864,-0.3554157814295541,-1.6358545347596707,1.7185259408442144,-0.2065604020313832,1.1479287124373159,-1.1502406376572039,-0.12779477419719926,-0.06211014261556163,1.0206532900391532
2024,Botafogo-SP,Márcio Zanardi,10,1.3,0.0499744660491023,3-4-3,0.4,3-4-3 40% / 4-4-2 30% / 4-1-4-1 10%,-1.32425594578737,-1.3384401998980986,0.03192638284749446,1.513292616000277,-1.8393477412120423,-1.6646104020697212,-2.0176524196055734,-2.1687675179790635,-1.8083446497280802,1.9557872233734628,-0.945831187166168,1.0878110311348974,1.8981929806871818,-1.2942711738383015,-0.8394816908493941,0.4857331680472186,-0.2911777097571861
2024,Goiás,Márcio Zanardi,18,1.3888888888888888,-0.1515104807417082,5-4-1,0.67,5-4-1 67% / 4-2-3-1 17% / 4-4-2 11%,0.48749287558116666,0.5390950962319634,-0.25858414549659897,0.9714188984912673,-0.4012778415044348,-0.26207531352506147,1.059441160424107,0.31316701350286447,0.21718240550314757,-0.03798268827965467,0.15062683111093517,-0.503728622016712,-0.5980921419159547,-1.093983343882453,-0.13580540075859188,0.22258998950946413,-0.30002574232206375
2025,Amazonas,Márcio Zanardi,19,0.9473684210526315,-0.43849531608121,4-2-3-1,0.26,4-2-3-1 26% / 4-4-2 21% / 5-3-2 21%,-0.9689817662686009,-1.0790931041523522,1.377835674816566,-0.11150908887251675,0.14501580560381103,-1.0133494245431036,-0.7754738447773051,-0.3236013438376914,-0.3217886064103095,0.4540020557557494,-1.4885020928205566,0.18791917943496983,-0.8424288787759221,-1.623885535790823,-1.627359465308481,-1.2175397475366232,-2.048595643970875
2026,Ponte Preta,Márcio Zanardi,12,0.16666666666666666,-0.86339276640907,3-4-2-1,0.5,3-4-2-1 50% / 3-5-1-1 25% / 3-4-3 17%,-1.9605582191237743,-2.623586319521849,3.065456960154651,0.31713095342706243,-0.9116473863932203,-1.7817340063522733,1.6126503468876907,-1.4725539865681143,-1.9334518396026132,1.9919646670219608,-1.2411878143625386,2.8386926997073463,1.5868017190544486,-1.2141375110045294,,,
2024,Ponte Preta,Nelsinho Baptista,25,1.16,-0.0400246515925231,4-2-3-1,0.4,4-2-3-1 40% / 4-4-2 36% / 4-3-3 20%,-0.856417291118193,-0.5921960359821886,1.8032936909916004,-0.12797099866934394,-0.39574680342863655,-0.8152246662034225,0.11708125154001707,-0.07847770155666953,-0.5647182214746314,0.027363382487778573,0.01101500386224843,1.3370500813567838,-0.7265068092806362,-1.4268820164465166,-0.5211619128632424,0.05519532099163196,-0.6714319644849319
2025,Athletico-PR,Odair Hellmann,30,1.8333333333333333,0.1448618469043137,4-4-2,0.2,4-4-2 20% / 3-4-3 20% / 5-4-1 13%,0.20751322345772688,0.7094745411540857,-0.9433942998882809,-0.3561636867704917,0.07742385143697604,0.3349702619410249,-0.8782473821663814,1.095563076665716,1.360751877989605,-0.5322043269476763,1.0893547220500228,-1.2268526991650253,-0.9403712093970512,-0.8219827534661056,0.6354534710366095,0.8655562684049276,0.30241888121238847
2024,Botafogo-SP,Paulo Gomes,28,1.1428571428571428,-0.1071683910937548,5-4-1,0.36,5-4-1 36% / 4-1-4-1 25% / 3-4-3 18%,-0.9497467597150054,-0.775723298886145,-0.2830835110465931,0.8111276300906128,-0.5815304216532248,-0.14504134418722275,0.9907560358698726,-1.134357057938103,-0.5820509939938432,-0.21751024046511652,-0.9181532080211765,0.04356837012620756,1.9329112318772337,-0.5121594299905281,0.34735805663977704,0.9439922183257343,-0.28909557231567173
2022,Cruzeiro,Paulo Pezzolano,38,2.0526315789473686,0.5032450477868315,3-4-3,0.55,3-4-3 55% / 3-5-2 13% / 3-4-2-1 11%,2.7912400046390626,1.7818370757140303,-0.8506899057414979,-2.2419327787498187,1.6452508245707238,2.593989941844218,-0.5533402438052106,2.08373495815327,2.249283381208333,0.2778915554603362,0.3766713836658363,-0.4115098199816051,0.28797614165869095,-0.22664537487880276,1.7126355508431286,1.7971793784263093,-0.3914913243012113
2024,Sport,Pepa,17,2.0,0.5424785909779279,4-4-2,0.65,4-4-2 65% / 4-2-3-1 12% / 4-1-3-2 12%,0.30716246755021304,0.3620873966127059,0.5431351904653341,-0.6815403533821905,1.5427193645482697,0.7132995556387626,-0.7788959967627426,0.8288414844259842,1.7119924276665477,-2.2824864260877864,1.7863652482757884,-1.687660791784703,0.26847742482481196,-0.8015862097801164,-1.2467644830246731,-1.470756883727782,0.1522197799159026
2023,Ponte Preta,Pintado,11,1.0,-0.2799862670803126,4-4-2,0.27,4-4-2 27% / 4-2-3-1 27% / 4-3-3 18%,-1.2939041831873637,-1.8524489618387399,1.799107350722975,-0.374221059454264,-1.3660088330139473,-1.4300607104886682,-0.11651024494136274,-1.5065683290945748,-1.2565598310515396,2.1737125873885392,-1.6140417505858111,0.4830090574312938,0.7256032094056347,0.1633034324686538,0.9180765072239361,1.288647122979323,-0.8846923659638681
2022,Novorizontino,Rafael Guanaes,15,1.2666666666666666,-0.0282752191141186,4-2-3-1,0.33,4-2-3-1 33% / 4-4-2 33% / 4-3-3 20%,1.1847809928296444,0.29177820913139796,-0.8282273244174049,-1.6438127904387292,2.361176880074976,1.190543673404434,-0.35405893037720015,3.139277462582356,1.0418590291728531,-0.23944496122048042,0.4423647152663059,1.512579851994878,0.7375592315656023,-0.8827926352051431,1.0987952322114534,0.6436959652441803,0.18078485084052812
2024,Operário-PR,Rafael Guanaes,37,1.4864864864864864,0.1660698411100276,4-2-3-1,0.38,4-2-3-1 38% / 4-4-2 27% / 4-3-3 16%,1.1261026435599926,0.4105888455034095,-0.6913272175609323,-0.8908698486462341,0.06773923857172127,-0.678336674737482,-0.04508989659668222,0.1685464791864112,-0.3958408027401479,1.2231029589101328,-1.0002894812676604,-0.5947722162502166,0.9888458729405751,0.8526289741607828,-0.678801084126001,-1.1285801657167156,-0.02514765736238654
2024,Amazonas,Rafael Lacerda,31,1.4193548387096775,0.1652222076310265,4-4-2,0.48,4-4-2 48% / 4-2-3-1 29% / 4-5-1 6%,0.3112486325787684,0.584846719184739,-0.4317440941865751,0.15647371951228223,-0.18940339908473455,-0.8476981949342723,-0.8172136943318978,0.3829461731627585,-0.7134445921233518,-0.09860879770675131,0.3458078396000511,-0.10022950087392334,-0.3648396936578294,-0.9429024999268257,-1.3780785550654617,-1.112583608986983,-1.8903686826654669
2025,Atlético-GO,Rafael Lacerda,21,1.4285714285714286,-0.1111413524189599,4-2-3-1,0.81,4-2-3-1 81% / 5-4-1 5% / 3-4-3 5%,0.7185864384755704,-0.06501236484003836,-0.6238890101605584,-1.3753974466179377,-0.019704082701921366,-1.071718242139819,-0.6478048542318684,0.58936844133048,-0.15648918530410041,0.267786081075432,-0.6687045039837195,0.3091853404578277,-0.30076761607631686,-1.1295313113592305,0.6943565981615593,0.9308017197007521,-0.6046425454116431
2025,Vila Nova,Rafael Lacerda,11,1.4545454545454546,0.1625273905509057,4-2-3-1,0.64,4-2-3-1 64% / 4-4-2 27% / 4-1-4-1 9%,-0.9077837629195781,-1.1057854323491285,0.5613332949363852,-0.7489276117932375,0.1667030636252561,-0.604767701366095,-0.8242201866219263,0.040803855920067376,-0.48338566894101725,0.35875624434002495,-0.8357410100201805,-1.2645595946615675,-1.612038731451413,2.5145198725465128,0.6304584026338873,0.35232033169432947,-0.7543467581541456
2022,Grêmio,Renato Gaúcho,10,1.8,0.1153294360382599,4-2-3-1,0.6,4-2-3-1 60% / 4-3-3 20% / 4-4-1-1 10%,0.44600934642117146,2.265505109343997,-1.0322256956042144,-0.5594285925428364,1.018685641016205,0.41285545446177613,1.539113547188897,0.8816633327156045,2.11051105689951,-1.6392309038375488,2.7926484830575586,-1.9414011614375761,-1.7959631107555074,0.12230971331649772,0.9423882825959216,1.1082828460252867,-1.2516548650154693
2026,São Bernardo,Ricardo Catalá,20,1.35,0.1483117424217925,4-2-3-1,0.45,4-2-3-1 45% / 4-3-3 30% / 4-4-2 20%,0.23372207242911708,1.426480701798281,-0.22316613642736755,1.1680368530604033,-1.4891170426180016,-1.013913550449106,-2.068221896521414,-0.6816046774372592,-1.064238535428601,1.271303285046417,-0.4449037539878019,-0.5467108473176298,-0.29812065173845864,-0.354560460990598,-0.2692088390442193,-0.5414965369360121,-0.15795923602264192
2022,CSA,Roberto Fernandes,11,1.1818181818181819,-0.1647041403464235,4-2-3-1,0.64,4-2-3-1 64% / 4-1-4-1 18% / 5-3-2 9%,-1.3620256830385462,-1.0211333606217416,1.561667830309732,1.50871552044798,-1.1135063269006655,0.11448200836513164,-0.17119567970320215,-1.1256160872759913,0.1411769463310143,-0.5703189157399537,-0.6191056801169026,-0.026538211848255472,-2.524272973290077,1.4505311970316408,-1.1515805761371911,-1.0097065449074567,0.658737747996868
2022,Náutico,Roberto Fernandes,16,1.125,-0.224846561735168,4-2-3-1,0.5,4-2-3-1 50% / 3-5-2 38% / 4-1-4-1 6%,-0.40987835617582274,-1.2686522973346404,-0.2849769449874873,-0.1241344174995842,0.2191136530473787,-0.5707883309381545,-1.078789019445472,0.2894192672572866,-0.09545638818577394,1.439929730615397,0.841271164554793,1.5296918006132572,0.46366492428764366,-0.27188020415122155,-0.0036026943078835837,-0.26615929534000593,1.7846955825887645
2023,Londrina,Roberto Fonseca,11,1.0,-0.1941176868641951,4-2-3-1,0.64,4-2-3-1 64% / 4-4-2 27% / 4-4-1-1 9%,-0.8582715142780211,-0.8240005052039816,1.7728335884583366,1.1010641939009118,-1.5794852843406937,-0.49570184716026444,0.25125097365045485,-0.4821882342651766,-0.8312401476137232,0.1681391391224784,0.3818239097273434,1.953184482283559,-0.6089069257699763,-1.900942637695008,1.4511931620386398,1.8246638677965428,0.03757156021795663
2026,Ponte Preta,Rodrigo Santana,10,0.7,-0.3300594330757367,4-4-2,0.3,4-4-2 30% / 4-3-3 20% / 3-4-2-1 20%,-0.7149400347002629,-0.7943861912599713,0.7486699824127453,-0.6670071219333402,-0.6386617307233232,1.5218296358529495,-0.8970352736185169,0.7659817939909112,1.0001430619846805,-0.376595617342096,-0.046031187965226504,1.5088632105601678,0.3267154932757642,-1.620765267435391,,,
2022,Grêmio,Roger Machado,27,1.6296296296296295,-0.0550409343321105,4-2-3-1,0.41,4-2-3-1 41% / 3-4-3 19% / 4-1-4-1 15%,-0.0029806352713791957,0.6699964074007999,-1.9416775536353417,-0.3834280942217735,0.7071925757443992,-0.3355413061402932,0.9343501168552822,0.7927986011463607,0.5114170050260799,0.5664609091413987,0.4856425917186219,-1.0612327273743762,0.10227660218478334,0.35237763680881007,1.7992659756373839,1.7725587572259032,0.12661287808899002
2025,Athletic,Roger Silva,10,0.6,-0.813046907229842,4-4-2,0.4,4-4-2 40% / 4-2-3-1 30% / 4-3-3 20%,-0.4618712192330936,-0.5333350887590238,-0.32722631172939964,0.40217416399919764,1.3616709806068459,0.21239574498792207,0.31035091981163276,0.09089018763145229,-0.7846269855076949,-0.7283141177979243,-0.5413391681309202,-0.6637147175762915,1.3074537646601843,-0.5866520755640862,0.8005182225242741,0.43330600317666573,0.8808963943218022
2026,Atlético-GO,Roger Silva,10,1.9,0.6231097506725871,4-2-3-1,0.8,4-2-3-1 80% / 4-4-2 10% / 4-1-4-1 10%,0.3551023753396519,-0.0940394811389306,-0.9128661778509732,0.7694191289215512,0.8102621339861297,0.8249841800752851,1.1107132227864496,0.9152175126948462,0.7466225149339256,-0.8839519964359858,0.9314257595406424,-0.9085298013945051,0.13926464977149913,1.3286623662507449,,,
2025,Volta Redonda,Rogério Corrêa,38,0.9473684210526315,-0.1473288762947614,5-4-1,0.26,5-4-1 26% / 4-2-3-1 24% / 4-1-4-1 21%,0.9789865604881449,1.1328111590871484,-1.1872349417442827,0.21770994593553716,0.3090256943909855,0.8467726309732782,-1.1106049449590758,0.0004866848830387542,0.17291183501624305,1.0469523813170567,-0.48793144317452564,0.5531570234652363,1.7467396633866408,-0.7863073425560816,-0.5694325613152039,-1.1893616577030388,1.0355003548549375
2026,Londrina,Rogério Micale,18,0.9444444444444444,-0.1884474460905949,4-1-4-1,0.61,4-1-4-1 61% / 4-3-3 11% / 4-2-3-1 11%,-1.0171474410790984,-0.8184291015742047,-0.3804876665520037,0.685871826643765,-1.4016216401597013,-0.3407264280466093,1.8915043047217135,-0.8590293652297143,-1.1889867411202406,1.7512208502400137,-0.023628089018904803,0.1799114966533503,0.5627647036144721,1.5846795841006265,0.9084498824583677,1.2160439561376057,0.8786669803154536
2025,Athletic,Rui Duarte,28,1.3571428571428572,-0.0559040500869847,4-2-3-1,0.71,4-2-3-1 71% / 4-3-3 11% / 3-4-3 7%,0.6730176436634596,0.3439813635647482,-0.3920439832110485,-0.1959598769053592,-0.6739686390542189,0.6647540813624675,-0.5265193132137038,0.28071317588216554,0.4238555214057416,-2.5559565589465376,0.09936514430892993,-0.44629924431216594,-0.2678661966668136,1.3783159840610621,0.6878880611197158,0.847361686587552,0.32049389283355695
2023,Juventude,Thiago Carpini,32,1.9375,0.5379276657764809,4-4-2,0.47,4-4-2 47% / 4-2-3-1 25% / 4-4-1-1 12%,0.63215251146626,0.07616600108294408,-0.19986013453510082,-0.6108881275868697,-0.565472140538648,-0.33919673755275676,-0.14524159014384838,-0.21889053801605815,-0.6812390092584218,0.11236634996814962,0.11225969774341711,-1.1637968993575607,0.030545847335004324,-0.27092209522974314,1.1508230921810454,1.0287866829218035,0.6312225548978115
2026,Fortaleza,Thiago Carpini,19,1.631578947368421,0.0722233335345972,3-4-2-1,0.42,3-4-2-1 42% / 4-2-3-1 16% / 4-4-2 11%,-0.3370383495341257,1.0537747720459838,-0.49621510791792633,-0.15207739609967344,-0.5358776579407301,-0.07357969711170226,-0.4567395507226911,-0.011614845571697539,0.4206675258686714,-0.29903660085349487,-0.1323113150285247,-0.13848992211345013,-1.3866509885790244,0.42219295726371997,-0.8241853177161358,-0.6043881680010345,-0.8321737118189292
2023,Guarani,Umberto Louzer,26,1.5769230769230769,0.2219361957235419,4-2-3-1,0.69,4-2-3-1 69% / 4-4-2 23% / 4-3-3 4%,-0.5774262270538251,0.6699233518053239,-0.10992689206597515,2.1591879786146255,-1.2654285819080762,0.15691188199526704,-0.5974287615614317,-0.5432570476107753,-0.16872294841250912,0.819708529362368,-0.3705948569168732,-1.1585598754996023,-0.5811046312871503,-0.2585104550038018,-0.5593941653505304,-0.45023226755743506,0.3613679720290896
2024,Chapecoense,Umberto Louzer,18,1.0555555555555556,-0.2390100122466607,4-2-3-1,0.5,4-2-3-1 50% / 4-4-2 17% / 4-3-3 17%,-0.9536842877881553,-0.9172633631986525,0.7137154126058749,0.6853646139392339,-1.4383474807166514,0.1966978462792663,1.540237032303744,-1.4894612777110736,-0.6590855385236732,-0.3371020262996109,-0.26843827535099496,1.239412297958486,0.36201752062371406,-0.08255135578610029,0.10312039857794486,-0.17103593110419432,0.12645292383273055
2025,Novorizontino,Umberto Louzer,22,1.5909090909090908,0.2516549424616512,3-4-3,0.36,3-4-3 36% / 4-1-4-1 18% / 4-2-3-1 14%,0.5759904315354493,0.5889549720778368,-0.2869508684763384,-0.2893289143570628,-0.06507950647893225,0.5095460891166553,0.912368241592705,0.4680108028701202,-0.13579953444100482,0.738816869818156,0.7530039394402428,-0.1616329013877259,-1.1597937664771547,0.36088760810979914,0.8210042148798049,0.14574275927871785,0.8350259513995967
2026,América-MG,Umberto Louzer,12,0.6666666666666666,-0.4563466507749577,4-1-4-1,0.42,4-1-4-1 42% / 4-3-3 25% / 4-4-2 8%,0.6375331886195389,1.2523634964581107,-0.04826221307242344,0.39983918667192897,-0.4916694545933782,-0.32997264014880623,-0.6181813157844936,-1.4228087470001356,-0.6960301218548862,-0.10744103957344961,-0.7663395214785209,1.3455970158529897,-0.9125428610024429,-0.15462031403334844,1.1498395148964289,0.844442203722957,0.6129566598163195
2023,Ceará,Vagner Mancini,13,1.1538461538461537,-0.4418015392210219,4-3-3,0.38,4-3-3 38% / 4-2-3-1 23% / 4-1-4-1 23%,1.0674377600523093,-0.9360047327266119,-0.5581894482545136,-1.7225720180206714,0.3828559413167067,0.726152051038417,1.2696666559047187,1.1686396877868148,0.9494939116149366,0.2493260481382746,0.9059145973050635,-0.559122067757926,0.5716212707315249,-0.011463239999092451,1.0277234853602826,1.374156815950054,-1.1453527675449708
2024,Ceará,Vagner Mancini,12,1.3333333333333333,-0.1674224104158141,4-1-4-1,0.33,4-1-4-1 33% / 5-4-1 33% / 4-3-3 8%,0.16421763191592004,-1.2566151819248632,1.2288572775371893,-1.484483867298814,1.70743042489374,2.3267160882279323,1.059441160424107,1.2239686764320123,1.1945581892253705,-1.430527626082853,2.477012233764313,0.014835278038704179,0.5120346553955357,0.4165027460506695,0.07352281072048458,0.7930708766706543,-1.4966822309185865
2024,Goiás,Vagner Mancini,20,1.9,0.3596006303694028,4-3-3,0.3,4-3-3 30% / 4-2-3-1 25% / 4-1-4-1 20%,-0.3946746839009871,-1.3133218222877097,0.772256494490279,-0.4593956653155154,1.0540765521900428,0.2818985759572137,-0.5752648039666609,0.29039697192963587,0.011596464789162911,-0.4811786567075836,1.536699022278506,0.8070476741655801,1.1421066214371938,0.027428647103960452,0.27332893936689034,0.6987417276336818,-0.7602826065259052
2025,Goiás,Vagner Mancini,32,1.625,0.2040582618800392,4-3-3,0.41,4-3-3 41% / 4-1-4-1 25% / 4-2-3-1 22%,0.10427713673724588,-1.4992922150011039,0.6892599075793993,-1.2454740098582264,0.7880091195989813,1.0934000855883468,-0.3900730795682685,2.0516227613918696,0.8960968023559079,0.25059375033741244,0.4914162293476319,-0.4665964828735781,1.4767315675220756,0.026565363969076976,0.8503217924511595,0.745140130722918,-0.19957524310604638
2025,Avaí,Vinícius,11,1.7272727272727273,0.3914804201697845,4-1-4-1,0.36,4-1-4-1 36% / 4-2-3-1 27% / 4-4-2 9%,0.06168656138436822,1.0453937842427072,-0.8380300368492418,1.7607385579218522,-1.12097788139801,-1.4590749407362043,0.10196030842587711,-0.9609227783076447,-1.2075234491493774,1.191234474042861,0.09814491009275521,1.2719542600865539,1.000932177288743,-0.7936406749308996,0.06826866970320392,0.03808589484327604,1.3382222495634295
2025,Ferroviária,Vinícius,25,1.24,0.0844168704169401,4-2-3-1,0.44,4-2-3-1 44% / 4-1-4-1 28% / 4-4-2 24%,-0.5332467949309307,0.3002151605305793,-0.6407081410770101,1.6479322211414624,-1.3579111752822908,-1.3565580720117907,2.093248372778654,-1.782338618374367,-1.5875509562027252,0.8134862880916791,-0.5651418702411145,0.9682687248182561,1.8491427338182376,-0.4302476865584343,1.1285569375999718,1.5570998189125795,-0.003357185685573525
2025,América-MG,William Batista,10,1.3,-0.1834550057470412,4-2-3-1,0.4,4-2-3-1 40% / 4-1-4-1 30% / 4-4-2 20%,2.1016262505558734,1.6051652719393406,-1.1906762627394811,-1.3557031440190883,1.4749869037688939,1.2338500529304435,1.838548736640508,1.8085567398513223,1.764338000825732,0.03725255527019925,0.23538058493862066,-0.922151978248742,0.31251484171681726,1.4625350581673944,0.5924716256198628,0.8118021298988525,0.5322756815673053
2022,Vasco,Zé Ricardo,10,1.8,0.2387373727106896,4-2-3-1,0.8,4-2-3-1 80% / 4-4-2 20%,0.5410485805217464,-1.005530776430338,1.2527371923173138,-1.2657667732801692,0.24872743037955788,0.05696423562361023,-0.5907054900729627,0.15274755984382882,-0.1366544219649556,-1.4113653646870856,-0.3941769647949866,-1.163465651171348,1.2339926635069,2.045151497462549,0.9399304910103518,1.1478219891663977,-0.1190908088725194
