ano,clube,distance_p90,hsr_distance_p90,sprint_distance_p90,sprint_count_p90,hi_count_p90,high_accel_p90,high_decel_p90,expl_accel_sprint_p90,cod_count_p90,psv99,psv99_top5,sprint_distance_p30tip,sprint_distance_p30otip,hsr_distance_p30tip,hsr_distance_p30otip,runs_p30tip,runs_penalty_area_p30tip,runs_dangerous_p30tip,distance_p90_pct,hsr_distance_p90_pct,sprint_distance_p90_pct,sprint_count_p90_pct,hi_count_p90_pct,high_accel_p90_pct,high_decel_p90_pct,expl_accel_sprint_p90_pct,cod_count_p90_pct,psv99_pct,psv99_top5_pct,sprint_distance_p30tip_pct,sprint_distance_p30otip_pct,hsr_distance_p30tip_pct,hsr_distance_p30otip_pct,runs_p30tip_pct,runs_penalty_area_p30tip_pct,runs_dangerous_p30tip_pct,pos,pontos,faixa,posto_valor,rendimento
2022,Cruzeiro,9723.262696110758,536.6441744468138,197.0692123976281,10.335457928239647,61.99089616804932,7.047301999225994,16.440192455644397,1.6284363060359128,32.78334341134325,28.835659160504466,31.03499466357892,101.0319663807211,146.804461390784,255.1486161665491,424.6099305598013,23.848567306083282,4.662577248309459,9.880950726930601,70.0,90.0,100.0,95.0,95.0,90.0,90.0,95.0,70.0,65.0,80.0,55.0,100.0,55.0,100.0,55.0,100.0,95.0,1,78,Sobe,3.0,0.5032450477868315
2022,Grêmio,9983.433933324992,538.8786778451117,190.6856733685298,10.590485890238458,64.52966838023234,6.916751118319458,16.01484115960776,1.694786778988026,38.06873901969506,28.890682836713175,30.856816501443255,122.46585810652026,101.91366230159666,297.70304644634405,332.81434195815666,31.000851298101367,4.563582281507987,11.33111935197564,95.0,95.0,95.0,100.0,100.0,80.0,65.0,100.0,100.0,80.0,65.0,95.0,75.0,100.0,70.0,100.0,95.0,100.0,2,65,Sobe,1.0,0.025855751827733586
2022,Bahia,9563.164379393302,489.24669733382893,173.4629427814061,9.468412519962587,58.247564761830866,6.613475236181397,16.321566612071628,1.5100251634107063,31.362349462014244,28.903832520534408,31.046036253963592,107.82825604936154,103.1553914368842,259.5492977866546,334.20084521217865,23.843725845780597,3.3689205431185067,7.756642197606803,30.0,50.0,65.0,80.0,75.0,45.0,80.0,90.0,45.0,90.0,85.0,80.0,80.0,60.0,75.0,50.0,80.0,60.0,3,62,Sobe,4.0,0.16512566879886736
2022,Vasco,9865.902923233381,547.0510687768143,174.60960203603116,8.979026384500905,56.247832925780166,6.510459816497864,14.938277804637877,1.3430885126407381,31.713094885413646,28.919171728495453,31.1729363685021,103.74279715597565,121.56201160705227,285.6873717254137,402.5251546633027,22.177067617250454,2.5264277432017224,7.284658110742794,85.0,100.0,70.0,70.0,65.0,35.0,35.0,55.0,50.0,95.0,100.0,70.0,90.0,90.0,90.0,30.0,20.0,35.0,4,62,Sobe,2.0,0.0703163200791106
2022,Sampaio Corrêa,9216.726943411435,432.15475524992746,164.79521760011988,8.07502533155822,48.96057594332036,6.32369337865431,14.408632509274456,1.197933367311147,25.241675283853628,28.873389057593688,31.16962535261671,103.60569258863784,77.22942846539786,242.71372662975617,244.5851614656711,19.82156182960837,3.1768133720137794,7.2562322803440935,5.0,5.0,60.0,15.0,5.0,15.0,5.0,30.0,5.0,75.0,95.0,65.0,10.0,25.0,5.0,5.0,55.0,30.0,5,58,Meio,18.0,0.4733855144264345
2022,Ituano,9670.28919716627,503.93530929612444,182.00536271283272,9.577544426919767,59.23864532786588,7.1548824922262,16.792555789045828,1.4593648548296705,33.656594224787,28.782005192964064,30.90029127937075,134.85679818824093,89.89627417672958,293.9590622888275,294.8612810489406,24.81332142440011,2.913383961789797,8.20481743301767,60.0,60.0,85.0,85.0,85.0,95.0,100.0,80.0,95.0,60.0,75.0,100.0,20.0,95.0,25.0,75.0,40.0,75.0,6,57,Meio,17.0,0.3504136826485551
2022,Sport,9468.133871035709,451.46828866789923,157.84060530646204,8.577424413360985,54.302434211069915,6.566956548130172,14.773670962870401,1.4473680233034834,30.22716595787144,28.69302812129964,30.634552702648588,87.37431003535819,96.97932397079562,228.18384920299462,301.518410985129,23.203479740702345,3.0238240810715133,7.502968496059624,20.0,15.0,40.0,60.0,35.0,40.0,20.0,75.0,20.0,55.0,45.0,25.0,60.0,10.0,30.0,45.0,45.0,45.0,7,57,Meio,6.0,0.10876017669562454
2022,Criciúma,9780.236624810459,507.33937312819245,149.42722218511278,8.208629448815289,55.91309645901844,6.871751058344732,16.370534075650955,1.2352321678714324,33.5689393415755,28.193795055281754,30.319125966498902,83.48002247863224,90.23605152789193,255.13368745730398,342.75857682442046,24.72378222510062,3.2863940285445716,9.042523144181741,75.0,70.0,15.0,25.0,60.0,70.0,85.0,40.0,90.0,5.0,15.0,10.0,30.0,50.0,80.0,70.0,75.0,90.0,8,56,Meio,16.0,0.3122380378239036
2022,Londrina,9513.46235264401,464.2437617901292,157.64842575531165,8.519266795695705,54.842126763679175,6.700057876811142,15.633080649467225,1.4204223059687422,31.06722286722219,28.686943897202003,30.792512181023188,92.74520365206861,93.4732785488187,255.0741462108367,288.19976022230554,22.47299617664909,2.821331533621282,7.740934685322793,25.0,25.0,30.0,55.0,40.0,55.0,55.0,70.0,40.0,50.0,60.0,50.0,45.0,45.0,15.0,35.0,35.0,55.0,9,52,Meio,15.0,0.22893520831096859
2022,Guarani,9629.286814600797,511.3569128042502,186.56501298159898,9.254851810004888,58.12818844066008,6.4371550096703585,15.107948069107582,1.2479882921521381,30.42831135475608,28.8636323811567,30.78370129090151,113.87223936758224,111.94658348851087,281.2893092453266,330.96148438257757,24.99863392276173,3.0369048810426897,6.739917655809698,45.0,75.0,90.0,75.0,70.0,25.0,45.0,45.0,35.0,70.0,55.0,90.0,85.0,85.0,65.0,80.0,50.0,25.0,10,51,Meio,12.0,0.053639264952930255
2022,CRB,9662.081180231018,477.86250615068286,156.8321797323263,7.96022283803705,51.60188051798787,6.418610435075168,15.067845852523632,1.0764670477684513,29.319034623989637,28.503636054763724,30.694811103114816,87.7350452620581,93.97637396218114,240.97182409926302,302.18733644160557,20.895990149617127,2.6631878338083004,6.614215315540401,55.0,35.0,25.0,10.0,15.0,20.0,40.0,15.0,15.0,35.0,50.0,35.0,50.0,20.0,35.0,10.0,25.0,20.0,11,50,Meio,7.0,-0.06933256682494893
2022,Ponte Preta,9427.894801181385,507.2698675137785,176.58341425299014,9.745674854759782,59.87326885057482,7.302255378746553,16.028180578508586,1.465003138277974,33.40225450675466,28.93751262379384,30.885965966126843,87.90977946640648,140.83830063661367,250.29676890994767,407.63219389587834,21.656381492582263,3.2469691972585535,7.540956473914796,15.0,65.0,75.0,90.0,90.0,100.0,70.0,85.0,85.0,100.0,70.0,40.0,95.0,35.0,95.0,25.0,65.0,50.0,12,49,Meio,5.0,-0.16202681237652006
2022,Vila Nova,9660.93223305415,471.95961397583335,157.8473226110437,8.28596484754902,53.39231927913653,6.840989574919903,14.806378792101372,1.1167103583815658,32.02870190587506,28.512619126626667,30.491390261289766,107.37327366899595,77.08732423246116,269.0537501755026,279.2685823346419,24.320293847943653,2.6987401707228775,7.358233545707818,50.0,30.0,45.0,35.0,20.0,60.0,25.0,20.0,55.0,40.0,35.0,75.0,5.0,65.0,10.0,60.0,30.0,40.0,13,47,Meio,14.0,0.0046557676533542924
2022,Chapecoense,9862.828566697342,501.2867584508849,163.26493214851467,8.478138418599038,55.87344759289712,6.641607733506329,15.767719451443055,1.362949416894226,32.56295388862907,28.351671740788486,30.182702971160662,101.14756880750564,93.36738478946337,278.14862702594354,320.3752733823152,26.206281007196417,3.703274088378619,8.261277528174645,80.0,55.0,55.0,40.0,55.0,50.0,60.0,65.0,65.0,20.0,10.0,60.0,40.0,75.0,50.0,95.0,85.0,80.0,14,45,Meio,9.0,-0.16469053487358654
2022,Novorizontino,9573.149076265348,463.25913621489633,144.13458428310435,7.475761682605935,51.060272943091405,6.210996364698572,14.535713408909778,1.0143802807269926,30.38879776293039,28.204478381522602,30.327507387108103,86.91057443418973,82.81905039358512,238.37061118821842,302.7847519113614,21.267682309606787,2.017675061798436,5.527320501715497,35.0,20.0,5.0,5.0,10.0,10.0,10.0,10.0,30.0,10.0,20.0,20.0,15.0,15.0,40.0,15.0,5.0,5.0,15,44,Meio,11.0,-0.13704714893867997
2022,Tombense,9366.385256093472,439.45857319764167,159.72484948135178,8.497033473184272,53.52070201945002,6.175097346059675,14.838859296799136,1.3520818181292245,28.846726878997725,28.89928939096787,31.13897286745583,91.11754470099514,96.9910123405591,218.65920317848028,290.4185889213573,21.34513610118229,2.356101772998141,6.341716747188287,10.0,10.0,50.0,50.0,25.0,5.0,30.0,60.0,10.0,85.0,90.0,45.0,65.0,5.0,20.0,20.0,15.0,15.0,16,44,Meio,20.0,0.17052437043767044
2022,CSA,9986.98125781236,528.3770274784666,177.4131999487398,8.968099224943925,58.62884884385983,6.956180559777689,16.143721758182068,1.139865143373906,32.95201083891656,28.41090139724163,30.388095635271842,109.88416853657087,89.94511551572047,280.0917525401734,322.31709747707225,25.230071426125612,3.7460684485799653,8.57319939356276,100.0,85.0,80.0,65.0,80.0,85.0,75.0,25.0,75.0,25.0,25.0,85.0,25.0,80.0,55.0,85.0,90.0,85.0,17,42,Cai,10.0,-0.2412591642698685
2022,Brusque,9674.729688857811,486.8182999343029,155.2699542462839,8.48615449469005,55.844218098245044,6.861985654659503,16.67614744664588,1.224106618100458,33.2991562326219,28.512666874485262,30.606123604993243,85.3436361788479,91.15095424328183,253.8659884313528,311.22918103985586,24.439380531988643,3.2570015257267686,7.919133046324081,65.0,45.0,20.0,45.0,50.0,65.0,95.0,35.0,80.0,45.0,40.0,15.0,35.0,40.0,45.0,65.0,70.0,65.0,18,34,Cai,19.0,-0.15078874981208978
2022,Operário-PR,9611.256465618439,484.70387058696286,157.75694495688467,8.240942347473935,53.63106249366961,6.88249290738137,14.73344682553171,1.2740587014404976,30.338541693061195,28.448441299417855,30.408202579539818,87.67461346701064,97.92307896385793,248.50867381889216,327.10444199640517,23.07315047544493,2.1536445810951625,6.109591290748437,40.0,40.0,35.0,30.0,30.0,75.0,15.0,50.0,25.0,30.0,30.0,30.0,70.0,30.0,60.0,40.0,10.0,10.0,19,34,Cai,13.0,-0.39133416123100295
2022,Náutico,9870.601475962805,526.6223292434502,148.6885729267286,8.147444800185983,55.23391217025961,6.445628383662342,15.479711363808587,0.8976060867115091,32.393296179105405,28.210985298196345,29.86034960924425,81.1411801463854,94.3874122831863,272.23586941040503,354.2014652917813,26.118896799999405,3.1799555345755404,8.00718048021313,90.0,80.0,10.0,20.0,45.0,30.0,50.0,5.0,60.0,15.0,5.0,5.0,55.0,70.0,85.0,90.0,60.0,70.0,20,30,Cai,8.0,-0.5603728775246417
2023,Vitória,9170.950870837452,444.4450386454132,149.23286516730872,7.690317077416483,50.99272092645237,6.363505336980855,14.582611212559282,1.2832265476034022,31.274242902662785,28.57030471053839,30.82275784551749,88.33977245059587,83.82624803292316,225.10549880510192,292.59804410347004,22.14711383407229,2.7278631152889306,6.929640516094521,5.0,20.0,25.0,20.0,20.0,60.0,35.0,50.0,50.0,45.0,65.0,30.0,20.0,15.0,15.0,20.0,30.0,25.0,1,72,Sobe,9.0,0.5430094217663612
2023,Juventude,9676.376514226711,522.6666919212171,182.79287504681395,9.546118319175072,58.6276089829839,6.739477263479243,14.872099054648709,1.5242906760135235,31.443708638687124,29.127969680498754,31.15959803331506,112.13310572106157,119.97265444144458,283.9004549815296,367.53416373092307,25.17446866323724,2.931581674299627,7.530208700926334,65.0,70.0,90.0,95.0,85.0,85.0,55.0,85.0,55.0,90.0,85.0,90.0,95.0,85.0,85.0,75.0,50.0,55.0,2,65,Sobe,5.0,0.31095398156595455
2023,Criciúma,9780.046049345383,524.5984671795851,163.24339653004063,8.706498461099033,56.21714963407383,6.254410095248644,14.411473045916376,1.3052597004680828,32.66854820869596,28.40238718369464,30.376762107186785,91.37593500256484,100.7724844106126,270.2787811423425,350.00751366576117,26.523330154006683,3.235790530221333,8.72579289832178,80.0,75.0,45.0,50.0,50.0,45.0,30.0,55.0,75.0,30.0,35.0,35.0,50.0,80.0,65.0,90.0,70.0,90.0,3,64,Sobe,12.0,0.39874169705344986
2023,Atlético-GO,9765.073660109598,527.6430390644275,156.5103889485407,9.344818653767971,57.853383242813116,6.362794527783281,14.603789378033992,1.309489792585334,32.977444334407075,29.131031207758678,31.290349230838725,83.43463320680699,108.58730332056949,264.32110859881044,384.0748253109233,23.25159461192625,3.092890534276653,6.87499865820932,75.0,85.0,35.0,75.0,70.0,55.0,40.0,60.0,85.0,95.0,95.0,15.0,80.0,60.0,90.0,40.0,60.0,20.0,4,64,Sobe,2.0,0.18558960744544706
2023,Sport,9560.359928374135,433.77250785457613,135.86971791879017,7.486344132792997,49.631523237152095,5.5307156406955595,13.149182164372863,1.149685392335259,28.82629129024942,28.10086573809886,30.13415646115485,79.52526283011916,80.72986056293344,212.38150200623534,297.97483145241216,22.15548466368308,4.18867981089666,8.5773222993109,45.0,5.0,5.0,10.0,5.0,5.0,5.0,10.0,10.0,5.0,15.0,10.0,15.0,10.0,30.0,25.0,100.0,85.0,5,63,Meio,4.0,0.24204290072135137
2023,Novorizontino,9852.177324048822,546.185034350922,165.98159428800483,9.430695818490706,58.057788317275886,6.704537083968882,15.357926896105049,1.4279092250925,29.865622417771373,28.93410290654895,31.036346986692205,102.00182847872944,100.428455800688,295.1508433290662,360.56133713137984,22.747272401220663,2.724808632907824,7.103111025824342,95.0,95.0,50.0,85.0,80.0,75.0,85.0,80.0,20.0,75.0,80.0,70.0,45.0,95.0,80.0,35.0,25.0,45.0,6,63,Meio,10.5,0.30852050024446687
2023,Mirassol,9848.364303602271,535.9780502420392,172.8879990793796,9.006909438376736,58.80085422934402,6.113925782751534,15.049114785406404,1.155414183063148,34.4601988431063,28.541963698600295,30.685821242049478,94.38778512643952,117.8866728222876,266.6631792634268,392.15159105556774,27.616295177787038,3.2773306710699286,8.403267882907434,90.0,90.0,70.0,60.0,95.0,30.0,60.0,20.0,100.0,35.0,45.0,45.0,90.0,70.0,100.0,100.0,75.0,80.0,7,63,Meio,7.0,0.29025976567153844
2023,Vila Nova,9382.559772263769,456.455442119443,156.2233519619755,8.224359676063,53.28892410118472,6.724380811921177,15.362766117884984,1.114028017124132,31.218951362084134,28.678232491192045,30.838451758466057,99.70151938373913,89.51405512916044,257.14734448742234,295.4863967164583,21.99499263668816,3.132902979942182,7.85368393217363,25.0,25.0,30.0,35.0,35.0,80.0,90.0,5.0,45.0,55.0,70.0,65.0,30.0,45.0,25.0,15.0,65.0,65.0,8,61,Meio,14.0,0.3302481759862095
2023,Guarani,9656.509242215565,460.3565697768548,158.7212036128515,8.163056716411422,52.819533479916295,6.330315981888476,15.143909787916524,1.1537438471016996,28.1403699807019,28.80275743563498,31.258731285953026,97.27462467048717,80.29853054934381,245.3394097781371,264.3929108886469,24.246334055731683,2.709107915639775,6.9436305541010475,60.0,35.0,40.0,30.0,30.0,50.0,70.0,15.0,5.0,65.0,90.0,50.0,10.0,35.0,5.0,45.0,20.0,30.0,9,57,Meio,8.0,0.14501311880046508
2023,CRB,9451.013461081477,467.24195017844954,169.2559993781538,8.603368717866463,53.90835751138618,6.151600253248695,14.692531001400704,1.157149627301021,30.479828039512885,28.62980018892172,30.87776943826091,97.72341252616984,102.35645564300052,241.6552056757701,308.87923527576174,20.5351743664061,2.746953136870151,6.705872277414438,35.0,40.0,60.0,40.0,40.0,40.0,50.0,25.0,40.0,50.0,75.0,55.0,60.0,25.0,40.0,10.0,35.0,15.0,10,57,Meio,10.5,0.15062576340236156
2023,Ceará,9379.964202901057,499.77074151765925,182.5880015534189,9.497059170656328,57.47237551749765,6.085156613476298,14.234146157528103,1.3541651766802338,31.489867659575523,28.980483968992296,30.79152015299977,104.4174897470474,122.30497951878584,263.5566114869047,355.9695939100618,26.112330371702377,3.673738310999116,9.04770103176784,20.0,55.0,85.0,90.0,65.0,25.0,20.0,75.0,60.0,85.0,60.0,75.0,100.0,55.0,75.0,85.0,90.0,95.0,11,50,Meio,1.0,-0.27985821938296507
2023,Botafogo-SP,9631.706290330605,502.275000339704,192.2998165598708,9.405267690971183,57.931031892656975,6.744195917924117,15.747795318566968,1.557210709401328,31.96312461392435,29.187453229589554,31.40414963006383,122.88217998111874,107.2874949833261,288.2167969954821,314.51772827323225,24.599064429756478,2.984661079223792,7.956831784577101,50.0,60.0,95.0,80.0,75.0,90.0,95.0,95.0,70.0,100.0,100.0,95.0,75.0,90.0,45.0,60.0,55.0,70.0,12,47,Meio,16.0,0.013668611812490905
2023,Avaí,9783.63909235363,550.8804203013057,179.61256716751234,9.234689394983002,58.715715787708575,6.6275826180451025,14.677061386561087,1.342636079996654,32.8697263952965,28.55547011790601,30.1426080376538,93.96064539981636,114.30490419058049,268.5164953057472,387.9975238204508,24.427508391022613,2.577566467221195,7.0752430931149295,85.0,100.0,80.0,70.0,90.0,70.0,45.0,70.0,80.0,40.0,20.0,40.0,85.0,75.0,95.0,50.0,15.0,40.0,13,44,Meio,3.0,-0.2910287894146686
2023,Ituano,9902.99592716932,521.0476682781867,167.78825365826566,8.647631722626175,57.21805257389351,6.116861437727859,15.201461521318263,1.1950281152328273,33.45552150522339,28.30824244739698,30.178466397199387,99.04334124529382,101.95457102000616,264.621477589101,354.6917097150475,24.496918393004965,2.8595535398571785,7.037283284764194,100.0,65.0,55.0,45.0,60.0,35.0,75.0,30.0,90.0,15.0,25.0,60.0,55.0,65.0,70.0,55.0,45.0,35.0,14,42,Meio,20.0,-0.03296053550170286
2023,Ponte Preta,9447.636690439595,485.5687775209089,178.92294738269626,9.11984100586773,56.62207663641968,7.086444330406258,15.329273040524019,1.5333201963041438,31.70372774769773,28.769264610753424,30.69108186618821,109.23718842319997,105.09227077263559,262.60715432528724,328.1725086876298,22.312495132507845,2.479825069526507,6.583791983313638,30.0,50.0,75.0,65.0,55.0,95.0,80.0,90.0,65.0,60.0,50.0,85.0,70.0,50.0,55.0,30.0,10.0,10.0,15,42,Meio,13.0,-0.17472310918557565
2023,Chapecoense,9644.93506696037,473.0160005757169,148.7929180388243,7.706265652303049,52.41854926830432,6.062467495983708,13.938948836904896,1.201339723162261,29.941761427467295,28.38356003803725,30.299692779051444,86.5380963682414,90.48626777102996,243.90012908981547,318.4657707021666,24.77526287882296,3.2928110209296393,7.827919903803144,55.0,45.0,20.0,25.0,25.0,20.0,15.0,35.0,25.0,25.0,30.0,20.0,35.0,30.0,50.0,70.0,80.0,60.0,16,40,Meio,6.0,-0.3390110779505011
2023,Sampaio Corrêa,9261.495298654569,434.06598897910123,142.00718132681945,7.652945064557403,50.6958825140553,6.038482407041215,14.29524171997984,1.2280675150246212,29.176276211081387,28.380559029118686,30.09425543484161,72.3829429397852,89.04732289013293,202.66558948470396,308.37283977456195,19.222198425807456,2.387762161994494,5.8401896072273285,15.0,10.0,15.0,15.0,15.0,15.0,25.0,45.0,15.0,20.0,10.0,5.0,25.0,5.0,35.0,5.0,5.0,5.0,17,39,Cai,17.0,-0.19378341316156056
2023,Tombense,9222.65997394378,456.5918656576067,172.1278718442294,8.897065063405815,54.97440004326826,6.376193791989104,15.130063433471069,1.3211698315795553,30.417679023932134,28.854799490983424,30.74078754980612,108.10010687995951,96.13135627615608,248.1063725869805,292.6542601354623,24.7580889359254,3.6656670809708247,8.215273409979604,10.0,30.0,65.0,55.0,45.0,65.0,65.0,65.0,35.0,70.0,55.0,80.0,40.0,40.0,20.0,65.0,85.0,75.0,18,37,Cai,19.0,-0.19349707409130368
2023,Londrina,9693.071098315235,526.9023429842297,195.98881118211435,10.460649691340954,62.36690633608434,7.178272124713744,16.352106846920602,1.7824932688265427,34.00486946640152,28.95680307289996,30.56369589477935,127.60962543975619,105.07385942737663,298.82454282644295,328.42808063371905,27.477623114441705,4.149005801877399,9.373980591956059,70.0,80.0,100.0,100.0,100.0,100.0,100.0,100.0,95.0,80.0,40.0,100.0,65.0,100.0,60.0,95.0,95.0,100.0,19,31,Cai,18.0,-0.37832821317998466
2023,ABC,9541.09498190271,444.16093339007324,138.77522273318658,7.446367198832255,50.02579425370983,5.8950517782323075,13.765679797688609,1.2032657701148373,29.961984826645804,28.289066515360197,30.05764741017322,87.91922486856012,79.20016897820851,241.25497800412737,289.0598642482036,25.31218742478528,2.7601252427080807,7.219982831596818,40.0,15.0,10.0,5.0,10.0,10.0,10.0,40.0,30.0,10.0,5.0,25.0,5.0,20.0,10.0,80.0,40.0,50.0,20,28,Cai,15.0,-0.5097111342256536
2024,Santos,9591.412751908756,498.83954379646485,159.28683253341623,8.582355250756615,54.78722637029966,6.2390643311803595,14.450591037991142,1.2540935580140105,31.279127030380213,28.48180429868485,30.32918342224842,86.20787933708723,98.90183513422062,250.88450552431908,333.71493115004324,25.798370418917113,3.480612465214071,8.077532193790956,60.0,65.0,45.0,50.0,55.0,25.0,30.0,45.0,70.0,35.0,15.0,30.0,65.0,50.0,70.0,90.0,75.0,70.0,1,68,Sobe,1.0,0.03842289319675163
2024,Mirassol,9898.020718869473,519.3092060829663,165.38427266934693,8.7056265491618,57.25836998655555,5.875751043372637,15.303673453563428,1.2599723778773857,31.835976958205396,28.559898452849676,30.95905914780853,96.46557755619152,89.00701758303389,267.5489003235059,312.17059712081715,26.841005799129682,3.217217962632159,7.858028779495463,100.0,90.0,65.0,60.0,80.0,10.0,75.0,50.0,95.0,60.0,90.0,55.0,15.0,90.0,40.0,100.0,65.0,65.0,2,67,Sobe,9.0,0.36125256707631914
2024,Sport,9502.299580527102,485.01694384123533,154.12138035351967,8.652632338224484,56.04663609494964,6.271186727965605,14.283792066752822,1.3790635011602892,31.746537767625366,28.495534204308704,30.41721681286772,84.85503484754584,99.85374379886036,244.93966529315324,340.92246317868324,25.584191353247178,3.9528472387130598,8.974648616934877,30.0,45.0,20.0,55.0,75.0,30.0,20.0,80.0,90.0,40.0,30.0,20.0,70.0,35.0,80.0,85.0,95.0,85.0,3,66,Sobe,6.0,0.2793206962410859
2024,Ceará,9201.57091921869,443.685549964548,171.77431496564907,8.979369987407447,54.22855085501766,6.478474710180157,14.590643006233831,1.632020531406818,28.00834088940357,29.120887729232656,31.477761513518285,112.47487896559095,96.8123098747905,251.52341059529556,288.4859497552285,23.51233814809503,3.652350820743353,7.630234669087794,15.0,10.0,70.0,75.0,45.0,55.0,40.0,100.0,20.0,95.0,100.0,95.0,50.0,55.0,10.0,55.0,90.0,55.0,4,64,Sobe,4.0,0.18345478256664194
2024,Novorizontino,9746.090949028214,529.7916821711349,181.34406497822232,9.569216469624173,59.475497374806004,6.581631178514845,15.573570478778374,1.249738366853871,30.867524883704093,28.697980308647555,30.708773792835707,131.91539800202847,91.89681203862344,333.23662922247496,307.4912007273889,25.963661690091193,4.018126917390302,9.262253939940482,80.0,100.0,100.0,100.0,100.0,80.0,95.0,40.0,60.0,70.0,65.0,100.0,30.0,100.0,30.0,95.0,100.0,100.0,5,64,Meio,16.0,0.3963412340840158
2024,Goiás,9330.106613727916,476.08081149041413,176.51525619301967,8.802925481530611,54.25905428845889,6.812126389052048,14.223376747792907,1.6006246812224998,27.980785140618988,29.193972209293516,31.35547423682994,107.64574995055696,105.29453178273704,248.03786549931525,311.9160635253096,20.93285193407793,3.1777095678603877,7.323212232580065,20.0,30.0,95.0,70.0,50.0,90.0,15.0,95.0,15.0,100.0,95.0,85.0,85.0,45.0,35.0,5.0,55.0,40.0,6,63,Meio,3.0,0.11749536721150822
2024,América-MG,9760.007974987117,515.1877423753702,159.6186833232955,8.363822276430083,55.43545870406129,5.994353703192037,15.086185849574997,1.048558282160974,30.672972030088737,28.414729206895696,30.270856699801936,77.10741729636092,105.59396873467158,234.4504232546552,356.19063078599504,24.373520182295714,2.762367612863769,6.864414357184103,85.0,85.0,50.0,35.0,70.0,15.0,60.0,10.0,55.0,20.0,10.0,10.0,90.0,15.0,90.0,65.0,25.0,35.0,7,58,Meio,5.0,0.040881277783413106
2024,Operário-PR,9544.92999446376,479.8352010171965,155.60894375197645,8.120986726747718,53.58979595918717,6.301570601514232,14.836916419419236,1.2172682684971297,29.168162009187938,28.555625506065187,30.468703200010978,74.45551586777727,111.25493869015632,212.16610344575813,378.1822386124676,21.997349446244602,2.470118223252383,6.324261006854017,40.0,35.0,25.0,25.0,30.0,35.0,50.0,35.0,40.0,55.0,40.0,5.0,95.0,5.0,95.0,10.0,15.0,15.0,8,55,Meio,12.0,0.16606984111002765
2024,Vila Nova,9090.665341648142,449.42500196793793,164.22736534604198,8.771313821535749,53.57565856018567,6.890421817079909,15.405866896460292,1.489487747305061,27.355405854916658,28.83515044308734,30.670684439516464,106.33618679053941,95.98380375027334,255.2412209169592,295.52312110824346,23.00085305891246,3.5344540375440543,8.995415985578784,5.0,15.0,60.0,65.0,25.0,100.0,80.0,85.0,5.0,85.0,60.0,80.0,45.0,65.0,25.0,40.0,85.0,95.0,9,55,Meio,13.0,0.1349905938984619
2024,Avaí,9863.854443202497,513.5825006778773,175.3314006172164,9.015162097209931,58.1420753454854,6.506793547403348,15.182223079651415,1.3507998720485814,31.117412291954636,28.555614269566455,30.497192450866315,98.64444535380555,102.76912008870413,239.27394039651674,343.54754838121573,24.23957686200804,3.288723740954729,8.370404641387973,95.0,75.0,80.0,80.0,90.0,60.0,70.0,70.0,65.0,50.0,45.0,70.0,75.0,30.0,85.0,60.0,70.0,75.0,10,53,Meio,8.0,-0.036790844825395075
2024,Amazonas,9176.31086487553,439.8984830258659,150.19547243272646,7.865606652254117,51.50981791639365,6.682473032211961,15.023785777172565,1.3721593990318492,28.246011919476636,28.37693724278344,30.336037270546942,97.26761788058572,79.20846947576045,234.15847286257292,279.3339889486777,22.910864976667032,2.882605121093833,6.839735243554288,10.0,5.0,10.0,20.0,5.0,85.0,55.0,75.0,25.0,10.0,20.0,60.0,5.0,10.0,5.0,25.0,40.0,30.0,11,52,Meio,17.0,0.11428842155292807
2024,Paysandu,9566.799833906445,529.404214541724,175.52686154390733,9.040183221066458,57.56173638319626,6.526841444626708,15.45300795450767,1.1872442996043182,31.411911284691435,28.43510079080954,30.394789541169757,89.33956037196312,128.7714467256495,260.7202246422792,406.8142515537717,24.750395751130522,3.1051989388909824,6.807429730448661,50.0,95.0,90.0,85.0,85.0,65.0,85.0,25.0,85.0,25.0,25.0,35.0,100.0,80.0,100.0,70.0,50.0,25.0,12,50,Meio,10.0,-0.03216267359260172
2024,Coritiba,9818.489511876123,513.8463682188691,175.50309407848206,9.427725280451073,58.66535112269582,6.8383017512879265,15.97865151688254,1.5697178385175041,33.63125063645075,28.854497047066644,30.74450590949885,101.72736840245743,102.85870452637828,260.7263878753739,332.8970142023448,25.377260584290433,3.517504749064087,8.987277925820614,90.0,80.0,85.0,95.0,95.0,95.0,100.0,90.0,100.0,90.0,70.0,75.0,80.0,85.0,65.0,75.0,80.0,90.0,13,50,Meio,2.0,-0.2531709005052454
2024,Botafogo-SP,9524.52932824718,486.1279903295131,173.50702030707888,9.088321148457235,55.302213277673694,6.548120246837315,15.150090695442739,1.3395510526954872,28.580177429793768,28.75926273885913,30.7746199591866,110.14546441147723,98.78185411511448,259.80702158323413,314.5310005381661,22.97106426046064,2.874007257285873,7.629202317474425,35.0,50.0,75.0,90.0,65.0,70.0,65.0,65.0,30.0,75.0,85.0,90.0,55.0,75.0,45.0,35.0,35.0,50.0,14,45,Meio,18.0,-0.06581500763510828
2024,Chapecoense,9695.648800888337,497.6517748298484,146.78180510580694,7.53397744512679,51.95754106410443,5.576476351993206,14.046972306351211,1.0942876575788734,27.553491273092014,28.139265585360814,30.05376598838834,83.06958520948106,91.60817652876463,257.1910217619732,329.03873120299767,22.76829993979035,2.1386183664602867,5.786125424680652,70.0,60.0,5.0,5.0,15.0,5.0,10.0,20.0,10.0,5.0,5.0,15.0,25.0,70.0,60.0,20.0,5.0,5.0,15,44,Meio,14.0,-0.1086443524692362
2024,CRB,9583.535910937799,493.2491916543469,156.83797783386302,7.784367912336008,52.65868156381583,6.40333146905175,14.39708534860676,1.0735334720854834,31.342717497201978,28.394350806697304,30.757859697845284,86.16096918483646,98.87266501617886,246.70454759530125,340.76415055784145,22.167219371638765,2.6243032803445505,6.20488214298313,55.0,55.0,30.0,10.0,20.0,45.0,25.0,15.0,80.0,15.0,75.0,25.0,60.0,40.0,75.0,15.0,20.0,10.0,16,43,Meio,11.0,-0.21350572927073252
2024,Ponte Preta,9480.336009975112,465.2451511927717,158.85507843401862,8.548700550471782,54.11135611111434,6.558043853396287,15.566574479822528,1.2986131406199164,31.335289543409502,28.45843744885983,30.444579024450416,92.45003439379252,92.16622120868668,251.9325393922485,290.47732037777706,23.28036932690772,3.0629305812779997,7.651881784481205,25.0,25.0,35.0,45.0,40.0,75.0,90.0,60.0,75.0,30.0,35.0,50.0,35.0,60.0,20.0,50.0,45.0,60.0,17,38,Cai,19.0,-0.20002465159252303
2024,Ituano,9703.039363186137,508.14366273520847,164.00587117668366,8.388503248027043,55.17972139334451,6.314679114293332,13.920375283557917,0.952694554682038,30.568308407272163,28.580631466503696,30.65629447646784,98.33129971380141,91.37207186841404,272.15549360768665,320.008849132099,25.457482643866353,3.185385299251055,8.64604659277814,75.0,70.0,55.0,40.0,60.0,40.0,5.0,5.0,50.0,65.0,55.0,65.0,20.0,95.0,55.0,80.0,60.0,80.0,18,37,Cai,15.0,-0.32241815779428873
2024,Brusque,9556.659422814037,480.2964664307645,159.1473155034139,8.311252649065944,53.604356138386144,6.09870624377479,14.466440785238278,1.2644290449103341,30.13786362404607,28.53452269987061,30.591841085347426,89.81062194554956,95.24992850731799,237.301795576547,319.2909069918423,23.27427723462947,2.781366615565641,7.478882263297655,45.0,40.0,40.0,30.0,35.0,20.0,35.0,55.0,45.0,45.0,50.0,40.0,40.0,25.0,50.0,45.0,30.0,45.0,19,36,Cai,20.0,-0.23983179110346897
2024,Guarani,9611.713651312744,459.0278213170516,153.67148997824677,7.844561744543674,51.94319480717455,6.433041731000728,14.676824137486319,1.2089683472274653,28.812227245901973,28.769680415169756,30.769846863070697,91.32170371047478,84.67709125444308,235.2520531814741,289.3142225301727,22.926301466739783,2.4497776608520003,6.51386903880995,65.0,20.0,15.0,15.0,10.0,50.0,45.0,30.0,35.0,80.0,80.0,45.0,10.0,20.0,15.0,30.0,10.0,20.0,20,33,Cai,7.0,-0.5843585163982439
2025,Coritiba,9460.735856775778,483.5621374159179,161.66433513178157,8.410615878793957,54.12159155137607,6.182899381983785,14.608743525051814,1.290022621043133,29.34977483087653,28.434987511156383,30.892452836289685,85.2072641471949,109.3734569201347,236.86611694380528,339.982001747205,23.509408438484876,2.8594877505201746,6.790289058841293,40.0,45.0,50.0,40.0,50.0,25.0,60.0,60.0,55.0,10.0,70.0,15.0,70.0,35.0,55.0,50.0,40.0,30.0,1,68,Sobe,4.0,0.3020744628088641
2025,Athletico-PR,9703.822475308756,500.0395431588475,172.2625262389796,9.222945732199546,58.07332805957325,6.738749323077152,14.748798907886567,1.5324383620861162,33.00589199379827,29.15689580547244,31.118400695165207,98.10426551089044,108.79352686751466,254.8797045075812,348.0052196062484,25.995395403870884,3.2639973516552665,8.064156427681711,80.0,65.0,60.0,75.0,85.0,70.0,70.0,85.0,90.0,90.0,85.0,50.0,65.0,70.0,75.0,85.0,65.0,70.0,2,65,Sobe,1.0,0.02205482936045411
2025,Chapecoense,9634.92941138219,512.6638968243511,160.0441039324001,8.36875253929783,53.567438243254045,5.993550568495923,13.22923279067403,1.1070399201380678,25.190821971535797,28.56917404318776,30.70380263347067,95.65486853405554,97.54109579670556,269.7681196490953,329.3204263757923,23.125951996818994,3.023534152164772,6.968117307288574,65.0,75.0,40.0,35.0,40.0,10.0,10.0,10.0,5.0,25.0,30.0,40.0,25.0,75.0,35.0,35.0,50.0,50.0,3,62,Sobe,18.0,0.3687618280363034
2025,Remo,9454.487259302152,451.5279583514464,158.198637299508,7.772522017179711,49.984857070031175,5.856001704049522,13.033869768851174,1.215289391558096,27.154069542554495,28.743839178534834,30.77597959644667,96.36189776999494,95.34576573379564,233.4869080338735,305.24511896272037,22.16606260506368,2.990755574115928,7.107788809665841,35.0,25.0,20.0,10.0,15.0,5.0,5.0,35.0,30.0,55.0,50.0,45.0,20.0,20.0,25.0,15.0,45.0,55.0,4,62,Sobe,3.0,0.10143384811159062
2025,Criciúma,9794.598869311318,540.4675350270606,177.03151963167846,8.776004308832068,56.92881628159423,6.063640740594603,14.281734705411344,1.159619615925353,31.950294468502715,28.585641520242817,30.729793141053726,103.45262718901515,109.73181347420795,299.9938616913561,354.95539124367235,27.262456841220253,3.6491565470128164,8.161262958907376,90.0,90.0,70.0,60.0,70.0,15.0,30.0,25.0,80.0,35.0,35.0,75.0,75.0,95.0,85.0,95.0,95.0,85.0,5,61,Meio,8.0,0.16389233609701992
2025,Goiás,9271.310000459292,476.7806668594408,178.20545842240242,8.557623305099682,52.781239440683294,6.40745794952358,13.974664859247383,1.285549207378074,25.871105485297576,28.972627595618075,31.531945068426733,99.59726403038327,122.83051499805444,243.68631696920235,338.84864587164145,19.896693305723936,2.771175579397878,6.31924092918429,15.0,35.0,80.0,50.0,25.0,50.0,15.0,50.0,10.0,85.0,100.0,55.0,95.0,45.0,50.0,5.0,30.0,15.0,6,61,Meio,10.0,0.18432141977477623
2025,Novorizontino,9828.95347366088,544.8867062775231,178.05393239948356,9.494353450320318,60.77860252378155,6.771656429659781,15.745476051046047,1.4066356978220331,32.14569258908491,28.805159442170186,30.88076394225776,109.05599094868178,100.06188179294915,302.6038673114606,346.7813278752364,27.86215003715788,3.7735209938142606,8.843090995691547,100.0,95.0,75.0,90.0,90.0,85.0,90.0,75.0,85.0,65.0,65.0,90.0,35.0,100.0,70.0,100.0,100.0,95.0,7,60,Meio,14.0,0.23969321997361304
2025,Avaí,9799.828026535331,545.1127032501762,191.4063246217273,9.888732570953788,61.135137817178894,6.7586275355741785,14.590485943219916,1.5997695518938249,33.40111366430116,28.907150327178318,30.874277792920815,109.98492613631922,108.71183067903686,278.10466029673427,346.30647302612545,27.009310365047348,3.3588335905674276,8.961228614713555,95.0,100.0,95.0,95.0,95.0,75.0,55.0,90.0,95.0,75.0,60.0,95.0,60.0,90.0,65.0,90.0,80.0,100.0,8,56,Meio,15.0,0.13789190342337299
2025,CRB,9659.403469448498,510.72057529518503,189.9010247152368,9.1001421486286,56.06166695275812,6.329360462977721,14.149965635306957,1.2636623364680781,28.906531382189577,28.93198974975171,31.34104561421793,102.78598250039849,112.21668983803134,246.011330233328,335.2572931497443,23.359682999423732,3.2698387792886128,7.634586716364839,70.0,70.0,90.0,65.0,65.0,35.0,25.0,45.0,40.0,80.0,95.0,65.0,80.0,50.0,45.0,45.0,70.0,65.0,9,56,Meio,7.0,0.026058706010148702
2025,Cuiabá,9338.355173026956,445.7500224993736,170.4757769331006,9.3860677984065,55.99481079219213,6.83152444111284,15.755659170187485,1.6242391483946663,30.032461020773834,29.163815435953886,31.313574993679648,105.70486492463962,101.1944718700792,234.23425999177897,299.47351277632487,22.549249616086502,3.369460865110846,7.611356295647803,25.0,20.0,55.0,80.0,60.0,95.0,95.0,95.0,60.0,95.0,90.0,80.0,45.0,25.0,20.0,25.0,85.0,60.0,10,54,Meio,6.0,-0.047812121412182496
2025,Atlético-GO,9559.756426336378,517.3126507518676,191.43067534134482,10.293032485834077,61.28839089499882,7.018550732892523,16.18369867409422,1.636947787347748,34.10986431975923,29.208527482600363,31.10911245875896,107.80919454510591,129.3315791072917,274.53989403085757,371.69774506734,25.271138661616355,3.373146061574032,8.09272722185004,50.0,85.0,100.0,100.0,100.0,100.0,100.0,100.0,100.0,100.0,80.0,85.0,100.0,85.0,90.0,75.0,90.0,80.0,11,52,Meio,2.0,-0.17129172835880957
2025,Operário-PR,9536.969552184886,489.63758078673106,158.78356033369803,8.567387916143273,55.33685748950727,6.593418099030355,14.74373899027931,1.1417031501703285,28.757019821266553,28.541284292251564,30.239865363085386,77.73425603067955,119.27919081564686,229.72306008521895,379.33290981230596,23.846104145582753,2.5681944142099744,6.572936175304444,45.0,50.0,25.0,55.0,55.0,65.0,65.0,20.0,35.0,20.0,10.0,10.0,90.0,10.0,100.0,60.0,15.0,25.0,12,48,Meio,9.0,-0.16974957944782654
2025,Vila Nova,9348.882756126863,483.04356886119723,161.4437679220845,8.41817929071545,54.078435016084065,6.776139073915846,14.910433380214808,1.2890431833334601,30.271503310323634,28.574486759053073,30.772048639475415,103.3210218941518,97.97009834334344,272.74213808379534,329.5600396835604,24.34541771327306,3.131258041169956,8.302804730185855,30.0,40.0,45.0,45.0,45.0,90.0,75.0,55.0,65.0,30.0,45.0,70.0,30.0,80.0,40.0,65.0,55.0,90.0,13,47,Meio,16.0,-0.05517595873139092
2025,América-MG,9629.051379093642,513.7922663667518,173.8752944479587,9.146695878990176,57.68941700235636,6.347560119062007,14.497618960312073,1.3432803864268366,31.214514720334567,28.706629733431043,30.692090523911734,95.61187873137295,118.37026518355982,252.2676312343811,378.37113796890685,25.840882777924833,3.222133695384961,8.081162956246658,60.0,80.0,65.0,70.0,75.0,40.0,45.0,70.0,75.0,45.0,25.0,35.0,85.0,60.0,95.0,80.0,60.0,75.0,14,46,Meio,5.0,-0.2729286899575676
2025,Athletic,9695.630324540067,498.5289977465864,179.49040216000142,9.434907980055925,57.98527397019306,6.768631880796549,15.347752721990037,1.4856766215175208,30.449138844238476,28.79477089487507,30.766948526334296,112.48151862387658,105.76075054294338,253.35049109891935,346.1084564865113,24.9696170184741,3.3319404286030347,6.939046245800753,75.0,60.0,85.0,85.0,80.0,80.0,85.0,80.0,70.0,60.0,40.0,100.0,50.0,65.0,60.0,70.0,75.0,40.0,15,44,Meio,11.0,-0.25515217038773663
2025,Botafogo-SP,9593.241434782229,467.90220550403035,159.38525467445814,8.249588767296732,53.26278864068011,6.480864628158486,15.092025688003806,1.1156329926743238,29.299561845218463,28.656759031645397,30.87347887048636,95.5721901291548,87.32300267236928,249.5855581400776,282.7228403667797,23.21229002208497,2.838299279102131,6.796845405187779,55.0,30.0,30.0,30.0,35.0,60.0,80.0,15.0,50.0,40.0,55.0,30.0,5.0,55.0,10.0,40.0,35.0,35.0,16,42,Meio,17.0,-0.16081920676051564
2025,Ferroviária,9312.84313337872,441.0200426488525,159.70380527898334,8.089738834283606,51.26442786784103,6.171817994213258,14.432349367429723,1.192572146342155,27.113365412163503,28.72769525997787,31.08202754020934,89.68046717655234,100.09291151462287,231.08569456500157,289.798782589425,23.099631286699,1.9777264984540324,5.474179541457464,20.0,10.0,35.0,25.0,20.0,20.0,35.0,30.0,25.0,50.0,75.0,20.0,40.0,15.0,15.0,30.0,5.0,5.0,17,40,Cai,19.0,-0.1029515506356915
2025,Amazonas,9208.06869757614,441.5184132280691,144.49402720771099,7.649276795274096,49.83945824856178,6.312439164037723,14.581895226284914,1.2222661637782333,26.187654647257894,28.2739553082663,30.034707414014658,90.91246268586042,91.20980632175029,239.66758220664624,308.0933094579482,22.42995754274475,2.6139602491208063,6.962684488557972,5.0,15.0,5.0,5.0,5.0,30.0,50.0,40.0,15.0,5.0,5.0,25.0,15.0,40.0,30.0,20.0,20.0,45.0,18,36,Cai,12.0,-0.43849531608121006
2025,Volta Redonda,9742.963872632277,494.56597370132124,153.14026547209232,7.824597205765378,52.86861975833468,6.35372964641347,14.472522630131921,1.072647317818609,29.205025325020383,28.499732587191932,30.34854532132378,72.34415981703798,106.18521422288026,229.67783026481408,350.58315390234003,23.76099383129635,2.7534611708324945,6.395451483756406,85.0,55.0,10.0,15.0,30.0,45.0,40.0,5.0,45.0,15.0,15.0,5.0,55.0,5.0,80.0,55.0,25.0,20.0,19,36,Cai,20.0,-0.14732887629476143
2025,Paysandu,9238.589788404068,431.14601973062025,155.63864930451047,7.934087465398225,49.97517368899767,6.463481336011015,14.037286293008593,1.3411163030910096,26.544919789667247,28.816418343095023,30.637329086545975,102.32659707659184,87.67251838407111,234.61190058372765,279.1805830541386,20.339923665654315,2.3440618565181484,5.864278573144288,10.0,5.0,15.0,20.0,10.0,55.0,20.0,65.0,20.0,70.0,20.0,60.0,10.0,30.0,5.0,10.0,10.0,10.0,20,28,Cai,13.0,-0.6162871790296546
2026,Juventude,9663.307921491012,473.9847392609745,163.3296133938386,8.154802231932537,51.352832415617044,5.704128931867978,13.34278926134848,1.1283958016037807,27.690128677616116,28.611611408430697,30.249839285402697,95.63504898087376,102.24796633406201,233.28889631633913,319.3996142351132,24.04982831767524,2.2977903518895646,6.144713293633482,45.0,20.0,30.0,20.0,10.0,15.0,10.0,25.0,10.0,50.0,35.0,45.0,45.0,15.0,20.0,30.0,10.0,15.0,1,50,Sobe,3.0,0.4659058330243331
2026,Novorizontino,10098.60742151745,598.1129683101692,196.49711821021106,10.601452970789977,65.9093465899299,6.691018171529897,16.001147068848642,1.5767708504877274,34.11599482878797,29.058937345131728,30.640260829768415,134.8760738714483,103.53294343979744,335.18383517994397,380.11049865253,30.316754195565835,4.682080031710894,10.493768919301901,95.0,100.0,95.0,100.0,100.0,85.0,95.0,100.0,90.0,100.0,80.0,100.0,55.0,100.0,95.0,100.0,100.0,100.0,2,49,Sobe,8.0,0.49865492430500247
2026,Vila Nova,9366.140505667207,483.6318155047516,173.741042200377,9.060245828272112,56.6075821144166,6.419631157457287,14.368604692509281,1.2209454499678754,30.836672320522105,28.890061331388956,30.64482148257986,101.94274393593352,121.2485022606576,252.45151899204976,366.0749943376202,23.72989130292622,3.5964276693418262,8.30788741443605,15.0,30.0,60.0,55.0,55.0,75.0,50.0,35.0,65.0,80.0,85.0,80.0,90.0,40.0,75.0,15.0,80.0,85.0,3,47,Sobe,10.0,0.5198230154605341
2026,Fortaleza,9322.112199580004,418.33096235126544,127.46292236404501,6.459097020538295,45.09688820528977,5.415850352436885,12.729576831684486,0.8845033158131786,27.31143176790861,27.985037118470707,29.858156983619512,72.00668126553244,71.67320289154458,198.28312526680617,283.34158358273703,19.382639910283892,2.7511964455069258,5.645998178218461,10.0,5.0,5.0,5.0,5.0,5.0,5.0,5.0,5.0,5.0,10.0,5.0,5.0,5.0,5.0,5.0,30.0,5.0,4,47,Sobe,1.0,0.18138512690691688
2026,Criciúma,10035.222506337019,585.5640045921263,191.73095762764626,9.71488705349164,60.24410726995583,6.17076754622697,14.420413425743229,1.3098774880549622,30.879637463006997,28.772111146298094,30.471637201418847,113.9559515784202,118.85211939259588,324.4949106412179,377.9304324311975,26.74869875570936,3.041905907099475,7.20014444234915,85.0,95.0,85.0,80.0,85.0,40.0,55.0,60.0,70.0,65.0,60.0,85.0,85.0,95.0,90.0,85.0,50.0,35.0,5,44,Meio,5.0,0.3656324448684465
2026,Operário-PR,9373.952727499533,469.0622798389212,157.44242515826934,8.166332946244616,52.89443755759506,5.806156894549542,13.714768001498406,1.1854366360741713,28.363774028844354,28.53635671474059,30.50240952238247,101.44880652556658,90.91534437909719,256.37827155647125,317.35572086533057,25.250385974901665,2.6948025585315607,7.563543671099458,20.0,10.0,20.0,25.0,30.0,25.0,30.0,30.0,25.0,35.0,65.0,75.0,20.0,50.0,15.0,50.0,15.0,70.0,6,43,Meio,13.0,0.3495581321373793
2026,CRB,9945.215521369246,514.2511938899423,166.1324818185652,7.677360977838801,51.986390078134406,5.524377779062796,13.676274443904834,1.0287352495270674,29.41013346892689,28.38002366510421,30.201648983417908,89.67768223717191,89.10814691755822,248.63787495364153,308.40807039618505,23.901714752668575,2.7427886127501133,7.343025963788868,80.0,60.0,40.0,10.0,15.0,10.0,20.0,10.0,40.0,15.0,25.0,20.0,15.0,25.0,10.0,25.0,25.0,40.0,7,42,Meio,9.0,0.25714748062290504
2026,Sport,9215.507391412857,472.30976000719016,156.65481439478535,8.356655468596607,53.3634418230751,6.1895787897829475,13.51482017704754,1.3573229360622214,27.729683024798145,28.58409923040752,30.319460239907947,97.7393553677359,95.36999206530136,246.52116418990903,337.0842219617183,25.51847985311942,3.1825919074448583,7.366944896243206,5.0,15.0,15.0,35.0,35.0,45.0,15.0,85.0,15.0,40.0,45.0,60.0,25.0,20.0,45.0,70.0,60.0,45.0,8,41,Meio,2.0,0.02972487014197478
2026,Atlético-GO,9607.6314690846,501.45213414004417,195.57867146889126,10.007822437156486,58.95123731399239,6.260386952410819,14.68498417623771,1.3202784472859572,29.182135177513327,28.962395124838196,30.70333874074825,125.66402681386155,105.6086849795689,270.01043204459233,322.87432271420795,25.025001398225456,3.7905699006623297,8.490346788207749,40.0,40.0,90.0,85.0,75.0,55.0,65.0,70.0,35.0,95.0,95.0,95.0,60.0,70.0,25.0,45.0,90.0,90.0,9,40,Meio,12.0,0.26157128913412575
2026,Cuiabá,10075.914991383792,526.3182777768392,148.49334449034677,7.916698178273041,54.6409924988298,5.796312575590588,13.938943610042504,1.0685958858844233,30.7414236968605,28.21383130118669,29.98530865804781,88.54068587309428,88.85625993919957,276.79225889770163,340.85685438805535,28.189737646881483,2.8421503712117033,6.563546533176721,90.0,70.0,10.0,15.0,40.0,20.0,40.0,15.0,60.0,10.0,20.0,15.0,10.0,85.0,55.0,90.0,40.0,25.0,10,39,Meio,11.0,0.1601841178549097
2026,Náutico,9506.763484733172,569.1050882422503,199.93291656591842,10.417152359094494,61.71669596623843,7.336239579988822,16.155121981351336,1.5513838977217023,28.593871249687847,28.87928469406226,30.43959010989156,96.79515654625766,160.15987697513123,267.1139684700933,467.9060329520746,23.822959377944773,3.308859697859268,7.38201701089537,25.0,90.0,100.0,95.0,90.0,100.0,100.0,95.0,30.0,75.0,55.0,50.0,100.0,65.0,100.0,20.0,70.0,55.0,11,37,Meio,20.0,0.3989639672274665
2026,Athletic,10132.865513963814,530.9217987116746,175.19067000325418,9.34058438781598,59.9146631496385,5.9964309830156335,14.563412847165726,1.2336770362675278,35.91098561272639,28.798823005452856,30.63212284774981,91.76178243213803,112.29525303959645,249.52303014353765,359.107943108642,25.37491108694652,2.763601373754035,6.9884818113123846,100.0,75.0,70.0,70.0,80.0,30.0,60.0,40.0,100.0,70.0,75.0,30.0,80.0,30.0,70.0,65.0,35.0,30.0,12,37,Meio,7.0,0.05154194051061389
2026,Goiás,9736.535698012001,479.92636602591887,168.1988253928051,8.180883164153798,52.62045838112038,6.030199596775393,13.699057416401645,1.2475372144445016,29.564292397890295,28.48355583222003,30.523312464587043,83.11169643287131,111.97785538256096,220.1231853138725,335.90620854120334,24.311012089610184,3.127658780876337,7.41401864582768,60.0,25.0,50.0,30.0,25.0,35.0,25.0,50.0,45.0,25.0,70.0,10.0,75.0,10.0,40.0,40.0,55.0,65.0,13,36,Meio,6.0,0.011863184068382937
2026,São Bernardo,9747.641287847178,505.8678264056708,167.93899677720646,8.642046719691681,56.47033467501696,6.2820271430397305,13.723219403616058,1.0833058389783017,33.323013844837924,28.512274143914745,30.275292924208312,89.85509457076273,101.13618477919637,249.6179708816212,329.11967064158034,25.354166498727867,2.854421036224399,6.543333776796735,65.0,45.0,45.0,45.0,50.0,60.0,35.0,20.0,85.0,30.0,40.0,25.0,40.0,35.0,35.0,60.0,45.0,20.0,14,35,Meio,15.0,0.14446558857563874
2026,Botafogo-SP,9687.569554856385,536.8909560020069,183.58550360969082,10.082027091413465,62.19137931399586,7.240628405464708,15.905237553815507,1.4429281702483945,34.676902861689875,28.905609245271645,30.722378820432542,97.27758939930251,125.49918673730782,274.4740997071199,377.50742748887285,25.26864121449154,3.6430718126479267,7.378242829078862,50.0,80.0,75.0,90.0,95.0,95.0,90.0,90.0,95.0,90.0,100.0,55.0,95.0,75.0,85.0,55.0,85.0,50.0,15,31,Meio,16.0,0.0005915618734981809
2026,Ceará,9571.070955609068,508.826312775683,161.65243943809529,8.680868606546133,55.973675479859814,6.215418871783786,14.94217718852244,1.2345149487193345,31.948992538631995,28.59657455235949,30.392507353277434,100.27085541741673,100.86825594809991,288.5116685963607,344.2807193583993,29.229104599462055,4.001351506408525,9.308349680301324,30.0,55.0,25.0,50.0,45.0,50.0,70.0,45.0,80.0,45.0,50.0,70.0,35.0,90.0,65.0,95.0,95.0,95.0,16,31,Meio,4.0,-0.14987788654168122
2026,Avaí,9703.830111962638,506.0719499152483,171.61933493670662,9.108274046090596,57.842269668746404,6.328885278418929,15.247733509448935,1.3436100962925566,30.688836401832077,28.61877827466821,29.959302014209456,99.51576313654066,106.05215473305817,256.3802995347663,337.3827135875329,25.888906390334395,2.7021447178982627,7.693849947420443,55.0,50.0,55.0,60.0,60.0,70.0,80.0,80.0,55.0,55.0,15.0,65.0,65.0,55.0,50.0,75.0,20.0,80.0,17,29,Cai,14.0,-0.13009001532521158
2026,Londrina,9755.763893158495,517.1651243567561,189.64587255136757,9.62209630921275,58.68781880546115,6.699403833854925,15.066751825570453,1.3115044620072351,30.159306310136643,28.905211955434645,30.69591824332628,124.65188019629421,98.9888065958235,276.6386045385193,326.0285598735981,24.151024714380405,3.2657154863807643,7.4088120225284495,70.0,65.0,80.0,75.0,65.0,90.0,75.0,65.0,50.0,85.0,90.0,90.0,30.0,80.0,30.0,35.0,65.0,60.0,18,22,Cai,17.0,-0.2867380443811932
2026,América-MG,9897.885220767868,547.5731600817141,174.68503932852977,9.238737008919331,58.90056749007556,6.315607715948406,15.618021560277844,1.3326176828969842,31.820965528286052,28.44903862782931,29.802385120763493,92.85051644069756,109.11706919588612,261.1269088430149,373.5224363809509,26.45863499088489,3.5208669879927763,7.606867641464636,75.0,85.0,65.0,65.0,70.0,65.0,85.0,75.0,75.0,20.0,5.0,35.0,70.0,60.0,80.0,80.0,75.0,75.0,19,17,Cai,18.0,-0.4933836878119947
2026,Ponte Preta,9601.068790002191,490.6907475003801,164.93575945242608,8.398290989284158,52.616223306897375,6.463950787780095,14.349113333208658,1.3032198500347894,27.775811120749474,28.659087261684352,30.21231710971955,93.23723567996232,103.40096848735769,254.70367851609535,341.0635487434887,20.947894905431383,1.993776007388451,5.954254985933269,35.0,35.0,35.0,40.0,20.0,80.0,45.0,55.0,20.0,60.0,30.0,40.0,50.0,45.0,60.0,10.0,5.0,10.0,20,10,Cai,19.0,-0.6596890627053663
