treinador,passagens,clubes,jogos,anos,ppj,rendimento_medio,rendimento_pior,clubes_com_rendimento_positivo,posto_valor_medio,acessos,temporadas_inteiras,g4_ao_sair,xg_sof,dist_rem,clubes_lista
Guto Ferreira,6,6,119,2019–2026,1.74,0.28,-0.32,4,4.8,0,1,4,1.11,20.6,"Sport 2019 (38j, 1.79), Bahia 2022 (14j, 1.79), Ceará 2023 (11j, 1.27), Cuiabá 2025 (21j, 1.48), Remo 2025 (10j, 2.30), Vila Nova 2026 (25j, 1.84)"
Mozart,10,7,222,2020–2026,1.63,0.23,-0.26,4,7.4,2,2,2,1.09,19.6,"CSA 2020 (22j, 1.86), CSA 2021 (17j, 2.00), Cruzeiro 2021 (13j, 1.00), CSA 2022 (12j, 1.08), Guarani 2022 (23j, 1.65), Mirassol 2023 (35j, 1.63), Mirassol 2024 (38j, 1.76), Coritiba 2025 (38j, 1.79), Ceará 2026 (11j, 1.18), Goiás 2026 (13j, 1.38)"
Léo Condé,4,3,132,2020–2024,1.67,0.46,0.3,3,10.3,1,2,2,1.15,20.4,"Sampaio Corrêa 2020 (31j, 1.45), Sampaio Corrêa 2022 (38j, 1.53), Vitória 2023 (38j, 1.89), Ceará 2024 (25j, 1.80)"
Enderson Moreira,6,5,122,2022–2026,1.52,0.12,-0.76,3,7.2,0,1,2,1.06,19.3,"Bahia 2022 (17j, 1.41), Sport 2023 (37j, 1.62), Avaí 2024 (19j, 1.47), América-MG 2025 (11j, 0.73), Novorizontino 2025 (15j, 1.60), Novorizontino 2026 (23j, 1.83)"
Gilmar Dal Pozzo,8,4,128,2018–2026,1.42,0.12,-0.48,3,9.0,1,1,1,1.22,20.6,"Brasil de Pelotas 2018 (12j, 1.00), Chapecoense 2022 (11j, 1.45), Sport 2022 (14j, 1.50), Chapecoense 2023 (11j, 0.91), Avaí 2024 (16j, 1.50), Chapecoense 2024 (15j, 1.60), Chapecoense 2025 (38j, 1.63), Sport 2026 (11j, 1.18)"
Thiago Carpini,3,3,72,2019–2026,1.72,0.36,0.07,2,3.0,0,0,1,1.16,20.1,"Guarani 2019 (21j, 1.48), Juventude 2023 (32j, 1.94), Fortaleza 2026 (19j, 1.63)"
Eduardo Baptista,5,3,152,2018–2026,1.66,0.34,0.31,2,9.9,0,2,2,1.1,20.5,"Coritiba 2018 (18j, 1.44), Novorizontino 2023 (38j, 1.66), Novorizontino 2024 (38j, 1.68), Criciúma 2025 (32j, 1.75), Criciúma 2026 (26j, 1.69)"
Claudio Tencati,6,4,160,2018–2026,1.43,0.26,0.0,2,14.7,1,2,1,1.2,20.0,"Atlético-GO 2018 (31j, 1.45), Brasil de Pelotas 2020 (12j, 1.75), Brasil de Pelotas 2021 (14j, 0.86), Criciúma 2022 (38j, 1.47), Criciúma 2023 (38j, 1.68), Botafogo-SP 2026 (27j, 1.15)"
Adilson Batista,2,2,50,2022–2023,1.4,0.21,0.16,2,15.5,0,1,0,1.15,21.7,"Londrina 2022 (37j, 1.41), Botafogo-SP 2023 (13j, 1.38)"
Jair Ventura,2,2,46,2023–2025,1.61,0.21,0.03,2,8.5,0,0,1,1.21,19.1,"Atlético-GO 2023 (19j, 1.95), Avaí 2025 (27j, 1.37)"
Vinícius,2,2,36,2025–2025,1.39,0.18,0.08,2,17.0,0,0,0,1.44,21.5,"Avaí 2025 (11j, 1.73), Ferroviária 2025 (25j, 1.24)"
Bruno Pivetti,4,4,67,2020–2025,1.28,0.11,-0.27,2,12.3,0,0,0,1.3,20.8,"Vitória 2020 (14j, 1.29), Tombense 2022 (31j, 1.26), Guarani 2023 (10j, 1.50), Operário-PR 2025 (12j, 1.17)"
Rafael Lacerda,3,3,63,2024–2025,1.43,0.07,-0.11,2,11.7,0,0,0,1.13,20.5,"Amazonas 2024 (31j, 1.42), Atlético-GO 2025 (21j, 1.43), Vila Nova 2025 (11j, 1.45)"
Claudinei Oliveira,7,7,148,2020–2025,1.39,0.06,-0.23,2,10.4,0,1,1,1.13,21.1,"Botafogo-SP 2020 (22j, 0.82), Avaí 2021 (38j, 1.68), Operário-PR 2022 (19j, 1.05), Sport 2022 (18j, 1.67), Chapecoense 2023 (17j, 1.24), Vila Nova 2023 (21j, 1.67), Paysandu 2025 (13j, 1.31)"
Daniel Paulista,8,6,180,2020–2026,1.46,0.06,-0.3,2,6.9,0,1,0,1.29,19.8,"Confiança 2020 (22j, 1.41), Guarani 2021 (38j, 1.58), CRB 2022 (30j, 1.53), CRB 2023 (30j, 1.73), CRB 2024 (24j, 1.04), Remo 2025 (10j, 1.70), Ceará 2026 (12j, 1.17), Goiás 2026 (14j, 1.29)"
Jorginho,4,3,62,2019–2024,1.71,0.05,0.01,2,2.0,0,0,2,1.17,20.1,"Coritiba 2019 (15j, 2.13), Ponte Preta 2019 (18j, 1.50), Vasco 2022 (10j, 1.70), Coritiba 2024 (19j, 1.58)"
Umberto Louzer,7,5,167,2018–2026,1.49,0.02,-0.46,2,13.5,0,0,2,1.24,20.3,"Guarani 2018 (36j, 1.39), Coritiba 2019 (23j, 1.48), Chapecoense 2020 (31j, 2.00), Guarani 2023 (26j, 1.58), Chapecoense 2024 (17j, 1.06), Novorizontino 2025 (22j, 1.59), América-MG 2026 (12j, 0.67)"
Eduardo Barroca,4,3,89,2023–2026,1.45,0.01,-0.11,2,5.0,0,1,0,1.55,20.2,"Avaí 2023 (23j, 1.43), Ceará 2023 (12j, 1.75), CRB 2025 (38j, 1.47), CRB 2026 (16j, 1.19)"
Hélio dos Anjos,6,4,143,2020–2026,1.35,0.0,-0.27,2,11.5,0,2,0,1.19,20.2,"Náutico 2020 (10j, 1.50), Náutico 2021 (32j, 1.50), Ponte Preta 2022 (38j, 1.29), CRB 2024 (11j, 1.55), Paysandu 2024 (25j, 1.08), Náutico 2026 (27j, 1.37)"
Allan Aal,8,8,164,2020–2026,1.3,-0.11,-0.46,2,13.0,0,1,0,1.16,21.2,"Paraná 2020 (19j, 1.47), CRB 2021 (38j, 1.58), Novorizontino 2022 (13j, 1.08), Vila Nova 2022 (22j, 1.59), ABC 2023 (19j, 0.79), Guarani 2024 (20j, 1.10), Botafogo-SP 2025 (22j, 1.09), Avaí 2026 (11j, 1.45)"
Paulo Pezzolano,1,1,38,2022–2022,2.05,0.5,0.5,1,3.0,1,1,1,1.04,21.1,"Cruzeiro 2022 (38j, 2.05)"
Luizinho Lopes,2,2,43,2021–2024,1.49,0.23,0.23,1,13.0,0,0,0,1.16,20.4,"Confiança 2021 (17j, 1.41), Vila Nova 2024 (26j, 1.54)"
Ricardo Catalá,2,2,30,2021–2026,1.37,0.15,0.15,1,15.0,0,0,0,1.21,20.7,"Operário-PR 2021 (10j, 1.40), São Bernardo 2026 (20j, 1.35)"
Odair Hellmann,1,1,30,2025–2025,1.83,0.14,0.14,1,1.0,0,0,1,0.95,19.6,"Athletico-PR 2025 (30j, 1.83)"
Rafael Guanaes,2,2,52,2022–2024,1.42,0.11,-0.03,1,11.5,0,1,0,1.3,21.0,"Novorizontino 2022 (15j, 1.27), Operário-PR 2024 (37j, 1.49)"
Fábio Carille,1,1,37,2024–2024,1.84,0.09,0.09,1,1.0,1,1,1,0.91,19.7,"Santos 2024 (37j, 1.84)"
Vagner Mancini,4,2,77,2023–2025,1.57,0.08,-0.44,1,4.5,0,0,1,1.19,19.9,"Ceará 2023 (13j, 1.15), Ceará 2024 (12j, 1.33), Goiás 2024 (20j, 1.90), Goiás 2025 (32j, 1.62)"
Eduardo Barros,2,1,40,2025–2026,1.42,0.06,-0.12,1,8.5,0,0,0,0.96,18.7,"Cuiabá 2025 (17j, 1.35), Cuiabá 2026 (23j, 1.48)"
Marcinho,1,1,30,2023–2023,1.17,0.03,0.03,1,20.0,0,0,0,1.12,20.0,"Ituano 2023 (30j, 1.17)"
Alex,2,2,53,2025–2026,1.34,-0.04,-0.13,1,8.0,0,0,0,1.17,19.9,"Operário-PR 2025 (26j, 1.31), Athletic 2026 (27j, 1.37)"
