season_orig,year_orig,player_orig,nkey,team_orig,league_orig,position_orig,root,age_orig,minutes_orig,q_pct_orig,qz_orig,qz_sd_orig,is_ref_orig,season_b,year_b,player_b,team_b,league_b,position_b,age_b,minutes_b,q_pct_b,qz_b,qz_sd_b,is_ref_b,dy,delta_pct
2023,2023,Á. González,a gonzalez,Resistencia,Paraguai,Atacante,ATA,21.0,945,9.3,-1.6745,0.9281,False,2024,2024,A. González,Brusque,Brasil B,Atacante,29.0,1104,13.6,-0.8352,0.7022,False,1,4.299999999999999
2024,2024,A. Martínez,a martinez,Club Tijuana,Mexico,Extremo - Esquerda,EXT,26.0,1195,12.5,-1.1633,0.5799,False,2025,2025,A. Martínez,Cuiabá,Brasil B,Extremo - Direita,29.0,1432,55.1,0.0264,0.3696,False,1,42.6
2024,2024,Adriano Martins,adriano martins,Atlético GO,Brasil A,Zagueiro - Direita,ZAG,29.0,3370,57.4,0.0702,0.5621,False,2025,2025,Adriano Martins,Atlético GO,Brasil B,Zagueiro - Esquerda,29.0,1955,72.5,0.578,0.4191,False,1,15.100000000000001
2024,2024,Alan Empereur,alan empereur,Cuiabá,Brasil A,Zagueiro - Esquerda,ZAG,32.0,2865,84.8,1.1377,0.5515,False,2025,2025,Alan Empereur,Cuiabá,Brasil B,Zagueiro - Esquerda,32.0,1978,92.5,1.4004,0.4161,False,1,7.700000000000003
2023,2023,Alê,ale,América Mineiro,Brasil A,Volante,VOL,36.0,1657,58.7,0.2922,0.2937,False,2024,2024,Alê,América Mineiro,Brasil B,Volante,36.0,3124,100.0,3.2712,0.5316,False,1,41.3
2023,2023,Alef Manga,alef manga,Coritiba,Brasil A,Atacante,ATA,31.0,912,10.1,-1.4345,0.7795,False,2025,2025,Alef Manga,Avaí,Brasil B,Atacante,31.0,1096,97.0,3.369,0.4972,False,2,86.9
2022,2022,Alesson,alesson,Cuiabá,Brasil A,Extremo - Direita,EXT,27.0,1131,9.3,-1.7255,0.4498,False,2024,2024,Alesson,Vila Nova,Brasil B,Extremo - Esquerda,27.0,3437,95.0,2.4442,0.456,False,2,85.7
2023,2023,Alex Ruan,alex ruan,Brusque,Brasil C,Lateral Esquerdo,LAT,30.0,1567,100.0,2.298,0.3409,False,2024,2024,Alex Ruan,Brusque,Brasil B,Lateral Esquerdo,33.0,1205,71.7,0.8027,0.4726,False,1,-28.299999999999997
2024,2024,Alix,alix,Atlético GO,Brasil A,Zagueiro - Esquerda,ZAG,26.0,2289,34.8,-0.3405,0.5705,False,2025,2025,Alix,Atlético GO,Brasil B,Zagueiro - Direita,26.0,1838,64.0,0.3402,0.4613,False,1,29.200000000000003
2023,2023,Allan Godói,allan godoi,Operário PR,Brasil C,Zagueiro - Direita,ZAG,30.0,1083,6.2,-1.4234,0.5551,False,2025,2025,Allan Godói,Operário PR,Brasil B,Zagueiro - Direita,33.0,1008,72.0,0.7175,0.4895,False,2,65.8
2024,2024,André Lima,andre lima,Confiança,Brasil C,Medio,MED,26.0,1258,65.7,0.3455,0.2779,False,2025,2025,André Lima,Paysandu,Brasil B,Medio,26.0,1581,35.4,-0.1975,0.3639,False,1,-30.300000000000004
2024,2024,André Luis,andre luis,Shanghai Shenhua,China,Atacante,ATA,32.0,2672,94.8,3.4748,0.4454,False,2025,2025,André Luis,Vila Nova,Brasil B,Atacante,29.0,1267,77.6,1.052,0.4907,False,1,-17.200000000000003
2021,2021,Anselmo Ramon,anselmo ramon,Chapecoense,Brasil A,Atacante,ATA,37.0,1649,4.9,-1.9922,0.5018,False,2023,2023,Anselmo Ramon,CRB,Brasil B,Atacante,35.0,2764,69.4,0.4781,0.5858,False,2,64.5
2024,2024,Augusto,augusto,São Bernardo FC,Brasil C,Zagueiro - Direita,ZAG,29.0,1774,46.8,-0.0514,0.655,False,jun26,2026,Augusto,São Bernardo FC,Brasil B,Zagueiro - Esquerda,29.0,1120,20.0,-0.6393,0.332,False,2,-26.799999999999997
2022,2022,Bissoli,bissoli,Avaí,Brasil A,Atacante,ATA,28.0,2634,38.5,-0.2366,0.475,False,2023,2023,Bissoli,Ceará,Brasil B,Atacante,25.0,1008,38.8,-0.4323,0.6723,False,1,0.29999999999999716
2023,2023,Brenner,brenner,Sporting Cristal,Peru,Atacante,ATA,29.0,2104,44.0,-0.0999,0.4967,False,2024,2024,Brenner,América Mineiro,Brasil B,Atacante,32.0,1307,96.3,2.3925,0.6964,False,1,52.3
2024,2024,Bruno Alves,bruno alves,Cuiabá,Brasil A,Zagueiro - Esquerda,ZAG,35.0,2290,13.0,-1.3025,0.5717,False,2025,2025,Bruno Alves,Cuiabá,Brasil B,Zagueiro - Direita,35.0,2151,68.0,0.4812,0.4566,False,1,55.0
2024,2024,Bruno Barra,bruno barra,Volta Redonda,Brasil C,Volante,VOL,40.0,2125,96.4,2.6171,0.522,False,2025,2025,Bruno Barra,Volta Redonda,Brasil B,Volante,40.0,1346,30.0,-0.5002,0.3684,False,1,-66.4
2022,2022,Bruno Cortez,bruno cortez,Avaí,Brasil A,Lateral Esquerdo,LAT,39.0,2708,13.6,-1.2749,0.3543,False,2023,2023,Bruno Cortez,Avaí,Brasil B,Lateral Esquerdo,36.0,1436,31.6,-0.5365,0.4416,False,1,18.0
2023,2023,Bruno Melo,bruno melo,Goiás,Brasil A,Zagueiro - Esquerda,ZAG,33.0,3299,89.7,1.1892,0.2076,False,2024,2024,Bruno Melo,Coritiba,Brasil B,Zagueiro - Esquerda,33.0,3472,76.9,0.7682,0.3437,False,1,-12.799999999999997
2025,2025,Bruno Santos,bruno santos,Guarani,Brasil C,Atacante,ATA,29.0,1524,22.5,-0.8739,0.4585,False,jun26,2026,Bruno Santos,Londrina,Brasil B,Atacante,29.0,1157,48.5,-0.0177,0.8309,False,1,26.0
2024,2024,Carlão,carlao,Ferroviária,Brasil C,Atacante,ATA,33.0,2013,72.6,0.7081,0.5183,False,2025,2025,Carlão,Ferroviária,Brasil B,Atacante,33.0,3375,61.2,0.2384,0.4246,False,1,-11.399999999999991
2024,2024,Carlos Akapo,carlos akapo,SJ Earthquakes,EUA,Lateral Direito,LAT,33.0,1753,87.8,0.8339,0.3364,False,2025,2025,Carlos Akapo,Amazonas,Brasil B,Lateral Direito,33.0,1062,9.1,-1.1699,0.5915,False,1,-78.7
2022,2022,Chico Kim,chico kim,Juventude,Brasil A,Extremo - Esquerda,EXT,35.0,2340,50.0,-0.0437,0.4135,False,2024,2024,Chico Kim,Mirassol,Brasil B,Extremo - Direita,35.0,1897,86.4,0.8263,0.5917,False,2,36.400000000000006
2024,2024,Clayson,clayson,Cuiabá,Brasil A,Extremo - Esquerda,EXT,31.0,2244,6.5,-1.099,0.5318,False,2025,2025,Clayson,Coritiba,Brasil B,Extremo - Esquerda,31.0,1234,8.1,-1.0437,0.4208,False,1,1.5999999999999996
2024,2024,Daniel Amorim,daniel amorim,Londrina,Brasil C,Atacante,ATA,36.0,1481,96.8,1.9396,0.5349,False,2025,2025,Daniel Amorim,Operário PR,Brasil B,Atacante,36.0,1160,16.4,-0.8426,0.49,False,1,-80.4
2023,2023,Daniel Borges,daniel borges,América Mineiro,Brasil A,Lateral Direito,LAT,33.0,947,63.6,0.3628,0.3756,False,2024,2024,Daniel Borges,América Mineiro,Brasil B,Lateral Direito,33.0,1138,72.3,0.6289,0.476,False,1,8.699999999999996
2021,2021,Danielzinho,danielzinho,Bahia,Brasil A,Medio,MED,30.0,2292,68.2,0.4229,0.4008,False,2023,2023,Danielzinho,Mirassol,Brasil B,Medio,29.0,3084,100.0,3.4665,0.2995,False,2,31.799999999999997
2022,2022,Danilo Barcelos,danilo barcelos,Goiás,Brasil A,Lateral Esquerdo,LAT,34.0,1180,4.5,-1.6543,0.3951,False,2023,2023,Danilo Barcelos,Ceará,Brasil B,Lateral Esquerdo,32.0,1110,18.4,-1.0741,0.4546,False,1,13.899999999999999
2021,2021,Danilo Boza,danilo boza,Santos,Brasil A,Zagueiro - Esquerda,ZAG,28.0,1611,23.7,-1.1127,0.8148,False,2023,2023,Danilo Boza,Juventude,Brasil B,Zagueiro - Direita,25.0,3888,86.1,1.2843,0.3627,False,2,62.39999999999999
2023,2023,David Braz,david braz,Fluminense,Brasil A,Zagueiro - Esquerda,ZAG,39.0,1031,74.4,0.5896,0.2543,False,2024,2024,David Braz,Goiás,Brasil B,Zagueiro - Direita,39.0,1744,66.7,0.2493,0.4905,False,1,-7.700000000000003
2024,2024,Denilson,denilson,Cuiabá,Brasil A,Medio,MED,25.0,2239,80.5,1.0678,0.4055,False,2025,2025,Denilson,Cuiabá,Brasil B,Medio,25.0,3056,73.8,0.9691,0.3307,False,1,-6.700000000000003
2024,2024,Derik Lacerda,derik lacerda,Cuiabá,Brasil A,Atacante,ATA,26.0,1580,11.6,-1.0147,0.4706,False,2025,2025,Derik Lacerda,Cuiabá,Brasil B,Atacante,26.0,1369,35.8,-0.407,0.4841,False,1,24.199999999999996
2023,2023,Diego Pituca,diego pituca,Kashima Antlers,Japao A,Medio,MED,31.0,2915,62.5,0.3219,0.2433,False,2024,2024,Diego Pituca,Santos,Brasil B,Medio,33.0,3416,88.7,1.8747,0.3084,False,1,26.200000000000003
2023,2023,Diego Tavares,diego tavares,Brusque,Brasil C,Extremo - Direita,EXT,32.0,1058,70.8,0.5748,0.6101,False,2024,2024,Diego Tavares,Brusque,Brasil B,Extremo - Direita,34.0,1101,13.6,-1.3923,0.634,False,1,-57.199999999999996
2024,2024,Diego Zabala,diego zabala,Nacional,Uruguai,Extremo - Esquerda,EXT,34.0,1599,100.0,3.7694,0.4251,False,2025,2025,Diego Zabala,Amazonas,Brasil B,Extremo - Esquerda,34.0,906,67.6,0.4784,0.4302,False,1,-32.400000000000006
2023,2023,Dieguinho,dieguinho,Goiás,Brasil A,Lateral Esquerdo,LAT,31.0,1222,69.0,0.5388,0.4047,False,2024,2024,Dieguinho,Goiás,Brasil B,Lateral Direito,31.0,2886,87.2,1.2017,0.4175,False,1,18.200000000000003
2024,2024,Diogo Batista,diogo batista,Remo,Brasil C,Lateral Direito,LAT,22.0,1555,97.8,2.2004,0.5008,False,jun26,2026,Diogo Batista,Athletic Club,Brasil B,Lateral Direito,22.0,916,6.1,-2.3659,0.466,False,2,-91.7
2025,2025,E. Brítez,e britez,Fortaleza,Brasil A,Zagueiro - Direita,ZAG,34.0,1774,1.7,-2.4584,0.5597,False,jun26,2026,E. Brítez,Fortaleza,Brasil B,Zagueiro - Direita,34.0,1017,59.5,0.2199,0.3898,False,1,57.8
2023,2023,Éder,eder,América Mineiro,Brasil A,Zagueiro - Direita,ZAG,31.0,1812,71.7,1.1579,0.5598,False,2024,2024,Éder,América Mineiro,Brasil B,Zagueiro - Esquerda,31.0,2507,100.0,1.6306,0.3586,False,1,28.299999999999997
2021,2021,Edimar,edimar,Red Bull Bragantino,Brasil A,Lateral Esquerdo,LAT,40.0,1362,41.3,-0.2147,0.5138,False,2023,2023,Edimar,CRB,Brasil B,Lateral Esquerdo,37.0,1153,10.5,-1.259,0.4525,False,2,-30.799999999999997
2022,2022,Edson Felipe,edson felipe,Atlético GO,Brasil A,Zagueiro - Direita,ZAG,34.0,1574,14.8,-0.717,0.4509,False,2024,2024,Edson Felipe,Goiás,Brasil B,Zagueiro - Esquerda,34.0,1934,43.6,-0.0492,0.3704,False,2,28.8
2023,2023,Eduardo Brock,eduardo brock,Cerro Porteño,Paraguai,Zagueiro - Esquerda,ZAG,32.0,1955,88.0,1.9172,0.3623,False,2025,2025,Eduardo Brock,Avaí,Brasil B,Zagueiro - Esquerda,35.0,3698,95.0,1.576,0.383,False,2,7.0
2022,2022,Egídio,egidio,Coritiba,Brasil A,Lateral Esquerdo,LAT,40.0,1380,75.0,0.6871,0.3861,False,2023,2023,Egídio,Tombense,Brasil B,Lateral Esquerdo,37.0,2743,92.1,1.8271,0.4042,False,1,17.099999999999994
2022,2022,Élvis,elvis,Goiás,Brasil A,Meia,MEI,35.0,922,81.8,0.9881,0.5211,False,2023,2023,Élvis,Ponte Preta,Brasil B,Meia,33.0,1798,90.9,1.6176,0.3172,False,1,9.100000000000009
2022,2022,Erick,erick,Ceará,Brasil A,Extremo - Direita,EXT,28.0,1187,60.5,0.3001,0.4596,False,2023,2023,Erick,Ceará,Brasil B,Extremo - Direita,25.0,2848,100.0,2.244,0.285,False,1,39.5
2023,2023,Éverton Alemão,everton alemao,Brusque,Brasil C,Zagueiro - Direita,ZAG,30.0,2203,37.5,-0.1064,0.4992,False,2024,2024,Éverton Alemão,Brusque,Brasil B,Zagueiro - Direita,33.0,1675,35.3,-0.4975,0.4919,False,1,-2.200000000000003
2023,2023,Everton Morelli,everton morelli,Goiás,Brasil A,Medio,MED,28.0,2897,3.4,-1.6123,0.2745,False,2024,2024,Everton Morelli,Coritiba,Brasil B,Medio,28.0,1776,25.8,-0.4786,0.343,False,1,22.400000000000002
2021,2021,Ewerthon,ewerthon,Sport Recife,Brasil A,Lateral Direito,LAT,25.0,1557,46.7,-0.1612,0.5245,False,2023,2023,Ewerthon,Sport Recife,Brasil B,Lateral Direito,23.0,1894,30.6,-0.56,0.5685,False,2,-16.1
2025,2025,Ewerthon,ewerthon,Juventude,Brasil A,Lateral Direito,LAT,25.0,1305,22.4,-0.8493,0.4528,False,jun26,2026,Ewerthon,Atlético GO,Brasil B,Lateral Direito,25.0,1062,21.2,-0.9465,0.4589,False,1,-1.1999999999999993
2023,2023,F. Barceló,f barcelo,Guaraní,Paraguai,Atacante,ATA,30.0,2346,40.7,-0.2858,0.8322,False,2024,2024,F. Barceló,Ceará,Brasil B,Atacante,33.0,1011,24.7,-0.5521,0.7129,False,1,-16.000000000000004
2023,2023,F. Elizari,f elizari,Defensor Sporting,Uruguai,Medio,MED,32.0,2563,91.3,2.599,0.4768,False,2024,2024,F. Elizari,América Mineiro,Brasil B,Medio,35.0,1299,96.8,2.9148,0.3562,False,1,5.5
2023,2023,F. Martínez,f martinez,Nacional,Uruguai,Extremo - Esquerda,EXT,27.0,2176,95.7,1.5543,0.5201,False,2025,2025,F. Martínez,Atlético GO,Brasil B,Extremo - Direita,30.0,1911,53.1,0.003,0.3628,False,2,-42.6
2024,2024,Fabiano,fabiano,Moreirense,Portugal A,Lateral Direito,LAT,23.0,1466,41.9,-0.2138,0.5207,False,2025,2025,Fabiano,Amazonas,Brasil B,Lateral Esquerdo,36.0,3118,8.0,-1.2275,0.3583,False,1,-33.9
2021,2021,Fabinho,fabinho,Ceará,Brasil A,Medio,MED,39.0,1441,27.3,-0.6872,0.4193,False,2023,2023,Fabinho,Sport Recife,Brasil B,Medio,37.0,2066,23.8,-0.6659,0.3209,False,2,-3.5
2021,2021,Fabrício Daniel,fabricio daniel,América Mineiro,Brasil A,Atacante,ATA,28.0,1324,75.6,0.6931,0.5156,False,2023,2023,Fabrício Daniel,Sport Recife,Brasil B,Atacante,26.0,1092,18.4,-0.9711,0.6697,False,2,-57.199999999999996
2022,2022,Fabrício Daniel,fabricio daniel,Coritiba,Brasil A,Extremo - Direita,EXT,28.0,1630,25.6,-0.6968,0.4315,False,2024,2024,Fabrício Daniel,Grêmio Novorizontino,Brasil B,Extremo - Direita,28.0,1235,6.8,-1.6444,0.6188,False,2,-18.8
2022,2022,Felipe Marques,felipe marques,Cuiabá,Brasil A,Extremo - Esquerda,EXT,36.0,1075,36.4,-0.356,0.4581,False,2023,2023,Felipe Marques,Grêmio Novorizontino,Brasil B,Extremo - Direita,33.0,915,28.6,-0.6738,0.3418,False,1,-7.799999999999997
2021,2021,Fernandinho,fernandinho,Chapecoense,Brasil A,Extremo - Esquerda,EXT,28.0,1146,18.9,-1.2847,0.5123,False,2023,2023,Fernandinho,Mirassol,Brasil B,Extremo - Esquerda,26.0,1476,48.3,-0.0412,0.682,False,2,29.4
2024,2024,Filipe Machado,filipe machado,Vitória,Brasil A,Volante,VOL,30.0,1132,16.7,-0.9779,0.5187,False,2025,2025,Filipe Machado,Coritiba,Brasil B,Volante,30.0,2056,52.5,0.0103,0.3502,False,1,35.8
2024,2024,Filipinho,filipinho,Athletico Paranaense,Brasil A,Medio,MED,24.0,1041,2.4,-2.0984,0.4481,False,2025,2025,Filipinho,Athletico Paranaense,Brasil B,Medio,24.0,2340,4.6,-1.6132,0.347,False,1,2.1999999999999997
2023,2023,G. Benavídez,g benavidez,Talleres Córdoba,Argentina A,Lateral Direito,LAT,28.0,3944,84.8,1.5712,0.4643,False,2025,2025,G. Benavídez,Athletico Paranaense,Brasil B,Lateral Direito,30.0,1735,40.9,-0.2173,0.5648,False,2,-43.9
2024,2024,G. Mastriani,g mastriani,Athletico Paranaense,Brasil A,Atacante,ATA,33.0,1002,60.9,0.2898,0.4893,False,jun26,2026,G. Mastriani,América Mineiro,Brasil B,Atacante,33.0,954,51.5,0.0,0.8603,False,2,-9.399999999999999
2022,2022,Gabriel Lacerda,gabriel lacerda,Ceará,Brasil A,Zagueiro - Esquerda,ZAG,26.0,2163,11.4,-0.8847,0.369,False,2023,2023,Gabriel Lacerda,Ceará,Brasil B,Zagueiro - Esquerda,24.0,952,58.8,0.4802,0.4597,False,1,47.4
2023,2023,Geovane,geovane,Paysandu,Brasil C,Medio,MED,24.0,1278,76.2,1.1338,0.2621,False,2024,2024,Geovane,Grêmio Novorizontino,Brasil B,Medio,37.0,1940,35.5,-0.2107,0.339,False,1,-40.7
2023,2023,Gil,gil,Corinthians,Brasil A,Zagueiro - Direita,ZAG,39.0,3263,86.8,2.1065,0.5061,False,2024,2024,Gil,Santos,Brasil B,Zagueiro - Esquerda,39.0,3417,51.3,0.0,0.3466,False,1,-35.5
2024,2024,Giovanni Pavani,giovanni pavani,Remo,Brasil C,Medio,MED,29.0,2117,77.6,0.9536,0.258,False,2025,2025,Giovanni Pavani,Remo,Brasil B,Medio,29.0,1329,56.9,0.0947,0.3716,False,1,-20.699999999999996
2022,2022,Giuliano,giuliano,Corinthians,Brasil A,Meia,MEI,36.0,1807,6.1,-1.3536,0.4967,False,2024,2024,Giuliano,Santos,Brasil B,Meia,36.0,2404,52.9,0.0,0.5798,False,2,46.8
2024,2024,Gonzalo Freitas,gonzalo freitas,Atlético GO,Brasil A,Volante,VOL,34.0,945,38.3,-0.3068,0.5329,False,2025,2025,Gonzalo Freitas,Goiás,Brasil B,Volante,34.0,1255,32.5,-0.4968,0.3711,False,1,-5.799999999999997
2023,2023,Guilherme,guilherme,Fortaleza,Brasil A,Extremo - Esquerda,EXT,31.0,1624,70.5,0.4631,0.5302,False,2024,2024,Guilherme,Santos,Brasil B,Extremo - Esquerda,31.0,2824,100.0,4.0,0.4662,False,1,29.5
2025,2025,Guilherme,guilherme,Konyaspor,Turquia,Lateral Esquerdo,LAT,36.0,3358,38.6,-0.1032,0.3688,False,jun26,2026,Guilherme,Atlético GO,Brasil B,Lateral Esquerdo,24.0,982,23.3,-0.9606,0.5425,False,1,-15.3
2023,2023,Guilherme Queiroz,guilherme queiroz,Brusque,Brasil C,Atacante,ATA,33.0,1406,61.1,0.1568,0.5139,False,2024,2024,Guilherme Queiróz,Brusque,Brasil B,Atacante,36.0,1410,1.2,-2.392,0.6928,False,1,-59.9
2024,2024,Guilherme Romão,guilherme romao,Atlético GO,Brasil A,Lateral Esquerdo,LAT,28.0,3110,18.2,-1.095,0.3316,False,2025,2025,Guilherme Romão,Atlético GO,Brasil B,Lateral Esquerdo,28.0,2764,80.0,0.8428,0.3635,False,1,61.8
2021,2021,Gustavo Henrique,gustavo henrique,Flamengo,Brasil A,Zagueiro - Direita,ZAG,33.0,1752,89.4,1.808,0.5902,False,2023,2023,Gustavo Henrique,Sampaio Corrêa,Brasil B,Zagueiro - Direita,24.0,2836,16.7,-0.7844,0.385,False,2,-72.7
2024,2024,Gustavo Medina,gustavo medina,Ferroviária,Brasil C,Zagueiro - Direita,ZAG,24.0,2152,12.8,-0.7265,0.6419,False,2025,2025,Gustavo Medina,Ferroviária,Brasil B,Zagueiro - Direita,24.0,2556,20.0,-0.6989,0.4457,False,1,7.199999999999999
2022,2022,Hayner,hayner,Atlético GO,Brasil A,Lateral Direito,LAT,30.0,1528,86.4,1.0579,0.3375,False,2024,2024,Hayner,Santos,Brasil B,Lateral Direito,30.0,1015,93.6,1.4988,0.4802,False,2,7.199999999999989
2022,2022,Henrique Almeida,henrique almeida,América Mineiro,Brasil A,Atacante,ATA,35.0,1610,64.6,0.3635,0.5055,False,2024,2024,Henrique Almeida,Vila Nova,Brasil B,Atacante,35.0,2027,8.6,-1.077,0.666,False,2,-55.99999999999999
2024,2024,Higor Meritão,higor meritao,Criciúma,Brasil A,Volante,VOL,31.0,1179,63.3,0.4777,0.5185,False,2025,2025,Higor Meritão,CRB,Brasil B,Volante,31.0,3283,17.5,-0.9647,0.3235,False,1,-45.8
2021,2021,Igor Inocêncio,igor inocencio,Ceará,Brasil A,Lateral Direito,LAT,28.0,1219,35.6,-0.3484,0.5354,False,2023,2023,Igor Inocêncio,Avaí,Brasil B,Lateral Direito,25.0,2044,5.6,-1.2301,0.5618,False,2,-30.0
2024,2024,Ítalo,italo,Volta Redonda,Brasil C,Atacante,ATA,29.0,1061,88.7,1.468,0.5521,False,2025,2025,Italo,Chapecoense,Brasil B,Atacante,23.0,1494,98.5,3.7475,0.4798,False,1,9.799999999999997
2023,2023,J. Aguirre,j aguirre,Atlético Nacional,Colombia A,Zagueiro - Direita,ZAG,27.0,3500,71.4,0.2178,0.4321,False,2025,2025,J. Aguirre,Athletico Paranaense,Brasil B,Zagueiro - Direita,29.0,1310,76.0,0.7658,0.4801,False,2,4.599999999999994
2023,2023,J. Benítez,j benitez,Colón,Argentina A,Atacante,ATA,31.0,1137,25.8,-0.7147,0.6374,False,2025,2025,J. Benítez,Paysandu,Brasil B,Atacante,33.0,994,38.8,-0.1988,0.4989,False,2,12.999999999999996
2025,2025,J. Cuenú,j cuenu,Junior,Colombia A,Zagueiro - Esquerda,ZAG,31.0,1395,17.8,-0.8273,0.3673,False,jun26,2026,J. Cuenú,Operário PR,Brasil B,Zagueiro - Direita,31.0,903,16.2,-0.7573,0.4041,False,1,-1.6000000000000014
2023,2023,J. Novillo,j novillo,Huracán,Argentina A,Zagueiro - Esquerda,ZAG,25.0,1643,69.0,0.6176,0.471,False,2025,2025,J. Novillo,Paysandu,Brasil B,Zagueiro - Esquerda,28.0,1361,17.5,-1.3405,0.435,False,2,-51.5
2023,2023,J. Quintero,j quintero,Deportivo Pereira,Colombia A,Zagueiro - Direita,ZAG,28.0,1673,11.9,-1.4171,0.4914,False,2024,2024,J. Quintero,Vila Nova,Brasil B,Zagueiro - Direita,31.0,1482,9.8,-1.2167,0.4979,False,1,-2.0999999999999996
2024,2024,Jackson,jackson,Ferroviária,Brasil C,Zagueiro - Esquerda,ZAG,36.0,1056,95.3,2.8512,0.5376,False,2025,2025,Jackson,Amazonas,Brasil B,Zagueiro - Direita,36.0,945,78.0,0.8623,0.4948,False,1,-17.299999999999997
2023,2023,Jacy,jacy,Paysandu,Brasil C,Volante,VOL,26.0,1050,18.2,-1.9762,0.6264,False,2024,2024,Jacy,Operário PR,Brasil B,Volante,28.0,2000,80.0,1.0368,0.5795,False,1,61.8
2024,2024,Jáderson,jaderson,Remo,Brasil C,Medio,MED,25.0,2088,100.0,2.8683,0.2587,False,2025,2025,Jáderson,Remo,Brasil B,Medio,25.0,1679,24.6,-0.3672,0.3624,False,1,-75.4
2024,2024,Jaime Giraldo,jaime giraldo,Unión Magdalena,Colombia B,Zagueiro - Esquerda,ZAG,28.0,2660,18.2,-0.956,0.3625,False,2025,2025,Jaime Giraldo,Operário PR,Brasil B,Zagueiro - Esquerda,28.0,1066,62.5,0.1626,0.4422,False,1,44.3
2023,2023,Jamerson,jamerson,Coritiba,Brasil A,Lateral Esquerdo,LAT,27.0,2147,16.7,-0.9526,0.3772,False,2024,2024,Jamerson,Coritiba,Brasil B,Lateral Esquerdo,27.0,1204,80.4,0.9616,0.4726,False,1,63.7
2021,2021,Janderson,janderson,Atlético GO,Brasil A,Extremo - Direita,EXT,27.0,2492,52.6,0.0068,0.505,False,2023,2023,Janderson,Ceará,Brasil B,Extremo - Esquerda,24.0,1654,62.1,0.1095,0.6709,False,2,9.5
2024,2024,Janderson,janderson,Atlético GO,Brasil A,Extremo - Direita,EXT,27.0,1087,23.1,-0.728,0.5364,False,2025,2025,Janderson,Remo,Brasil B,Extremo - Direita,27.0,1383,87.8,0.9553,0.3731,False,1,64.69999999999999
2022,2022,Jean Cléber,jean cleber,Avaí,Brasil A,Medio,MED,36.0,1006,45.6,-0.0914,0.3843,False,2023,2023,Jean Cléber,Avaí,Brasil B,Medio,33.0,997,57.1,0.0735,0.3515,False,1,11.5
2022,2022,Jean Irmer,jean irmer,Juventude,Brasil A,Medio,MED,31.0,1308,8.8,-1.2474,0.3742,False,2023,2023,Jean Irmer,Juventude,Brasil B,Medio,29.0,1871,7.1,-1.4321,0.3242,False,1,-1.700000000000001
2023,2023,Jeferson,jeferson,São Bernardo FC,Brasil C,Lateral Direito,LAT,27.0,1412,66.7,0.4787,0.4873,False,2025,2025,Jeferson,Botafogo SP,Brasil B,Lateral Direito,29.0,2285,52.3,0.0587,0.5435,False,2,-14.400000000000006
2024,2024,Jefferson Nem,jefferson nem,Lusitania FC Lourosa,Portugal C,Extremo - Direita,EXT,27.0,1514,100.0,2.6266,0.7364,False,2025,2025,Jefferson Nem,Botafogo SP,Brasil B,Extremo - Esquerda,30.0,2512,37.8,-0.3415,0.3809,False,1,-62.2
2021,2021,Jenison,jenison,Cuiabá,Brasil A,Atacante,ATA,35.0,1880,11.0,-1.706,0.4842,False,2023,2023,Jenison,Grêmio Novorizontino,Brasil B,Atacante,32.0,1011,26.5,-0.6965,0.664,False,2,15.5
2024,2024,João Pedro,joao pedro,Al Taawon,Arabia Saudita A,Atacante,ATA,30.0,1457,90.0,1.4622,0.4131,True,2025,2025,João Pedro,Remo,Brasil B,Atacante,29.0,946,43.3,-0.1654,0.5041,True,1,-46.7
2023,2023,João Schmidt,joao schmidt,Kawasaki Frontale,Japao A,Volante,VOL,30.0,1977,69.4,0.5809,0.3543,False,2024,2024,João Schmidt,Santos,Brasil B,Volante,33.0,3154,95.0,1.702,0.541,False,1,25.599999999999994
2021,2021,João Victor,joao victor,Corinthians,Brasil A,Zagueiro - Direita,ZAG,27.0,3540,25.5,-0.59,0.5321,False,2023,2023,João Victor,Vitória,Brasil B,Zagueiro - Direita,26.0,1104,8.3,-1.046,0.4489,False,2,-17.2
2023,2023,Joaquim,joaquim,Santos,Brasil A,Zagueiro - Direita,ZAG,27.0,3104,26.4,-0.5307,0.5079,False,2024,2024,Joaquim,Santos,Brasil B,Zagueiro - Esquerda,27.0,1189,84.6,0.7926,0.3846,False,1,58.199999999999996
2024,2024,Jonathan Cafú,jonathan cafu,Cuiabá,Brasil A,Extremo - Direita,EXT,34.0,1566,41.0,-0.3936,0.5186,False,2025,2025,Jonathan Cafú,Botafogo SP,Brasil B,Extremo - Direita,34.0,2026,14.3,-0.9628,0.3618,False,1,-26.7
2023,2023,Juninho,juninho,América Mineiro,Brasil A,Medio,MED,38.0,3331,64.4,0.4325,0.2684,False,2024,2024,Juninho,América Mineiro,Brasil B,Medio,38.0,3466,91.9,2.5052,0.3087,False,1,27.5
2024,2024,Juninho,juninho,Ferroviária,Brasil C,Extremo - Direita,EXT,30.0,1722,66.7,0.4447,0.546,False,2025,2025,Juninho,Ferroviária,Brasil B,Extremo - Esquerda,30.0,2277,78.4,0.7263,0.384,False,1,11.700000000000003
2021,2021,Juninho Valoura,juninho valoura,América Mineiro,Brasil A,Medio,MED,40.0,1351,80.3,0.7417,0.4225,False,2023,2023,Juninho Valoura,CRB,Brasil B,Medio,37.0,1736,97.6,2.9588,0.3267,False,2,17.299999999999997
2023,2023,K. Viveros,k viveros,Deportivo Cali,Colombia A,Atacante,ATA,23.0,1313,28.9,-0.4804,0.6733,False,2025,2025,K. Viveros,Athletico Paranaense,Brasil B,Atacante,26.0,1855,14.9,-0.844,0.4657,False,2,-13.999999999999998
2021,2021,Kelvyn,kelvyn,Ceará,Brasil A,Lateral Esquerdo,LAT,27.0,1169,47.8,-0.0668,0.5227,False,2023,2023,Kelvyn,Juventude,Brasil B,Lateral Esquerdo,24.0,1019,55.3,0.1794,0.4585,False,2,7.5
2022,2022,Kevin,kevin,Avaí,Brasil A,Lateral Direito,LAT,28.0,2883,25.0,-0.5023,0.3121,False,2023,2023,Kevin,Tombense,Brasil B,Lateral Direito,26.0,1521,72.2,0.7088,0.5825,False,1,47.2
2024,2024,Klaus,klaus,RWD Molenbeek,Belgica A,Zagueiro - Direita,ZAG,29.0,1362,72.0,0.5352,0.5383,False,2025,2025,Klaus,Remo,Brasil B,Zagueiro - Direita,32.0,2644,14.0,-0.8346,0.4458,False,1,-58.0
2024,2024,L. Esquivel,l esquivel,Athletico Paranaense,Brasil A,Lateral Esquerdo,LAT,24.0,3019,88.6,1.0973,0.3319,False,2025,2025,L. Esquivel,Athletico Paranaense,Brasil B,Lateral Esquerdo,24.0,2042,100.0,1.9238,0.3772,False,1,11.400000000000006
2023,2023,L. Segovia,l segovia,RWD Molenbeek,Belgica A,Zagueiro - Esquerda,ZAG,26.0,1125,65.2,0.4899,0.3861,False,2024,2024,L. Segovia,CRB,Brasil B,Zagueiro - Esquerda,28.0,1229,92.3,0.9907,0.3837,False,1,27.099999999999994
2024,2024,L. Segovia,l segovia,RWD Molenbeek,Belgica A,Zagueiro - Esquerda,ZAG,26.0,1135,80.6,0.864,0.5441,False,2025,2025,L. Segovia,CRB,Brasil B,Zagueiro - Esquerda,28.0,2047,82.5,0.7351,0.416,False,1,1.9000000000000057
2023,2023,Lelê,lele,Fluminense,Brasil A,Atacante,ATA,28.0,1351,31.9,-0.5811,0.7449,False,2025,2025,Lelê,Atlético GO,Brasil B,Atacante,28.0,1559,53.7,0.052,0.4755,False,2,21.800000000000004
2024,2024,Léo,leo,Vasco da Gama,Brasil A,Zagueiro - Esquerda,ZAG,30.0,3034,19.6,-0.7216,0.553,True,2025,2025,Léo,Athletico Paranaense,Brasil B,Zagueiro - Esquerda,30.0,2411,85.0,0.8143,0.4095,True,1,65.4
2024,2024,Léo Coelho,leo coelho,Peñarol,Uruguai,Zagueiro - Direita,ZAG,33.0,1910,97.6,2.3686,0.7439,False,2025,2025,Léo Coelho,Amazonas,Brasil B,Zagueiro - Esquerda,33.0,1315,30.0,-0.6423,0.4338,False,1,-67.6
2022,2022,Léo Gamalho,leo gamalho,Coritiba,Brasil A,Atacante,ATA,40.0,1828,61.5,0.2326,0.5006,False,2023,2023,Léo Gamalho,Vitória,Brasil B,Atacante,37.0,1769,100.0,2.0336,0.6316,False,1,38.5
2024,2024,Léo Naldi,leo naldi,Vitória,Brasil A,Medio,MED,24.0,1255,4.9,-2.0562,0.4393,False,2025,2025,Léo Naldi,Criciúma,Brasil B,Medio,24.0,1904,3.1,-1.6886,0.3565,False,1,-1.8000000000000003
2025,2025,Lucas Gazal,lucas gazal,Shandong Taishan,China,Zagueiro - Direita,ZAG,26.0,1752,57.1,0.123,0.5136,False,jun26,2026,Lucas Gazal,Fortaleza,Brasil B,Zagueiro - Esquerda,26.0,919,70.0,0.7355,0.3404,False,1,12.899999999999999
2024,2024,Lucas Rodrigues,lucas rodrigues,Ferroviária,Brasil C,Lateral Direito,LAT,26.0,1619,28.9,-0.6745,0.4983,False,2025,2025,Lucas Rodrigues,Ferroviária,Brasil B,Lateral Direito,26.0,3319,77.3,0.8858,0.5118,False,1,48.4
2022,2022,Luiz Felipe,luiz felipe,Santos,Brasil A,Zagueiro - Direita,ZAG,32.0,1083,20.4,-0.5516,0.4717,False,2023,2023,Luiz Felipe,Atlético GO,Brasil B,Zagueiro - Direita,30.0,1675,88.9,1.4013,0.4218,False,1,68.5
2022,2022,Luiz Fernando,luiz fernando,Atlético GO,Brasil A,Extremo - Esquerda,EXT,29.0,1889,9.1,-1.1509,0.4311,False,2023,2023,Luiz Fernando,Atlético GO,Brasil B,Extremo - Esquerda,27.0,2849,86.2,1.2154,0.6313,False,1,77.10000000000001
2024,2024,Luiz Fernando,luiz fernando,Atlético GO,Brasil A,Extremo - Esquerda,EXT,29.0,2861,39.1,-0.244,0.513,False,2025,2025,Luiz Fernando,Athletico Paranaense,Brasil B,Extremo - Esquerda,29.0,2040,91.9,1.5494,0.3901,False,1,52.800000000000004
2022,2022,Luiz Henrique,luiz henrique,Fluminense,Brasil A,Extremo - Direita,EXT,25.0,1156,72.1,0.6097,0.4454,False,2023,2023,Luiz Henrique,Botafogo SP,Brasil B,Extremo - Esquerda,24.0,1614,3.4,-2.3884,0.6768,False,1,-68.69999999999999
2024,2024,Luizão,luizao,Radomiak Radom,Polonia,Volante,VOL,26.0,1679,47.2,-0.1341,0.8225,False,2025,2025,Luizão,Atlético GO,Brasil B,Volante,28.0,2159,87.5,1.5212,0.3475,False,1,40.3
2024,2024,Maicon,maicon,Vasco da Gama,Brasil A,Zagueiro - Direita,ZAG,37.0,2632,76.6,0.6745,0.5812,False,2025,2025,Maicon,Coritiba,Brasil B,Zagueiro - Direita,37.0,3021,38.0,-0.2568,0.4377,False,1,-38.599999999999994
2022,2022,Marcão,marcao,Cuiabá,Brasil A,Medio,MED,35.0,1448,3.5,-2.0915,0.3712,False,2024,2024,Marcão,Goiás,Brasil B,Medio,35.0,3060,12.9,-0.8206,0.3175,False,2,9.4
2024,2024,Marcelinho,marcelinho,Ferroviário,Brasil C,Extremo - Direita,EXT,29.0,1409,96.5,1.6882,0.5666,False,2025,2025,Marcelinho,Atlético GO,Brasil B,Extremo - Esquerda,23.0,1150,81.1,0.8765,0.4183,False,1,-15.400000000000006
2024,2024,Marcelo Hermes,marcelo hermes,Criciúma,Brasil A,Lateral Esquerdo,LAT,31.0,3593,20.5,-0.9912,0.3236,False,2025,2025,Marcelo Hermes,Criciúma,Brasil B,Lateral Esquerdo,31.0,1210,86.0,1.0525,0.3988,False,1,65.5
2025,2025,Marcelo Hermes,marcelo hermes,Juventude,Brasil A,Lateral Esquerdo,LAT,31.0,2058,56.1,0.1388,0.3965,False,jun26,2026,Marcelo Hermes,Criciúma,Brasil B,Lateral Esquerdo,31.0,1107,16.7,-1.0436,0.5381,False,1,-39.400000000000006
2023,2023,Marcinho,marcinho,Kawasaki Frontale,Japao A,Extremo - Esquerda,EXT,28.0,1178,91.9,1.6075,0.5048,False,2024,2024,Marcinho,Chapecoense,Brasil B,Extremo - Esquerda,31.0,2702,40.0,-0.2277,0.4755,False,1,-51.900000000000006
2023,2023,Mariano,mariano,Atlético Mineiro,Brasil A,Lateral Direito,LAT,39.0,1780,43.2,-0.0667,0.3548,False,2025,2025,Mariano,América Mineiro,Brasil B,Lateral Direito,39.0,1623,100.0,3.2718,0.5671,False,2,56.8
2023,2023,Mário Sérgio,mario sergio,Paysandu,Brasil C,Atacante,ATA,28.0,2049,94.4,0.9318,0.488,False,2024,2024,Mário Sérgio,Chapecoense,Brasil B,Atacante,30.0,2212,60.5,0.3711,0.6614,False,1,-33.900000000000006
2021,2021,Marlon,marlon,Ceará,Brasil A,Medio,MED,36.0,1608,15.2,-0.9298,0.416,False,2023,2023,Marlon,Grêmio Novorizontino,Brasil B,Medio,33.0,2799,90.5,1.8884,0.3041,False,2,75.3
2023,2023,Marlon,marlon,Cruzeiro,Brasil A,Lateral Esquerdo,LAT,29.0,3648,59.5,0.1397,0.3473,False,2024,2024,Marlon,América Mineiro,Brasil B,Lateral Esquerdo,32.0,2798,93.5,2.8077,0.4234,False,1,34.0
2024,2024,Marlon,marlon,Cruzeiro,Brasil A,Lateral Esquerdo,LAT,29.0,2440,63.6,0.3861,0.3425,False,2025,2025,Marlon,América Mineiro,Brasil B,Lateral Esquerdo,32.0,1689,78.0,0.7859,0.3869,False,1,14.399999999999999
2024,2024,Marquinho,marquinho,Academico Viseu,Portugal B,Meia,MEI,21.0,1213,31.2,-0.6442,0.3948,False,2025,2025,Marquinho,Botafogo SP,Brasil B,Meia,24.0,1504,38.1,-0.4146,0.3647,False,1,6.900000000000002
2024,2024,Marquinhos Gabriel,marquinhos gabriel,Criciúma,Brasil A,Extremo - Direita,EXT,35.0,1162,35.9,-0.5429,0.5312,False,2025,2025,Marquinhos Gabriel,Avaí,Brasil B,Extremo - Esquerda,35.0,3629,83.8,1.2105,0.3635,False,1,47.9
2023,2023,Matheus Costa,matheus costa,Marítimo,Portugal B,Zagueiro - Direita,ZAG,28.0,1218,100.0,1.8781,0.3348,False,2024,2024,Matheus Costa,Botafogo SP,Brasil B,Zagueiro - Direita,31.0,1775,17.6,-1.0158,0.4893,False,1,-82.4
2022,2022,Matheus Felipe,matheus felipe,Athletico Paranaense,Brasil A,Zagueiro - Direita,ZAG,27.0,1960,53.7,0.0316,0.4402,False,2024,2024,Matheus Felipe,Ceará,Brasil B,Zagueiro - Direita,27.0,1983,13.7,-1.1949,0.484,False,2,-40.0
2021,2021,Matheus Ribeiro,matheus ribeiro,Chapecoense,Brasil A,Lateral Direito,LAT,33.0,3141,6.7,-1.6148,0.4813,False,2023,2023,Matheus Ribeiro,CRB,Brasil B,Lateral Direito,30.0,2522,69.4,0.6525,0.5513,False,2,62.7
2023,2023,Matheus Salustiano,matheus salustiano,São Bernardo FC,Brasil C,Zagueiro - Direita,ZAG,30.0,2008,9.4,-1.2379,0.5068,False,2024,2024,Matheus Salustiano,Guarani,Brasil B,Zagueiro - Esquerda,33.0,2588,2.6,-1.5173,0.3592,False,1,-6.800000000000001
2025,2025,Miraíma,miraima,São Bernardo FC,Brasil C,Medio,MED,26.0,1249,92.4,2.0101,0.3263,False,jun26,2026,Miraíma,São Bernardo FC,Brasil B,Medio,25.0,920,94.1,2.6793,0.7781,False,1,1.6999999999999886
2024,2024,MV,mv,Volta Redonda,Brasil C,Extremo - Esquerda,EXT,27.0,2119,91.1,1.3552,0.5544,False,2025,2025,MV,Volta Redonda,Brasil B,Extremo - Esquerda,27.0,1757,40.5,-0.321,0.4003,False,1,-50.599999999999994
2022,2022,Natanael,natanael,Coritiba,Brasil A,Lateral Direito,LAT,24.0,1594,36.4,-0.1804,0.3376,False,2023,2023,Natanael,Avaí,Brasil B,Lateral Esquerdo,32.0,2767,60.5,0.2432,0.4029,False,1,24.1
2023,2023,Natanael,natanael,Coritiba,Brasil A,Lateral Direito,LAT,24.0,2804,56.8,0.1074,0.3328,False,2024,2024,Natanael,Coritiba,Brasil B,Lateral Direito,24.0,3443,59.6,0.2076,0.4061,False,1,2.8000000000000043
2024,2024,Nathan,nathan,Famalicão,Portugal A,Lateral Direito,LAT,22.0,1394,51.2,0.0,0.5224,False,2025,2025,Nathan,Remo,Brasil B,Lateral Direito,24.0,1029,59.1,0.202,0.5931,False,1,7.899999999999999
2023,2023,Netinho,netinho,Botafogo PB,Brasil C,Medio,MED,25.0,1360,71.4,1.0162,0.2591,False,2025,2025,Netinho,Ferroviária,Brasil B,Medio,28.0,2462,87.7,1.9161,0.3359,False,2,16.299999999999997
2021,2021,Pará,para,Santos,Brasil A,Lateral Direito,LAT,40.0,1393,33.3,-0.3778,0.5301,False,2023,2023,Pará,Sampaio Corrêa,Brasil B,Lateral Esquerdo,36.0,1211,68.4,0.5065,0.4496,False,2,35.10000000000001
2025,2025,Pará,para,São Bernardo FC,Brasil C,Lateral Esquerdo,LAT,30.0,2095,95.1,2.115,0.4487,False,jun26,2026,Pará,São Bernardo FC,Brasil B,Lateral Esquerdo,30.0,1120,6.7,-1.6417,0.5406,False,1,-88.39999999999999
2023,2023,Paulinho,paulinho,Vasco da Gama,Brasil A,Medio,MED,29.0,1575,79.7,0.6745,0.299,False,2024,2024,Paulinho,Brusque,Brasil B,Medio,27.0,946,21.0,-0.5632,0.3691,False,1,-58.7
2024,2024,Paulinho,paulinho,Atlético CP,Portugal C,Lateral Direito,LAT,31.0,1648,31.1,-0.6972,0.4133,False,2025,2025,Paulinho,América Mineiro,Brasil B,Lateral Esquerdo,21.0,2020,32.0,-0.4442,0.3797,False,1,0.8999999999999986
2021,2021,Paulinho Moccelin,paulinho moccelin,Sport Recife,Brasil A,Extremo - Esquerda,EXT,32.0,1915,86.5,0.8458,0.4726,False,2023,2023,Paulinho Moccelin,Londrina,Brasil B,Extremo - Esquerda,29.0,2726,10.3,-1.5454,0.6329,False,2,-76.2
2021,2021,Paulo Victor,paulo victor,Internacional,Brasil A,Lateral Esquerdo,LAT,25.0,984,8.7,-1.2589,0.5323,False,2023,2023,Paulo Victor,Ceará,Brasil B,Lateral Esquerdo,22.0,1293,21.1,-0.7124,0.4468,False,2,12.400000000000002
2024,2024,Pedrinho,pedrinho,CSKA 1948 Sofia,Bulgaria,Extremo - Esquerda,EXT,27.0,1621,86.5,2.183,0.3899,False,2025,2025,Pedrinho,Goiás,Brasil B,Extremo - Esquerda,22.0,1624,13.5,-0.8546,0.4067,False,1,-73.0
2024,2024,Pedro Castro,pedro castro,Avaí,Emirados,Medio,MED,31.0,992,24.1,-0.8344,0.3314,False,2025,2025,Pedro Castro,Remo,Brasil B,Medio,33.0,1692,26.2,-0.3614,0.3628,False,1,2.099999999999998
2024,2024,Pierre,pierre,Tombense,Brasil C,Medio,MED,24.0,1172,74.6,0.7869,0.2808,False,2025,2025,Pierre,Volta Redonda,Brasil B,Medio,24.0,1809,83.1,1.5942,0.3584,False,1,8.5
2024,2024,R. Carrillo,r carrillo,Portimonense,Portugal A,Atacante,ATA,27.0,1172,4.3,-1.7788,0.6254,False,2025,2025,R. Carrillo,Botafogo SP,Brasil B,Atacante,29.0,987,74.6,0.81,0.4992,False,1,70.3
2022,2022,R. Lindoso,r lindoso,Ceará,Brasil A,Volante,VOL,37.0,957,45.7,-0.0533,0.3309,False,2024,2024,R. Lindoso,Operário PR,Brasil B,Volante,37.0,1095,7.5,-1.1161,0.6209,False,2,-38.2
2022,2022,Rafael Ramos,rafael ramos,Corinthians,Brasil A,Lateral Direito,LAT,31.0,1392,6.8,-0.8855,0.3417,False,2024,2024,Rafael Ramos,Ceará,Brasil B,Lateral Direito,31.0,2678,8.5,-1.0656,0.4274,False,2,1.7000000000000002
2023,2023,Rafael Tavares,rafael tavares,Amazonas,Brasil C,Meia,MEI,32.0,1181,75.0,0.7727,0.5612,False,2024,2024,Rafael Tavares,Amazonas,Brasil B,Meia,35.0,1528,35.3,-0.4161,0.5939,False,1,-39.7
2021,2021,Rafael Thyere,rafael thyere,Sport Recife,Brasil A,Zagueiro - Direita,ZAG,33.0,3035,31.9,-0.537,0.5494,False,2023,2023,Rafael Thyere,Sport Recife,Brasil B,Zagueiro - Direita,30.0,3114,91.7,1.5004,0.3776,False,2,59.800000000000004
2022,2022,Rafael Vaz,rafael vaz,Avaí,Brasil A,Zagueiro - Esquerda,ZAG,37.0,1536,88.6,1.3611,0.3874,False,2023,2023,Rafael Vaz,Londrina,Brasil B,Zagueiro - Esquerda,35.0,1734,38.2,-0.1972,0.4067,False,1,-50.39999999999999
2023,2023,Raphael,raphael,Radomiak Radom,Polonia,Zagueiro - Direita,ZAG,33.0,1181,84.4,1.2119,0.4109,False,2024,2024,Raphael,Botafogo SP,Brasil B,Zagueiro - Direita,27.0,959,37.3,-0.4572,0.5148,False,1,-47.10000000000001
2024,2024,Raul,raul,Red Bull Bragantino,Brasil A,Volante,VOL,29.0,1483,43.3,-0.2358,0.5096,False,2025,2025,Raul,Athletico Paranaense,Brasil B,Volante,29.0,995,20.0,-0.6463,0.3807,False,1,-23.299999999999997
2023,2023,Renan Castro,renan castro,Amazonas,Brasil C,Lateral Esquerdo,LAT,28.0,1450,57.7,0.0205,0.3445,False,2024,2024,Renan Castro,Amazonas,Brasil B,Lateral Esquerdo,30.0,1120,89.1,1.9661,0.4748,False,1,31.39999999999999
2023,2023,Robinho,robinho,Paysandu,Brasil C,Meia,MEI,35.0,1230,100.0,2.2809,0.5571,False,2024,2024,Robinho,Paysandu,Brasil B,Meia,38.0,1183,58.8,0.5724,0.5963,False,1,-41.2
2024,2024,Robinho,robinho,Volta Redonda,Brasil C,Medio,MED,23.0,2282,83.6,1.305,0.2565,False,2025,2025,Robinho,Volta Redonda,Brasil B,Medio,23.0,1163,80.0,1.1775,0.3755,False,1,-3.5999999999999943
2022,2022,Robson,robson,Fortaleza,Brasil A,Atacante,ATA,35.0,1605,78.5,0.6752,0.5014,False,2024,2024,Robson,Coritiba,Brasil B,Atacante,35.0,1445,86.4,1.8542,0.685,False,2,7.900000000000006
2024,2024,Rodrigo,rodrigo,Criciúma,Brasil A,Zagueiro - Direita,ZAG,39.0,3267,95.7,2.5953,0.5639,False,2025,2025,Rodrigo,Criciúma,Brasil B,Zagueiro - Direita,39.0,3611,86.0,1.5475,0.4217,False,1,-9.700000000000003
2025,2025,Rodrigo Sam,rodrigo sam,Juventude,Brasil A,Zagueiro - Direita,ZAG,30.0,1632,41.4,-0.1317,0.5647,False,jun26,2026,Rodrigo Sam,Juventude,Brasil B,Zagueiro - Direita,30.0,973,43.2,-0.1164,0.389,False,1,1.8000000000000043
2023,2023,Rodriguinho,rodriguinho,Remo,Brasil C,Extremo - Esquerda,EXT,35.0,1108,84.2,1.3475,0.9203,False,2024,2024,Rodriguinho,América Mineiro,Brasil B,Extremo - Esquerda,23.0,1183,90.0,1.9142,0.519,False,1,5.799999999999997
2022,2022,Rômulo,romulo,Athletico Paranaense,Brasil A,Extremo - Direita,EXT,24.0,1326,2.3,-2.5725,0.4324,False,2023,2023,Rômulo,Grêmio Novorizontino,Brasil B,Extremo - Esquerda,22.0,1654,41.4,-0.0608,0.6699,False,1,39.1
2023,2023,Rômulo,romulo,Internacional,Brasil A,Volante,VOL,26.0,1386,56.5,0.1555,0.3027,False,2024,2024,Rômulo,CRB,Brasil B,Volante,30.0,1056,22.5,-0.7138,0.6137,False,1,-34.0
2024,2024,Ronaldo Alves,ronaldo alves,Ferroviária,Brasil C,Zagueiro - Esquerda,ZAG,36.0,1434,27.9,-1.0706,0.5249,False,2025,2025,Ronaldo Alves,Ferroviária,Brasil B,Zagueiro - Esquerda,36.0,2865,2.5,-1.9564,0.3996,False,1,-25.4
2024,2024,Ronaldo Tavares,ronaldo tavares,Estrela Amadora,Portugal A,Atacante,ATA,26.0,1143,59.4,0.1878,0.6253,False,2025,2025,Ronaldo Tavares,Athletic Club,Brasil B,Atacante,28.0,2037,94.0,2.7785,0.4606,False,1,34.6
2024,2024,Ruan,ruan,Dallas,EUA,Lateral Direito,LAT,31.0,2672,56.1,0.2519,0.3146,False,2025,2025,Ruan,Atlético GO,Brasil B,Lateral Direito,31.0,1040,36.4,-0.2837,0.595,False,1,-19.700000000000003
2023,2023,S. Mendoza,s mendoza,Santos,Brasil A,Extremo - Esquerda,EXT,33.0,1906,61.4,0.1165,0.5218,False,2025,2025,S. Mendoza,Athletico Paranaense,Brasil B,Extremo - Direita,33.0,1612,85.7,0.8536,0.3661,False,2,24.300000000000004
2021,2021,Sabino,sabino,Sport Recife,Brasil A,Zagueiro - Esquerda,ZAG,29.0,3485,31.6,-0.6863,0.7355,False,2023,2023,Sabino,Sport Recife,Brasil B,Zagueiro - Esquerda,27.0,2952,100.0,4.0,0.3575,False,2,68.4
2024,2024,Sánchez,sanchez,Volta Redonda,Brasil C,Lateral Esquerdo,LAT,30.0,1496,13.6,-0.8019,0.3069,False,2025,2025,Sánchez,Volta Redonda,Brasil B,Lateral Esquerdo,30.0,2714,82.0,0.9131,0.3616,False,1,68.4
2023,2023,Sassá,sassa,Amazonas,Brasil C,Atacante,ATA,29.0,1992,100.0,1.6819,0.4983,False,2024,2024,Sassá,Amazonas,Brasil B,Atacante,32.0,1612,28.4,-0.4411,0.6856,False,1,-71.6
2023,2023,Sávio,savio,Operário PR,Brasil C,Lateral Direito,LAT,27.0,1607,63.0,0.1447,0.4823,False,2025,2025,Sávio,Remo,Brasil B,Lateral Esquerdo,31.0,2066,94.0,1.437,0.3772,False,2,31.0
2023,2023,Sidimar,sidimar,Goiás,Brasil A,Zagueiro - Direita,ZAG,33.0,1181,45.3,-0.0472,0.5978,False,2025,2025,Sidimar,Athletic Club,Brasil B,Zagueiro - Esquerda,33.0,3401,57.5,0.0999,0.3904,False,2,12.200000000000003
2023,2023,Thalisson,thalisson,Coritiba,Brasil A,Zagueiro - Direita,ZAG,24.0,1062,11.3,-1.2141,0.6066,False,2024,2024,Thalisson,Coritiba,Brasil B,Zagueiro - Direita,24.0,1033,11.8,-1.2105,0.5121,False,1,0.5
2024,2024,Thalisson,thalisson,Universitatea Cluj,Romenia,Zagueiro - Esquerda,ZAG,27.0,1789,26.3,-0.62,0.465,False,2025,2025,Thalisson,Paysandu,Brasil B,Zagueiro - Direita,24.0,2039,40.0,-0.207,0.4586,False,1,13.7
2023,2023,Thiago Galhardo,thiago galhardo,Fortaleza,Brasil A,Atacante,ATA,36.0,2131,15.9,-1.1194,0.7017,False,2024,2024,Thiago Galhardo,Goiás,Brasil B,Atacante,36.0,1818,85.2,1.6453,0.672,False,1,69.3
2024,2024,Thiago Heleno,thiago heleno,Athletico Paranaense,Brasil A,Zagueiro - Esquerda,ZAG,37.0,2548,37.0,-0.3303,0.5641,False,2025,2025,Thiago Heleno,Paysandu,Brasil B,Zagueiro - Esquerda,37.0,958,65.0,0.4399,0.4474,False,1,28.0
2024,2024,Thiaguinho,thiaguinho,Manama,Bahrain,Extremo - Esquerda,EXT,26.0,935,68.9,0.5923,0.6203,False,2025,2025,Thiaguinho,CRB,Brasil B,Extremo - Direita,25.0,2730,61.2,0.062,0.3415,False,1,-7.700000000000003
2024,2024,Titi,titi,Fortaleza,Brasil A,Zagueiro - Esquerda,ZAG,38.0,2270,2.2,-2.389,0.5721,False,2025,2025,Titi,Goiás,Brasil B,Zagueiro - Esquerda,38.0,1414,60.0,0.1405,0.4316,False,1,57.8
2025,2025,Tito,tito,Maringá,Brasil C,Zagueiro - Direita,ZAG,25.0,1407,85.1,1.019,0.9001,False,jun26,2026,Tito,Atlético GO,Brasil B,Zagueiro - Direita,25.0,1104,2.7,-1.7388,0.3903,False,1,-82.39999999999999
2025,2025,Vinícius,vinicius,Náutico,Brasil C,Extremo - Esquerda,EXT,32.0,1543,91.8,2.1034,0.4862,False,jun26,2026,Vinícius,Náutico,Brasil B,Extremo - Direita,32.0,1070,100.0,4.0,0.4769,False,1,8.200000000000003
2025,2025,Vinicius Diniz,vinicius diniz,Imabari,Japao B,Volante,VOL,26.0,2016,66.7,0.4222,0.5727,False,jun26,2026,Vinicius Diniz,Operário PR,Brasil B,Volante,26.0,919,22.2,-0.9393,0.4255,False,1,-44.5
2024,2024,Vitinho,vitinho,Atlético de San Luis,Mexico,Extremo - Direita,EXT,22.0,1846,93.6,2.204,0.5687,False,2025,2025,Vitinho,Volta Redonda,Brasil B,Extremo - Direita,25.0,1448,63.3,0.0862,0.3726,False,1,-30.299999999999997
2023,2023,W. Clar,w clar,Tacuary,Paraguai,Lateral Esquerdo,LAT,29.0,2683,91.3,1.0474,0.2095,False,2025,2025,W. Clar,Chapecoense,Brasil B,Lateral Esquerdo,31.0,3795,42.0,-0.1578,0.3446,False,2,-49.3
2021,2021,Wagner Leonardo,wagner leonardo,Santos,Brasil A,Zagueiro - Esquerda,ZAG,26.0,1119,84.2,0.8015,0.842,False,2023,2023,Wagner Leonardo,Vitória,Brasil B,Zagueiro - Esquerda,24.0,3546,94.1,2.0286,0.3616,False,2,9.899999999999991
2024,2024,Walisson Maia,walisson maia,Criciúma,Brasil A,Zagueiro - Esquerda,ZAG,34.0,1100,17.4,-0.7916,0.6111,False,2025,2025,Walisson Maia,Vila Nova,Brasil B,Zagueiro - Esquerda,34.0,1179,5.0,-1.7561,0.4395,False,1,-12.399999999999999
2023,2023,Wallace,wallace,Brusque,Brasil C,Zagueiro - Esquerda,ZAG,35.0,2034,45.8,-0.2424,0.4119,False,2024,2024,Wallace,Brusque,Brasil B,Zagueiro - Esquerda,38.0,3333,5.1,-1.4471,0.3469,False,1,-40.699999999999996
2023,2023,Wanderson,wanderson,Paysandu,Brasil C,Zagueiro - Direita,ZAG,28.0,1456,68.8,0.7462,0.5326,False,2024,2024,Wanderson,Paysandu,Brasil B,Zagueiro - Direita,31.0,2135,41.2,-0.3456,0.4796,False,1,-27.599999999999994
2024,2024,Welinton Torrão,welinton torrao,Athletic Club,Brasil C,Extremo - Direita,EXT,26.0,1252,98.2,1.7624,0.5725,False,2025,2025,Welinton Torrão,Athletic Club,Brasil B,Extremo - Direita,26.0,2366,91.8,1.1969,0.3521,False,1,-6.400000000000006
2023,2023,Wellington Silva,wellington silva,Cuiabá,Brasil A,Extremo - Esquerda,EXT,33.0,1545,4.5,-1.5508,0.5355,False,2024,2024,Wellington Silva,Sport Recife,Brasil B,Extremo - Esquerda,33.0,1041,27.5,-0.6571,0.5261,False,1,23.0
2024,2024,Wellington Silva,wellington silva,Volta Redonda,Brasil C,Lateral Direito,LAT,38.0,2107,8.9,-1.4359,0.4851,False,2025,2025,Wellington Silva,Volta Redonda,Brasil B,Lateral Direito,38.0,1282,75.0,0.6859,0.5819,False,1,66.1
2024,2024,Willean Lepo,willean lepo,Vitória,Brasil A,Lateral Direito,LAT,29.0,2052,60.5,0.3029,0.3198,False,2025,2025,Willean Lepo,Goiás,Brasil B,Lateral Esquerdo,29.0,2962,90.0,1.2625,0.3586,False,1,29.5
2023,2023,Willian Machado,willian machado,Operário PR,Brasil C,Zagueiro - Esquerda,ZAG,26.0,2066,87.5,1.1504,0.4113,False,2024,2024,Willian Machado,Operário PR,Brasil B,Zagueiro - Esquerda,29.0,3431,82.1,0.7855,0.3444,False,1,-5.400000000000006
2022,2022,Willian Maranhão,willian maranhao,Atlético GO,Brasil A,Volante,VOL,30.0,1646,6.5,-1.05,0.3075,False,2023,2023,Willian Maranhão,Ceará,Brasil B,Volante,27.0,1575,23.3,-0.6949,0.3282,False,1,16.8
2023,2023,Y. Quintana,y quintana,Defensor Sporting,Uruguai,Zagueiro - Direita,ZAG,27.0,1152,71.1,0.3853,0.5085,False,2024,2024,Y. Quintana,Paysandu,Brasil B,Zagueiro - Direita,30.0,2143,52.9,0.0392,0.4792,False,1,-18.199999999999996
2021,2021,Ytalo,ytalo,Red Bull Bragantino,Brasil A,Atacante,ATA,38.0,2444,35.4,-0.306,0.481,False,2023,2023,Ytalo,Sampaio Corrêa,Brasil B,Atacante,35.0,2665,51.0,0.0,0.6118,False,2,15.600000000000001
2024,2024,Yuri,yuri,Athletic Club,Brasil C,Lateral Esquerdo,LAT,30.0,1853,97.7,1.6844,0.2979,False,2025,2025,Yuri,Athletic Club,Brasil B,Lateral Esquerdo,30.0,1751,88.0,1.1618,0.3853,False,1,-9.700000000000003
2023,2023,Zé Gabriel,ze gabriel,Vasco da Gama,Brasil A,Volante,VOL,27.0,2191,32.6,-0.497,0.2831,False,2024,2024,Zé Gabriel,Coritiba,Brasil B,Volante,27.0,1293,92.5,1.3489,0.6106,False,1,59.9
2023,2023,Zé Mário,ze mario,Botafogo PB,Brasil C,Lateral Esquerdo,LAT,31.0,2072,69.2,0.7363,0.3293,False,2025,2025,Zé Mário,Ferroviária,Brasil B,Lateral Esquerdo,34.0,1406,76.0,0.7717,0.3935,False,2,6.799999999999997
2023,2023,Zé Ricardo,ze ricardo,Goiás,Brasil A,Medio,MED,27.0,1199,40.7,-0.3538,0.3086,False,2024,2024,Zé Ricardo,Avaí,Brasil B,Medio,30.0,1993,75.8,0.8577,0.3389,False,1,35.099999999999994
2021,2021,Zé Roberto,ze roberto,Atlético GO,Brasil A,Atacante,ATA,32.0,2246,3.7,-2.2992,0.4775,False,2023,2023,Zé Roberto,Mirassol,Brasil B,Atacante,30.0,1484,95.9,1.6643,0.6407,False,2,92.2
