temporada,clube_ogol,lado,jogos,gols,faixa_0_15,faixa_15_30,faixa_30_45,faixa_45mais,faixa_45_60,faixa_60_75,faixa_75_90,faixa_90mais,primeiro_tempo,segundo_tempo
2018,Londrina,marcados,38,45,10,4,4,4,7,10,5,1,22,23
2018,Fortaleza,marcados,38,54,6,7,7,0,8,12,9,5,20,34
2018,CSA,marcados,38,51,4,7,12,0,9,5,10,4,23,28
2018,Ponte Preta,marcados,38,42,7,6,12,0,7,6,4,0,25,17
2018,Juventude,marcados,38,27,3,2,6,3,2,1,8,2,14,13
2018,CRB,marcados,38,35,8,1,4,0,3,8,8,3,13,22
2018,Avaí,marcados,38,50,8,5,10,2,5,8,10,2,25,25
2018,Coritiba,marcados,38,40,7,4,6,1,9,5,6,2,18,22
2018,Figueirense,marcados,38,48,15,10,4,1,7,3,7,1,30,18
2018,São Bento,marcados,38,41,7,3,6,1,6,10,7,1,17,24
2018,Boa Esporte,marcados,38,26,5,4,1,0,3,3,6,4,10,16
2018,Vila Nova,marcados,38,41,4,5,3,3,6,7,9,4,15,26
2018,Atlético Goianiense,marcados,38,57,10,6,4,2,10,8,12,5,22,35
2018,GE Brasil,marcados,38,36,3,6,6,1,4,8,7,1,16,20
2018,Criciúma,marcados,38,45,6,11,6,2,5,2,7,6,25,20
2018,Paysandu,marcados,38,42,8,7,7,0,5,4,5,6,22,20
2018,Goiás,marcados,38,54,3,6,11,2,3,12,9,8,22,32
2018,Sampaio Corrêa,marcados,38,32,4,9,4,3,3,4,4,1,20,12
2018,Guarani,marcados,38,44,6,4,11,1,7,8,7,0,22,22
2018,Osasco Sporting,marcados,38,36,3,3,10,2,6,6,5,1,18,18
2018,Boa Esporte,sofridos,38,49,10,6,5,2,12,7,7,0,23,26
2018,Avaí,sofridos,38,32,6,3,4,1,4,5,8,1,14,18
2018,Osasco Sporting,sofridos,38,40,5,6,8,1,3,9,4,4,20,20
2018,CRB,sofridos,38,39,7,4,7,1,6,4,7,3,19,20
2018,Paysandu,sofridos,38,53,6,6,12,1,11,7,3,7,25,28
2018,Ponte Preta,sofridos,38,30,6,5,4,0,2,6,3,4,15,15
2018,Atlético Goianiense,sofridos,38,51,10,9,9,1,6,6,6,4,29,22
2018,GE Brasil,sofridos,38,35,2,7,12,3,1,4,5,1,24,11
2018,Figueirense,sofridos,38,51,8,8,8,2,8,9,5,3,26,25
2018,São Bento,sofridos,38,41,7,6,7,1,4,3,11,2,21,20
2018,Vila Nova,sofridos,38,36,3,5,5,1,2,7,11,2,14,22
2018,Criciúma,sofridos,38,49,8,3,9,2,9,7,8,3,22,27
2018,Londrina,sofridos,38,42,8,4,8,1,6,5,8,2,21,21
2018,Juventude,sofridos,38,48,3,7,8,0,5,7,15,3,18,30
2018,Coritiba,sofridos,38,44,7,8,5,2,5,5,11,1,22,22
2018,Goiás,sofridos,38,50,9,5,6,1,6,12,7,4,21,29
2018,Fortaleza,sofridos,38,33,7,3,5,0,4,5,6,3,15,18
2018,Sampaio Corrêa,sofridos,38,47,7,3,4,3,3,11,14,2,17,30
2018,Guarani,sofridos,38,39,3,9,2,2,8,6,3,6,16,23
2018,CSA,sofridos,38,37,5,3,6,3,10,5,3,2,17,20
2019,Londrina,marcados,38,37,3,3,14,0,3,5,9,0,20,17
2019,Osasco Sporting,marcados,38,41,7,6,6,0,2,11,8,1,19,22
2019,Figueirense,marcados,38,31,3,3,4,0,9,5,7,0,10,21
2019,Ponte Preta,marcados,38,41,6,9,8,0,4,8,6,0,23,18
2019,Botafogo-SP,marcados,38,38,4,4,9,0,4,7,9,1,17,21
2019,São Bento,marcados,38,46,5,7,9,0,8,10,7,0,21,25
2019,Red Bull Bragantino,marcados,38,64,7,10,11,0,8,8,19,1,28,36
2019,Operário Ferroviário,marcados,38,32,4,4,6,0,9,7,1,1,14,18
2019,Coritiba,marcados,38,48,9,6,5,0,6,10,12,0,20,28
2019,CRB,marcados,38,44,7,7,9,1,5,7,8,0,24,20
2019,Paraná,marcados,38,34,6,4,8,0,2,8,6,0,18,16
2019,Vila Nova,marcados,38,27,4,4,3,0,3,6,7,0,11,16
2019,Sport,marcados,38,49,3,9,5,0,12,6,14,0,17,32
2019,Cuiabá,marcados,38,40,5,9,5,0,6,6,8,1,19,21
2019,Criciúma,marcados,38,30,6,2,5,0,1,5,11,0,13,17
2019,Vitória,marcados,38,42,1,9,11,0,8,7,6,0,21,21
2019,Atlético Goianiense,marcados,38,44,8,6,10,1,5,6,8,0,25,19
2019,GE Brasil,marcados,38,31,5,3,6,0,2,5,9,1,14,17
2019,América Mineiro,marcados,38,42,5,6,6,0,8,9,8,0,17,25
2019,Guarani,marcados,38,27,4,5,6,0,2,6,3,1,15,12
2019,Vitória,sofridos,38,48,6,6,9,0,9,7,11,0,21,27
2019,Paraná,sofridos,38,33,6,5,5,0,1,4,12,0,16,17
2019,Guarani,sofridos,38,37,6,7,3,0,2,10,9,0,16,21
2019,Botafogo-SP,sofridos,38,38,8,6,6,0,3,6,8,1,20,18
2019,América Mineiro,sofridos,38,34,4,4,3,0,5,10,8,0,11,23
2019,Criciúma,sofridos,38,38,4,4,9,0,4,7,9,1,17,21
2019,Coritiba,sofridos,38,34,7,2,10,0,3,7,5,0,19,15
2019,Ponte Preta,sofridos,38,39,4,7,7,0,7,4,10,0,18,21
2019,Osasco Sporting,sofridos,38,49,8,4,10,2,6,10,9,0,24,25
2019,Sport,sofridos,38,29,4,3,4,0,5,8,5,0,11,18
2019,Londrina,sofridos,38,53,11,8,10,0,9,5,10,0,29,24
2019,Red Bull Bragantino,sofridos,38,27,1,6,2,0,3,6,6,3,9,18
2019,Figueirense,sofridos,38,35,3,6,10,0,5,4,7,0,19,16
2019,CRB,sofridos,38,43,3,5,6,0,9,11,8,1,14,29
2019,Operário Ferroviário,sofridos,38,41,2,9,7,0,4,7,12,0,18,23
2019,Atlético Goianiense,sofridos,38,29,5,3,4,0,4,4,9,0,12,17
2019,São Bento,sofridos,38,54,7,7,12,0,9,9,10,0,26,28
2019,Vila Nova,sofridos,38,40,2,8,9,0,8,6,6,1,19,21
2019,Cuiabá,sofridos,38,40,6,7,9,0,6,4,8,0,22,18
2019,GE Brasil,sofridos,38,47,5,9,11,0,5,13,4,0,25,22
2020,Osasco Sporting,marcados,38,28,3,7,3,1,5,4,1,4,14,14
2020,Juventude,marcados,38,52,2,13,7,1,13,7,7,2,23,29
2020,Cruzeiro,marcados,38,39,8,3,9,2,3,5,9,0,22,17
2020,Operário Ferroviário,marcados,38,40,3,6,5,1,9,6,6,4,15,25
2020,Figueirense,marcados,38,35,5,6,2,2,5,4,10,1,15,20
2020,Ponte Preta,marcados,38,54,5,11,7,1,6,15,8,1,24,30
2020,Paraná,marcados,38,34,5,2,4,2,4,9,8,0,13,21
2020,Botafogo-SP,marcados,38,26,6,2,2,2,3,4,6,1,12,14
2020,CSA,marcados,38,50,6,11,11,2,9,5,5,1,30,20
2020,CRB,marcados,38,48,4,9,3,2,7,9,12,2,18,30
2020,Confiança,marcados,38,38,7,3,7,0,7,5,7,2,17,21
2020,Avaí,marcados,38,45,7,8,6,2,1,5,10,6,23,22
2020,Vitória,marcados,38,45,7,7,4,1,8,7,5,6,19,26
2020,GE Brasil,marcados,38,31,3,7,5,1,5,4,4,2,16,15
2020,Cuiabá,marcados,38,48,4,5,7,0,11,6,10,5,16,32
2020,Náutico,marcados,38,35,4,6,4,1,4,6,9,1,15,20
2020,América Mineiro,marcados,38,43,8,10,7,1,7,1,7,2,26,17
2020,Chapecoense,marcados,38,42,10,3,4,1,5,6,7,6,18,24
2020,Sampaio Corrêa,marcados,38,50,5,8,10,0,10,6,5,6,23,27
2020,Guarani,marcados,38,41,8,9,8,1,5,3,5,2,26,15
2020,Vitória,sofridos,38,45,9,9,6,1,3,4,11,2,25,20
2020,CSA,sofridos,38,37,6,5,7,1,8,5,5,0,19,18
2020,Chapecoense,sofridos,38,21,1,4,1,0,6,2,5,2,6,15
2020,América Mineiro,sofridos,38,23,2,4,3,0,4,4,4,2,9,14
2020,GE Brasil,sofridos,38,33,4,6,3,3,4,6,4,3,16,17
2020,Operário Ferroviário,sofridos,38,34,10,3,4,0,8,3,6,0,17,17
2020,Sampaio Corrêa,sofridos,38,38,6,7,2,2,7,7,7,0,17,21
2020,CRB,sofridos,38,47,4,7,8,2,6,5,13,2,21,26
2020,Guarani,sofridos,38,48,5,11,8,1,5,9,5,4,25,23
2020,Ponte Preta,sofridos,38,49,9,8,7,0,7,6,10,2,24,25
2020,Cruzeiro,sofridos,38,32,7,7,4,0,3,6,3,2,18,14
2020,Cuiabá,sofridos,38,40,4,7,7,0,7,5,7,3,18,22
2020,Avaí,sofridos,38,49,6,6,8,0,13,6,6,4,20,29
2020,Paraná,sofridos,38,50,8,8,6,1,5,14,5,3,23,27
2020,Osasco Sporting,sofridos,38,60,10,6,10,2,8,9,11,4,28,32
2020,Juventude,sofridos,38,42,8,9,5,3,5,3,6,3,25,17
2020,Confiança,sofridos,38,46,4,7,6,2,9,5,8,5,19,27
2020,Botafogo-SP,sofridos,38,39,0,4,7,1,4,9,11,3,12,27
2020,Figueirense,sofridos,38,49,4,11,10,1,5,5,9,4,26,23
2020,Náutico,sofridos,38,42,3,7,3,4,10,4,5,6,17,25
2021,Vasco,marcados,38,43,7,7,4,2,8,6,7,2,20,23
2021,Londrina,marcados,38,31,2,10,4,0,6,4,5,0,16,15
2021,Cruzeiro,marcados,38,42,7,5,6,2,6,8,7,1,20,22
2021,Operário Ferroviário,marcados,38,35,6,4,6,0,4,8,6,1,16,19
2021,GE Brasil,marcados,38,23,6,4,1,1,3,5,1,2,12,11
2021,Confiança,marcados,38,35,4,4,6,2,4,3,8,4,16,19
2021,Vitória,marcados,38,31,7,2,7,2,3,2,7,1,18,13
2021,Goiás,marcados,38,48,7,8,6,1,8,11,7,0,22,26
2021,Botafogo,marcados,38,56,7,6,12,1,7,13,5,5,26,30
2021,Brusque,marcados,38,44,3,4,7,1,9,10,7,3,15,29
2021,Vila Nova,marcados,38,35,7,3,6,2,5,2,6,4,18,17
2021,CRB,marcados,38,47,9,7,4,0,11,6,7,3,20,27
2021,CSA,marcados,38,48,3,9,10,2,7,10,5,2,24,24
2021,Remo,marcados,38,31,5,6,5,0,1,3,7,4,16,15
2021,Coritiba,marcados,38,49,6,6,8,1,12,7,6,3,21,28
2021,Ponte Preta,marcados,38,39,5,4,5,5,5,7,6,2,19,20
2021,Guarani,marcados,38,54,4,9,7,1,13,7,7,6,21,33
2021,Sampaio Corrêa,marcados,38,41,6,4,8,0,5,7,6,5,18,23
2021,Avaí,marcados,38,44,3,4,6,1,7,10,10,3,14,30
2021,Náutico,marcados,38,50,4,10,4,1,12,9,9,1,19,31
2021,Cruzeiro,sofridos,38,44,8,6,11,0,4,7,6,2,25,19
2021,Brusque,sofridos,38,56,8,10,6,1,11,5,11,4,25,31
2021,Coritiba,sofridos,38,35,3,5,5,0,11,6,4,1,13,22
2021,Náutico,sofridos,38,50,7,7,6,3,6,8,6,7,23,27
2021,Sampaio Corrêa,sofridos,38,42,6,4,7,2,6,9,8,0,19,23
2021,Confiança,sofridos,38,48,6,7,8,2,4,11,5,5,23,25
2021,Vitória,sofridos,38,32,5,5,3,1,6,8,2,2,14,18
2021,Remo,sofridos,38,42,5,5,4,1,6,11,8,2,15,27
2021,Vasco,sofridos,38,52,9,10,7,0,8,5,10,3,26,26
2021,Vila Nova,sofridos,38,36,5,4,4,1,10,7,4,1,14,22
2021,Londrina,sofridos,38,41,9,2,9,3,6,5,5,2,23,18
2021,Ponte Preta,sofridos,38,40,3,4,8,1,8,9,4,3,16,24
2021,Botafogo,sofridos,38,31,3,3,1,0,7,8,6,3,7,24
2021,Goiás,sofridos,38,31,1,8,0,1,4,9,6,2,10,21
2021,CSA,sofridos,38,33,8,2,5,1,6,7,4,0,16,17
2021,Avaí,sofridos,38,35,1,4,8,0,7,5,6,4,13,22
2021,CRB,sofridos,38,39,6,9,6,2,6,3,5,2,23,16
2021,Guarani,sofridos,38,41,6,9,4,2,3,6,8,3,21,20
2021,Operário Ferroviário,sofridos,38,46,6,6,5,1,12,2,10,4,18,28
2021,GE Brasil,sofridos,38,52,3,6,15,3,5,7,11,2,27,25
2022,Vasco,marcados,38,48,8,5,10,0,6,5,9,5,23,25
2022,Grêmio,marcados,38,50,9,7,7,4,10,6,6,1,27,23
2022,Sport,marcados,38,37,4,6,5,1,6,6,6,3,16,21
2022,Vila Nova,marcados,38,28,4,2,2,1,5,6,5,3,9,19
2022,Grêmio Novorizontino,marcados,38,44,6,7,5,1,5,9,9,2,19,25
2022,Ituano,marcados,38,42,5,9,6,1,7,1,10,3,21,21
2022,Operário Ferroviário,marcados,38,31,3,6,5,1,2,5,8,1,15,16
2022,Bahia,marcados,38,43,6,5,7,4,5,5,9,2,22,21
2022,Chapecoense,marcados,38,37,7,4,3,1,3,8,5,6,15,22
2022,Náutico,marcados,38,32,4,4,8,0,2,5,7,2,16,16
2022,Brusque,marcados,38,21,0,1,4,1,3,6,5,1,6,15
2022,Tombense,marcados,38,38,4,5,4,3,8,5,6,3,16,22
2022,Londrina,marcados,38,36,3,3,8,1,7,4,6,4,15,21
2022,Sampaio Corrêa,marcados,38,48,5,5,7,3,10,5,8,5,20,28
2022,CRB,marcados,38,35,8,5,6,1,4,5,4,2,20,15
2022,Guarani,marcados,38,33,3,6,4,1,8,4,5,2,14,19
2022,Criciúma,marcados,38,43,4,7,7,3,8,4,8,2,21,22
2022,CSA,marcados,38,29,4,6,8,0,2,3,5,1,18,11
2022,Ponte Preta,marcados,38,34,8,5,2,1,5,5,6,2,16,18
2022,Cruzeiro,marcados,38,57,4,8,6,2,12,7,14,4,20,37
2022,Brusque,sofridos,38,38,5,4,3,3,7,9,6,1,15,23
2022,Náutico,sofridos,38,65,2,11,13,1,7,13,13,5,27,38
2022,Operário Ferroviário,sofridos,38,53,5,4,9,5,7,8,8,7,23,30
2022,Guarani,sofridos,38,36,5,6,4,0,8,2,8,3,15,21
2022,Criciúma,sofridos,38,31,7,1,5,2,4,5,5,2,15,16
2022,Ituano,sofridos,38,34,4,4,2,0,4,7,11,2,10,24
2022,Grêmio Novorizontino,sofridos,38,49,5,9,9,6,6,4,7,3,29,20
2022,Sampaio Corrêa,sofridos,38,42,6,2,8,1,7,3,11,4,17,25
2022,Tombense,sofridos,38,47,7,8,8,0,9,6,7,2,23,24
2022,Cruzeiro,sofridos,38,26,4,5,2,2,6,4,3,0,13,13
2022,Ponte Preta,sofridos,38,36,7,4,5,3,3,5,7,2,19,17
2022,CSA,sofridos,38,37,2,6,4,1,9,3,8,4,13,24
2022,Londrina,sofridos,38,37,6,5,6,0,7,7,3,3,17,20
2022,Grêmio,sofridos,38,26,5,5,2,1,4,2,5,2,13,13
2022,Sport,sofridos,38,31,5,5,4,0,5,3,6,3,14,17
2022,CRB,sofridos,38,43,4,6,10,0,5,3,10,5,20,23
2022,Bahia,sofridos,38,29,1,6,4,1,6,4,5,2,12,17
2022,Vasco,sofridos,38,36,8,6,4,1,5,6,4,2,19,17
2022,Chapecoense,sofridos,38,39,6,4,7,2,5,6,9,0,19,20
2022,Vila Nova,sofridos,38,31,5,5,5,1,4,4,5,2,16,15
2023,Juventude,marcados,38,42,5,4,5,3,8,8,7,2,17,25
2023,Sport,marcados,38,59,6,9,9,5,10,11,5,4,29,30
2023,Sampaio Corrêa,marcados,38,31,6,5,4,2,3,6,3,2,17,14
2023,Criciúma,marcados,38,45,9,7,10,1,5,4,4,5,27,18
2023,Tombense,marcados,38,37,2,1,5,3,2,9,7,8,11,26
2023,ABC,marcados,38,28,3,0,5,1,2,6,5,6,9,19
2023,Chapecoense,marcados,38,38,3,2,4,1,13,7,3,5,10,28
2023,Avaí,marcados,38,31,4,2,7,0,7,3,4,4,13,18
2023,Mirassol,marcados,38,42,7,4,2,6,7,6,6,4,19,23
2023,CRB,marcados,38,45,3,2,8,6,7,6,8,5,19,26
2023,Vila Nova,marcados,38,49,11,4,10,1,8,2,7,6,26,23
2023,Ponte Preta,marcados,38,24,5,4,5,0,1,4,5,0,14,10
2023,Vitória,marcados,38,50,3,6,7,3,5,10,10,6,19,31
2023,Grêmio Novorizontino,marcados,38,48,8,4,7,5,5,9,9,1,24,24
2023,Londrina,marcados,38,31,5,4,7,0,4,3,6,2,16,15
2023,Atlético Goianiense,marcados,38,56,6,7,5,1,9,8,9,11,19,37
2023,Guarani,marcados,38,42,10,5,9,3,4,2,4,5,27,15
2023,Botafogo-SP,marcados,38,25,2,4,4,2,4,4,2,3,12,13
2023,Ceará,marcados,38,40,10,5,10,1,3,3,3,5,26,14
2023,Ituano,marcados,38,33,8,5,4,0,5,6,2,3,17,16
2023,Guarani,sofridos,38,33,7,3,3,0,11,3,2,4,13,20
2023,CRB,sofridos,38,39,4,3,7,1,7,8,4,5,15,24
2023,Avaí,sofridos,38,48,6,6,8,3,6,7,6,6,23,25
2023,Vitória,sofridos,38,31,6,5,1,3,5,3,8,0,15,16
2023,ABC,sofridos,38,51,9,5,6,2,5,7,10,7,22,29
2023,Mirassol,sofridos,38,31,2,3,6,0,5,5,4,6,11,20
2023,Ituano,sofridos,38,38,4,3,10,4,4,5,6,2,21,17
2023,Botafogo-SP,sofridos,38,42,5,4,6,2,9,7,4,5,17,25
2023,Londrina,sofridos,38,58,13,7,7,4,8,10,5,4,31,27
2023,Vila Nova,sofridos,38,30,3,3,6,1,1,4,6,6,13,17
2023,Juventude,sofridos,38,31,2,3,8,1,5,6,2,4,14,17
2023,Ponte Preta,sofridos,38,35,2,4,6,2,2,8,5,6,14,21
2023,Sampaio Corrêa,sofridos,38,43,9,6,8,3,6,2,6,3,26,17
2023,Atlético Goianiense,sofridos,38,45,6,3,4,5,5,7,10,5,18,27
2023,Ceará,sofridos,38,45,6,4,9,3,7,4,6,6,22,23
2023,Tombense,sofridos,38,50,6,7,5,1,12,8,8,3,19,31
2023,Sport,sofridos,38,40,12,5,8,3,1,7,2,2,28,12
2023,Chapecoense,sofridos,38,43,6,4,8,3,3,4,7,8,21,22
2023,Grêmio Novorizontino,sofridos,38,30,2,1,7,3,6,2,5,4,13,17
2023,Criciúma,sofridos,38,33,6,5,4,0,4,10,3,1,15,18
2024,Amazonas FC,marcados,38,31,5,4,4,1,4,8,2,3,14,17
2024,Avaí,marcados,38,34,2,7,8,2,2,5,6,2,19,15
2024,Santos,marcados,38,57,7,12,10,0,8,6,9,5,29,28
2024,Sport,marcados,38,57,6,9,8,2,6,11,12,3,25,32
2024,Chapecoense,marcados,38,34,2,4,5,2,4,7,7,3,13,21
2024,Coritiba,marcados,38,41,5,8,5,4,6,6,5,2,22,19
2024,América Mineiro,marcados,38,50,7,8,8,2,6,7,11,1,25,25
2024,Botafogo-SP,marcados,38,36,3,2,5,2,7,6,5,6,12,24
2024,Ceará,marcados,38,59,5,11,10,2,8,13,7,3,28,31
2024,Paysandu,marcados,38,41,4,6,7,1,9,4,7,3,18,23
2024,Ituano,marcados,38,43,9,4,6,1,6,9,5,3,20,23
2024,Vila Nova,marcados,38,42,3,4,6,1,9,8,6,5,14,28
2024,Guarani,marcados,38,33,3,6,6,4,3,6,4,1,19,14
2024,Ponte Preta,marcados,38,37,3,3,6,1,8,5,4,7,13,24
2024,Mirassol,marcados,38,42,4,9,4,1,4,6,11,3,18,24
2024,Grêmio Novorizontino,marcados,38,43,9,5,5,4,6,3,8,3,23,20
2024,CRB,marcados,38,38,4,6,3,3,6,8,5,3,16,22
2024,Operário Ferroviário,marcados,38,34,3,4,6,0,3,5,7,6,13,21
2024,Goiás,marcados,38,56,9,7,8,2,7,14,4,5,26,30
2024,Brusque,marcados,38,24,4,2,2,0,5,6,3,2,8,16
2024,Sport,sofridos,38,37,8,2,3,2,1,8,8,5,15,22
2024,Brusque,sofridos,38,44,3,5,7,1,8,6,11,3,16,28
2024,Avaí,sofridos,38,32,5,3,4,1,3,8,4,4,13,19
2024,Vila Nova,sofridos,38,54,7,6,9,3,8,4,8,9,25,29
2024,Paysandu,sofridos,38,43,4,6,8,4,7,6,5,3,22,21
2024,Botafogo-SP,sofridos,38,51,6,11,7,2,5,9,8,3,26,25
2024,América Mineiro,sofridos,38,35,8,6,3,0,4,11,2,1,17,18
2024,Goiás,sofridos,38,32,4,2,6,1,3,6,9,1,13,19
2024,Chapecoense,sofridos,38,45,3,6,10,2,6,5,9,4,21,24
2024,Mirassol,sofridos,38,26,5,2,0,2,2,11,2,2,9,17
2024,Guarani,sofridos,38,53,2,13,8,3,9,5,9,4,26,27
2024,Ponte Preta,sofridos,38,55,5,8,13,0,8,10,8,3,26,29
2024,Coritiba,sofridos,38,44,3,5,6,1,10,7,10,2,15,29
2024,Operário Ferroviário,sofridos,38,32,5,8,4,0,4,4,2,5,17,15
2024,Ceará,sofridos,38,41,9,5,5,2,8,3,4,5,21,20
2024,Grêmio Novorizontino,sofridos,38,31,2,1,8,3,4,6,6,1,14,17
2024,Amazonas FC,sofridos,38,37,4,5,5,4,5,7,4,3,18,19
2024,Santos,sofridos,38,32,5,4,2,2,4,8,5,2,13,19
2024,CRB,sofridos,38,45,2,7,7,1,11,6,5,6,17,28
2024,Ituano,sofridos,38,63,7,16,7,1,7,13,9,3,31,32
2025,América Mineiro,marcados,38,41,2,5,7,1,10,4,7,5,15,26
2025,Paysandu,marcados,38,36,3,5,8,1,3,9,6,1,17,19
2025,Athletico Paranaense,marcados,38,53,4,11,6,1,8,8,9,6,22,31
2025,Coritiba,marcados,38,39,3,7,8,3,6,4,7,1,21,18
2025,Remo,marcados,38,51,7,7,6,5,5,7,8,6,25,26
2025,Volta Redonda,marcados,38,26,2,2,1,0,6,2,7,6,5,21
2025,Amazonas FC,marcados,38,38,4,6,4,1,11,3,7,2,15,23
2025,Athletic-MG,marcados,38,43,7,11,2,2,5,5,8,3,22,21
2025,Botafogo-SP,marcados,38,32,4,3,0,1,5,8,8,3,8,24
2025,Avaí,marcados,38,50,7,9,7,3,5,4,12,3,26,24
2025,Goiás,marcados,38,42,7,7,4,1,5,6,9,3,19,23
2025,Ferroviária,marcados,38,43,9,3,7,3,8,5,5,3,22,21
2025,Grêmio Novorizontino,marcados,38,43,5,5,5,2,9,6,7,4,17,26
2025,Chapecoense,marcados,38,52,10,5,7,0,12,6,6,6,22,30
2025,Criciúma,marcados,38,47,9,6,5,5,6,4,9,3,25,22
2025,CRB,marcados,38,45,6,8,6,2,6,8,5,4,22,23
2025,Vila Nova,marcados,38,40,7,6,7,1,6,4,7,2,21,19
2025,Cuiabá,marcados,38,43,7,5,3,2,9,8,8,1,17,26
2025,Operário Ferroviário,marcados,38,40,5,8,6,1,6,6,5,3,20,20
2025,Atlético Goianiense,marcados,38,39,8,1,5,4,3,5,8,5,18,21
2025,Paysandu,sofridos,38,52,4,9,7,2,8,4,14,4,22,30
2025,Atlético Goianiense,sofridos,38,38,4,6,2,3,6,4,11,2,15,23
2025,Vila Nova,sofridos,38,44,4,3,4,3,6,11,11,2,14,30
2025,Athletico Paranaense,sofridos,38,43,5,4,3,4,7,10,8,2,16,27
2025,Operário Ferroviário,sofridos,38,44,7,9,3,3,4,5,11,2,22,22
2025,Volta Redonda,sofridos,38,43,5,13,6,1,4,4,7,3,25,18
2025,Grêmio Novorizontino,sofridos,38,32,4,5,6,1,6,5,5,0,16,16
2025,Chapecoense,sofridos,38,35,3,2,3,2,8,6,7,4,10,25
2025,Cuiabá,sofridos,38,44,8,9,5,0,3,4,8,7,22,22
2025,Ferroviária,sofridos,38,52,7,3,9,2,8,9,8,6,21,31
2025,Criciúma,sofridos,38,33,5,3,5,0,10,4,5,1,13,20
2025,CRB,sofridos,38,40,9,8,6,1,9,2,3,2,24,16
2025,Remo,sofridos,38,39,7,1,3,1,10,7,4,6,12,27
2025,Amazonas FC,sofridos,38,55,8,11,6,4,5,6,6,9,29,26
2025,Avaí,sofridos,38,40,5,7,6,1,7,4,8,2,19,21
2025,Athletic-MG,sofridos,38,53,7,4,6,4,12,7,6,7,21,32
2025,América Mineiro,sofridos,38,44,5,7,9,1,7,6,4,5,22,22
2025,Goiás,sofridos,38,37,8,6,5,1,5,4,6,2,20,17
2025,Botafogo-SP,sofridos,38,52,9,7,6,4,8,5,10,3,26,26
2025,Coritiba,sofridos,38,23,2,3,4,1,1,5,6,1,10,13
2026,América Mineiro,marcados,29,21,2,5,3,1,3,2,3,2,11,10
2026,Náutico,marcados,28,35,2,2,3,3,3,8,11,3,10,25
2026,Juventude,marcados,29,31,2,2,9,0,6,6,3,3,13,18
2026,Ponte Preta,marcados,29,17,1,3,5,3,3,1,0,1,12,5
2026,Ceará,marcados,29,31,2,2,5,2,4,8,8,0,11,20
2026,Avaí,marcados,28,29,1,3,4,1,4,5,4,7,9,20
2026,Vila Nova,marcados,29,41,7,6,7,1,3,12,4,1,21,20
2026,Goiás,marcados,28,28,4,5,4,2,4,3,5,1,15,13
2026,Cuiabá,marcados,28,27,2,3,5,0,1,10,4,2,10,17
2026,Atlético Goianiense,marcados,29,36,4,8,6,1,3,7,5,2,19,17
2026,Fortaleza,marcados,28,31,2,6,5,1,5,2,7,3,14,17
2026,Grêmio Novorizontino,marcados,29,49,5,4,8,3,6,9,8,6,20,29
2026,CRB,marcados,29,42,5,8,7,4,8,3,4,3,24,18
2026,Sport,marcados,29,39,3,5,3,4,7,5,7,5,15,24
2026,São Bernardo,marcados,29,40,4,6,5,0,9,3,10,3,15,25
2026,Operário Ferroviário,marcados,28,39,5,3,7,5,5,5,4,5,20,19
2026,Londrina,marcados,28,38,4,5,5,1,7,3,11,2,15,23
2026,Criciúma,marcados,28,28,7,4,3,1,4,3,3,3,15,13
2026,Botafogo-SP,marcados,29,32,2,6,6,1,7,3,6,1,15,17
2026,Athletic-MG,marcados,29,34,5,4,5,1,4,8,4,3,15,19
2026,Fortaleza,sofridos,28,23,4,2,7,1,5,2,1,1,14,9
2026,Ponte Preta,sofridos,29,62,6,8,11,4,11,6,12,4,29,33
2026,CRB,sofridos,29,41,2,3,10,2,5,7,10,2,17,24
2026,Náutico,sofridos,28,33,6,5,6,1,3,3,6,3,18,15
2026,Operário Ferroviário,sofridos,28,36,5,6,3,1,6,4,7,4,15,21
2026,Goiás,sofridos,28,34,2,2,5,2,5,10,5,3,11,23
2026,Criciúma,sofridos,28,25,3,2,3,1,6,4,5,1,9,16
2026,Athletic-MG,sofridos,29,31,1,5,3,2,5,7,4,4,11,20
2026,Botafogo-SP,sofridos,29,36,3,6,1,1,11,8,3,3,11,25
2026,América Mineiro,sofridos,29,49,4,3,8,2,6,10,12,4,17,32
2026,São Bernardo,sofridos,29,31,7,5,2,0,2,9,5,1,14,17
2026,Sport,sofridos,29,29,1,8,4,0,2,4,7,3,13,16
2026,Atlético Goianiense,sofridos,29,27,4,2,6,2,2,5,6,0,14,13
2026,Londrina,sofridos,28,39,5,5,8,3,3,6,4,5,21,18
2026,Vila Nova,sofridos,29,31,5,4,8,1,1,2,5,5,18,13
2026,Avaí,sofridos,28,36,1,4,8,4,5,5,5,4,17,19
2026,Ceará,sofridos,29,37,6,7,2,3,8,5,4,2,18,19
2026,Juventude,sofridos,29,19,0,4,3,3,2,2,3,2,10,9
2026,Cuiabá,sofridos,28,22,2,2,4,2,3,5,3,1,10,12
2026,Grêmio Novorizontino,sofridos,29,27,2,7,3,0,5,2,4,4,12,15
